timestamp,difficulty,mode,server,service,winner,reason,hits,duration_s,last_hitter,last_shot,score_kai_before,score_mina_before,sets_kai,sets_mina
2026-05-03T01:41:03,Club,singles,player,serve_lob,opponent,Faute filet,3,3.74,player,drop,0,0,0,0
2026-05-03T01:41:04,Club,singles,opponent,serve_short,player,Faute service,1,0.45,opponent,serve_short,0,1,0,0
2026-05-03T01:41:06,Club,singles,player,serve_short,opponent,Faute service,1,0.58,player,serve_short,1,1,0,0
2026-05-03T01:41:08,Club,singles,opponent,serve_short,player,Faute service,1,0.59,opponent,serve_short,1,2,0,0
2026-05-03T01:41:09,Club,singles,player,serve_short,opponent,Faute service,1,0.59,player,serve_short,2,2,0,0
2026-05-03T01:41:11,Club,singles,opponent,serve_short,player,Faute service,1,0.59,opponent,serve_short,2,3,0,0
2026-05-03T01:41:13,Club,singles,player,serve_short,opponent,Faute service,1,0.58,player,serve_short,3,3,0,0
2026-05-03T01:41:14,Club,singles,opponent,serve_short,player,Faute service,1,0.59,opponent,serve_short,3,4,0,0
2026-05-03T01:41:19,Club,singles,player,serve_lob,player,Faute dehors,2,3.24,opponent,drop,4,4,0,0
2026-05-03T01:41:20,Club,singles,player,serve_short,opponent,Faute service,1,0.59,player,serve_short,5,4,0,0
2026-05-03T01:41:22,Club,singles,opponent,serve_short,player,Faute service,1,0.58,opponent,serve_short,5,5,0,0
2026-05-03T01:41:26,Club,singles,player,serve_lob,player,Faute dehors,2,2.82,opponent,smash,6,5,0,0
2026-05-03T01:41:27,Club,singles,player,serve_short,opponent,Faute service,1,0.60,player,serve_short,7,5,0,0
2026-05-03T01:41:29,Club,singles,opponent,serve_short,player,Faute service,1,0.59,opponent,serve_short,7,6,0,0
2026-05-03T01:41:35,Club,singles,player,serve_lob,player,Faute dehors,4,5.31,opponent,smash,8,6,0,0
2026-05-03T01:41:37,Club,singles,player,serve_short,opponent,Faute service,1,0.60,player,serve_short,9,6,0,0
2026-05-03T01:41:39,Club,singles,opponent,serve_short,player,Faute service,1,0.58,opponent,serve_short,9,7,0,0
2026-05-03T01:41:40,Club,singles,player,serve_short,opponent,Faute service,1,0.59,player,serve_short,10,7,0,0
2026-05-03T01:41:46,Club,singles,opponent,serve_lob,opponent,Faute filet,4,3.96,player,smash,10,8,0,0
2026-05-03T01:41:47,Club,singles,opponent,serve_short,player,Faute service,1,0.60,opponent,serve_short,10,9,0,0
2026-05-03T01:41:49,Club,singles,player,serve_short,opponent,Faute service,1,0.58,player,serve_short,11,9,0,0
2026-05-03T01:41:53,Club,singles,opponent,serve_lob,player,Faute filet,3,2.84,opponent,drop,11,10,0,0
2026-05-03T01:41:55,Club,singles,player,serve_short,opponent,Faute service,1,0.59,player,serve_short,12,10,0,0
2026-05-03T01:41:56,Club,singles,opponent,serve_short,player,Faute service,1,0.59,opponent,serve_short,12,11,0,0
2026-05-03T01:42:00,Club,singles,player,serve_lob,opponent,Faute filet,3,2.92,player,drop,13,11,0,0
2026-05-03T01:42:07,Club,singles,opponent,serve_lob,opponent,Faute filet,6,5.01,player,drop,13,12,0,0
2026-05-03T01:42:08,Club,singles,opponent,serve_short,player,Faute service,1,0.58,opponent,serve_short,13,13,0,0
2026-05-03T01:42:10,Club,singles,player,serve_short,opponent,Faute service,1,0.58,player,serve_short,14,13,0,0
2026-05-03T01:42:12,Club,singles,opponent,serve_short,player,Faute service,1,0.59,opponent,serve_short,14,14,0,0
2026-05-03T01:42:13,Club,singles,player,serve_short,opponent,Faute service,1,0.58,player,serve_short,15,14,0,0
2026-05-03T01:42:19,Club,singles,opponent,serve_lob,player,Faute filet,5,4.59,opponent,smash,15,15,0,0
2026-05-03T01:42:21,Club,singles,player,serve_short,opponent,Faute service,1,0.60,player,serve_short,16,15,0,0
2026-05-03T01:42:22,Club,singles,opponent,serve_short,player,Faute service,1,0.58,opponent,serve_short,16,16,0,0
2026-05-03T01:42:24,Club,singles,player,serve_short,opponent,Faute service,1,0.57,player,serve_short,17,16,0,0
2026-05-03T01:42:33,Club,singles,opponent,serve_lob,opponent,Faute dehors,6,7.41,player,smash,17,17,0,0
2026-05-03T01:42:36,Club,singles,opponent,serve_lob,opponent,Faute filet,2,2.14,player,smash,17,18,0,0
2026-05-03T01:42:38,Club,singles,opponent,serve_short,player,Faute service,1,0.60,opponent,serve_short,17,19,0,0
2026-05-03T01:42:39,Club,singles,player,serve_short,opponent,Faute service,1,0.58,player,serve_short,18,19,0,0
2026-05-03T01:42:41,Club,singles,opponent,serve_drive,player,Faute service,1,0.52,opponent,serve_drive,18,20,0,0
2026-05-03T01:42:43,Club,singles,player,serve_short,opponent,Faute service,1,0.60,player,serve_short,19,20,0,0
2026-05-03T01:50:09,Club,singles,player,serve_lob,opponent,Faute filet,7,7.22,player,smash,0,0,0,0
2026-05-03T01:50:13,Club,singles,opponent,serve_short,player,Faute filet,5,3.49,opponent,drop,0,1,0,0
2026-05-03T01:50:21,Club,singles,player,serve_short,opponent,Faute dehors,7,7.13,player,drop,1,1,0,0
2026-05-03T01:50:24,Club,singles,opponent,serve_short,opponent,Faute filet,2,1.35,player,drive,1,2,0,0
2026-05-03T01:50:29,Club,singles,opponent,serve_short,opponent,Point,3,3.33,opponent,smash,1,3,0,0
2026-05-03T01:50:33,Club,singles,opponent,serve_short,opponent,Faute filet,4,2.87,player,drop,1,4,0,0
2026-05-03T01:50:39,Club,singles,opponent,serve_short,player,Point,6,4.75,player,drop,1,5,0,0
2026-05-03T01:50:42,Club,singles,player,serve_lob,opponent,Point,2,2.86,opponent,smash,2,5,0,0
2026-05-03T01:50:46,Club,singles,opponent,serve_short,opponent,Faute dehors,2,2.77,player,lob,2,6,0,0
2026-05-03T01:50:58,Club,singles,opponent,serve_short,player,Point,10,10.53,player,smash,2,7,0,0
2026-05-03T01:51:02,Club,singles,player,serve_short,opponent,Faute dehors,3,3.31,player,smash,3,7,0,0
2026-05-03T01:51:09,Club,singles,opponent,serve_lob,player,Faute dehors,5,5.60,opponent,smash,3,8,0,0
2026-05-03T01:51:12,Club,singles,player,serve_drive,opponent,Faute service,1,1.82,player,serve_drive,4,8,0,0
2026-05-03T01:51:19,Club,singles,opponent,serve_short,player,Faute dehors,5,5.46,opponent,drop,4,9,0,0
2026-05-03T01:51:23,Club,singles,player,serve_short,player,Faute dehors,2,2.77,opponent,lob,5,9,0,0
2026-05-03T01:51:27,Club,singles,player,serve_short,player,Faute dehors,4,3.86,opponent,smash,6,9,0,0
2026-05-03T01:51:36,Club,singles,player,serve_short,player,Faute dehors,8,8.05,opponent,drop,7,9,0,0
2026-05-03T01:51:39,Club,singles,player,serve_short,player,Faute filet,2,1.20,opponent,drop,8,9,0,0
2026-05-03T01:51:45,Club,singles,player,serve_short,player,Point,5,5.40,player,smash,9,9,0,0
2026-05-03T01:51:50,Club,singles,player,serve_short,player,Faute dehors,4,4.36,opponent,drop,10,9,0,0
2026-05-03T01:51:53,Club,singles,player,serve_drive,opponent,Faute service,1,1.82,player,serve_drive,11,9,0,0
2026-05-03T01:52:05,Club,singles,opponent,serve_short,player,Point,10,10.76,player,smash,11,10,0,0
2026-05-03T01:52:09,Club,singles,player,serve_short,opponent,Faute filet,3,2.77,player,drop,12,10,0,0
2026-05-03T01:52:25,Club,singles,opponent,serve_short,player,Faute dehors,15,14.65,opponent,drop,12,11,0,0
2026-05-03T01:52:35,Club,singles,player,serve_short,opponent,Point,8,8.70,opponent,smash,13,11,0,0
2026-05-03T01:52:38,Club,singles,opponent,serve_drive,player,Faute service,1,1.82,opponent,serve_drive,13,12,0,0
2026-05-03T01:52:49,Club,singles,player,serve_short,player,Faute dehors,10,10.91,opponent,smash,14,12,0,0
2026-05-03T01:52:53,Club,singles,player,serve_lob,player,Faute filet,2,2.16,opponent,smash,15,12,0,0
2026-05-03T01:52:59,Club,singles,player,serve_short,opponent,Point,6,5.61,opponent,smash,16,12,0,0
2026-05-03T01:53:13,Club,singles,opponent,serve_lob,opponent,Point,11,12.13,opponent,smash,16,13,0,0
2026-05-03T01:53:20,Club,singles,opponent,serve_short,player,Faute dehors,7,6.63,opponent,lob,16,14,0,0
2026-05-03T01:53:25,Club,singles,player,serve_short,opponent,Faute filet,5,3.66,player,lob,17,14,0,0
2026-05-03T01:53:37,Club,singles,opponent,serve_lob,player,Faute dehors,9,10.56,opponent,lob,17,15,0,0
2026-05-03T01:53:38,Club,singles,player,serve_short,opponent,Faute service,1,0.45,player,serve_short,18,15,0,0
2026-05-03T01:53:42,Club,singles,opponent,serve_short,player,Faute dehors,3,2.56,opponent,smash,18,16,0,0
2026-05-03T01:53:45,Club,singles,player,serve_drive,opponent,Faute service,1,1.82,player,serve_drive,19,16,0,0
2026-05-03T01:53:47,Club,singles,opponent,serve_short,player,Faute service,1,0.60,opponent,serve_short,19,17,0,0
2026-05-03T01:53:50,Club,singles,player,serve_drive,opponent,Faute service,1,1.82,player,serve_drive,20,17,0,0
2026-05-03T01:53:55,Club,singles,opponent,serve_short,player,Faute dehors,5,4.44,opponent,smash,20,18,0,0
2026-05-03T01:58:02,Club,singles,player,serve_lob,player,Faute dehors,4,5.15,opponent,lob,0,0,0,0
2026-05-03T01:58:18,Club,singles,player,serve_lob,opponent,Point,16,14.97,opponent,smash,1,0,0,0
2026-05-03T01:58:25,Club,singles,opponent,serve_short,player,Faute dehors,5,5.20,opponent,lob,1,1,0,0
2026-05-03T01:58:27,Club,singles,player,serve_short,player,Faute filet,2,1.15,opponent,drive,2,1,0,0
2026-05-03T01:58:34,Club,singles,player,serve_short,opponent,Point,6,6.22,opponent,drop,3,1,0,0
2026-05-03T01:58:36,Club,singles,opponent,serve_short,player,Faute service,1,0.62,opponent,serve_short,3,2,0,0
2026-05-03T01:58:40,Club,singles,player,serve_short,player,Faute filet,4,3.14,opponent,lob,4,2,0,0
2026-05-03T01:58:44,Club,singles,player,serve_lob,opponent,Faute dehors,3,3.08,player,smash,5,2,0,0
2026-05-03T01:58:56,Club,singles,opponent,serve_short,player,Point,10,9.29,player,drop,5,3,0,0
2026-05-03T01:59:00,Club,singles,player,serve_lob,opponent,Faute filet,3,3.14,player,drop,6,3,0,0
2026-05-03T01:59:06,Club,singles,opponent,serve_short,player,Faute dehors,3,3.59,opponent,smash,6,4,0,0
2026-05-03T01:59:10,Club,singles,player,serve_short,opponent,Faute filet,5,4.04,player,lob,7,4,0,0
2026-05-03T01:59:15,Club,singles,opponent,serve_drive,opponent,Faute filet,4,3.44,player,drop,7,5,0,0
2026-05-03T01:59:19,Club,singles,opponent,serve_short,opponent,Point,1,1.67,opponent,serve_short,7,6,0,0
2026-05-03T01:59:25,Club,singles,opponent,serve_short,player,Point,4,4.34,player,drop,7,7,0,0
2026-05-03T01:59:31,Club,singles,player,serve_lob,opponent,Faute filet,5,4.93,player,drop,8,7,0,0
2026-05-03T01:59:37,Club,singles,opponent,serve_short,player,Faute dehors,3,3.61,opponent,lob,8,8,0,0
2026-05-03T01:59:41,Club,singles,player,serve_short,opponent,Point,2,2.16,opponent,drive,9,8,0,0
2026-05-03T01:59:44,Club,singles,opponent,serve_drive,opponent,Point,1,1.62,opponent,serve_drive,9,9,0,0
2026-05-03T01:59:54,Club,singles,opponent,serve_drive,opponent,Point,9,8.81,opponent,drop,9,10,0,0
2026-05-03T01:59:59,Club,singles,opponent,serve_lob,opponent,Point,3,4.04,opponent,drop,9,11,0,0
2026-05-03T02:00:03,Club,singles,opponent,serve_drive,player,Faute filet,3,2.51,opponent,lob,9,12,0,0
2026-05-03T02:00:06,Club,singles,player,serve_lob,player,Faute filet,2,2.17,opponent,smash,10,12,0,0
2026-05-03T02:00:18,Club,singles,player,serve_short,player,Faute filet,10,9.39,opponent,smash,11,12,0,0
2026-05-03T02:00:24,Club,singles,player,serve_lob,player,Faute dehors,4,5.21,opponent,smash,12,12,0,0
2026-05-03T02:00:31,Club,singles,player,serve_lob,opponent,Point,4,4.39,opponent,lob,13,12,0,0
2026-05-03T02:00:39,Club,singles,opponent,serve_short,opponent,Point,7,6.55,opponent,lob,13,13,0,0
2026-05-03T02:00:44,Club,singles,opponent,serve_short,opponent,Faute filet,4,3.44,player,drop,13,14,0,0
2026-05-03T02:00:59,Club,singles,opponent,serve_lob,player,Point,14,13.53,player,smash,13,15,0,0
2026-05-03T02:01:05,Club,singles,player,serve_lob,player,Point,5,5.80,player,smash,14,15,0,0
2026-05-03T02:01:10,Club,singles,player,serve_lob,opponent,Point,2,3.09,opponent,drop,15,15,0,0
2026-05-03T02:01:16,Club,singles,opponent,serve_lob,opponent,Point,5,5.38,opponent,drop,15,16,0,0
2026-05-03T02:01:21,Club,singles,opponent,serve_lob,opponent,Point,3,3.98,opponent,smash,15,17,0,0
2026-05-03T02:01:26,Club,singles,opponent,serve_lob,player,Faute filet,3,2.76,opponent,smash,15,18,0,0
2026-05-03T02:01:42,Club,singles,player,serve_lob,player,Faute filet,16,14.75,opponent,drop,16,18,0,0
2026-05-03T02:01:50,Club,singles,player,serve_lob,player,Point,5,5.00,player,smash,17,18,0,0
2026-05-03T02:01:55,Club,singles,player,serve_lob,player,Faute dehors,2,3.81,opponent,lob,18,18,0,0
2026-05-03T02:01:59,Club,singles,player,serve_lob,player,Faute dehors,2,3.61,opponent,lob,19,18,0,0
2026-05-03T02:02:04,Club,singles,player,serve_lob,player,Faute dehors,2,3.59,opponent,lob,20,18,0,0
2026-05-03T12:34:58,Club,singles,player,serve_lob,player,Faute filet,6,4.85,opponent,drop,0,0,0,0
2026-05-03T12:35:01,Club,singles,player,serve_short,opponent,Point,2,2.11,opponent,drive,1,0,0,0
2026-05-03T12:35:08,Club,singles,opponent,serve_short,player,Point,6,5.57,player,smash,1,1,0,0
2026-05-03T12:35:13,Club,singles,player,serve_short,player,Faute dehors,4,3.45,opponent,smash,2,1,0,0
2026-05-03T12:35:18,Club,singles,player,serve_short,opponent,Faute filet,7,5.23,player,drop,3,1,0,0
2026-05-03T12:35:25,Club,singles,opponent,serve_lob,opponent,Faute filet,8,5.70,player,drop,3,2,0,0
2026-05-03T12:35:28,Club,singles,opponent,serve_short,opponent,Point,1,1.67,opponent,serve_short,3,3,0,0
2026-05-03T12:35:31,Club,singles,opponent,serve_short,opponent,Point,1,1.65,opponent,serve_short,3,4,0,0
2026-05-03T12:35:42,Club,singles,opponent,serve_short,player,Faute dehors,13,9.96,opponent,smash,3,5,0,0
2026-05-03T12:35:48,Club,singles,player,serve_short,opponent,Point,6,5.68,opponent,drop,4,5,0,0
2026-05-03T12:35:51,Club,singles,opponent,serve_drive,opponent,Point,1,1.62,opponent,serve_drive,4,6,0,0
2026-05-03T12:35:54,Club,singles,opponent,serve_short,opponent,Point,1,1.67,opponent,serve_short,4,7,0,0
2026-05-03T12:35:58,Club,singles,opponent,serve_lob,opponent,Point,1,2.47,opponent,serve_lob,4,8,0,0
2026-05-03T12:36:00,Club,singles,opponent,serve_short,opponent,Point,1,1.67,opponent,serve_short,4,9,0,0
2026-05-03T12:36:03,Club,singles,opponent,serve_short,opponent,Point,1,1.67,opponent,serve_short,4,10,0,0
2026-05-03T12:36:07,Club,singles,opponent,serve_lob,opponent,Point,1,2.47,opponent,serve_lob,4,11,0,0
2026-05-03T12:36:11,Club,singles,opponent,serve_lob,opponent,Point,1,2.47,opponent,serve_lob,4,12,0,0
2026-05-03T12:36:14,Club,singles,opponent,serve_short,opponent,Point,1,1.67,opponent,serve_short,4,13,0,0
2026-05-03T12:36:16,Club,singles,opponent,serve_short,opponent,Point,1,1.69,opponent,serve_short,4,14,0,0
2026-05-03T12:36:19,Club,singles,opponent,serve_short,opponent,Point,1,1.69,opponent,serve_short,4,15,0,0
2026-05-03T12:36:23,Club,singles,opponent,serve_lob,opponent,Point,1,2.47,opponent,serve_lob,4,16,0,0
2026-05-03T12:36:26,Club,singles,opponent,serve_drive,opponent,Point,1,1.60,opponent,serve_drive,4,17,0,0
2026-05-03T12:36:30,Club,singles,opponent,serve_lob,opponent,Point,1,2.49,opponent,serve_lob,4,18,0,0
2026-05-03T12:36:32,Club,singles,opponent,serve_short,opponent,Point,1,1.67,opponent,serve_short,4,19,0,0
2026-05-03T12:36:35,Club,singles,opponent,serve_short,opponent,Point,1,1.67,opponent,serve_short,4,20,0,0
2026-05-03T12:37:03,Club,singles,player,serve_lob,opponent,Point,2,3.29,opponent,drop,0,0,0,0
2026-05-03T12:37:06,Club,singles,opponent,serve_short,player,Faute filet,3,2.02,opponent,lob,0,1,0,0
2026-05-03T12:37:11,Club,singles,player,serve_lob,opponent,Faute dehors,3,4.24,player,smash,1,1,0,0
2026-05-03T12:37:15,Club,singles,opponent,serve_short,player,Faute filet,3,2.11,opponent,lob,1,2,0,0
2026-05-03T12:37:18,Club,singles,player,serve_short,player,Point,3,2.74,player,smash,2,2,0,0
2026-05-03T12:37:24,Club,singles,player,serve_short,opponent,Point,2,2.17,opponent,drive,3,2,0,0
2026-05-03T12:37:28,Club,singles,opponent,serve_short,opponent,Point,3,3.49,opponent,smash,3,3,0,0
2026-05-03T12:37:39,Club,singles,opponent,serve_drive,opponent,Faute filet,12,9.48,player,drop,3,4,0,0
2026-05-03T12:37:44,Club,singles,opponent,serve_short,opponent,Faute dehors,4,3.51,player,smash,3,5,0,0
2026-05-03T12:37:47,Club,singles,opponent,serve_lob,opponent,Faute dehors,2,2.32,player,smash,3,6,0,0
2026-05-03T12:37:53,Club,singles,opponent,serve_lob,opponent,Point,3,3.08,opponent,smash,3,7,0,0
2026-05-03T12:37:56,Club,singles,opponent,serve_short,player,Faute filet,3,1.94,opponent,drop,3,8,0,0
2026-05-03T12:38:03,Club,singles,player,serve_short,player,Faute dehors,8,6.88,opponent,lob,4,8,0,0
2026-05-03T12:38:06,Club,singles,player,serve_short,opponent,Faute filet,3,2.31,player,drop,5,8,0,0
2026-05-03T12:38:10,Club,singles,opponent,serve_lob,opponent,Faute dehors,2,2.74,player,smash,5,9,0,0
2026-05-03T12:38:14,Club,singles,opponent,serve_drive,player,Faute filet,3,2.16,opponent,lob,5,10,0,0
2026-05-03T12:38:22,Club,singles,player,serve_short,opponent,Point,8,6.22,opponent,drop,6,10,0,0
2026-05-03T12:38:26,Club,singles,opponent,serve_lob,opponent,Point,1,2.46,opponent,serve_lob,6,11,0,0
2026-05-03T12:38:29,Club,singles,opponent,serve_short,opponent,Point,1,1.67,opponent,serve_short,6,12,0,0
2026-05-03T12:38:31,Club,singles,opponent,serve_short,opponent,Point,1,1.69,opponent,serve_short,6,13,0,0
2026-05-03T12:38:35,Club,singles,opponent,serve_lob,opponent,Point,1,2.49,opponent,serve_lob,6,14,0,0
2026-05-03T12:38:38,Club,singles,opponent,serve_drive,opponent,Point,1,1.62,opponent,serve_drive,6,15,0,0
2026-05-03T12:38:41,Club,singles,opponent,serve_drive,opponent,Point,1,1.62,opponent,serve_drive,6,16,0,0
2026-05-03T12:38:44,Club,singles,opponent,serve_lob,opponent,Point,1,2.47,opponent,serve_lob,6,17,0,0
2026-05-03T12:38:47,Club,singles,opponent,serve_drive,opponent,Point,1,1.62,opponent,serve_drive,6,18,0,0
2026-05-03T12:38:51,Club,singles,opponent,serve_lob,opponent,Point,1,2.47,opponent,serve_lob,6,19,0,0
2026-05-03T12:38:55,Club,singles,opponent,serve_lob,opponent,Point,1,2.49,opponent,serve_lob,6,20,0,0
2026-05-03T12:40:52,Club,singles,player,serve_lob,player,Faute filet,2,2.34,opponent,drop,0,0,0,0
2026-05-03T12:41:00,Club,singles,player,serve_short,opponent,Faute dehors,9,6.88,player,smash,1,0,0,0
2026-05-03T12:41:03,Club,singles,opponent,serve_drive,opponent,Point,1,1.62,opponent,serve_drive,1,1,0,0
2026-05-03T12:41:06,Club,singles,opponent,serve_drive,player,Faute filet,3,2.14,opponent,lob,1,2,0,0
2026-05-03T12:41:13,Club,singles,player,serve_short,opponent,Faute filet,7,5.38,player,drop,2,2,0,0
2026-05-03T12:41:21,Club,singles,opponent,serve_drive,player,Point,8,6.48,player,smash,2,3,0,0
2026-05-03T12:41:26,Club,singles,player,serve_drive,opponent,Point,4,4.06,opponent,smash,3,3,0,0
2026-05-03T12:41:30,Club,singles,opponent,serve_lob,opponent,Point,3,3.17,opponent,smash,3,4,0,0
2026-05-03T12:41:37,Club,singles,opponent,serve_lob,player,Faute dehors,5,4.65,opponent,smash,3,5,0,0
2026-05-03T12:41:39,Club,singles,player,serve_short,player,Faute dehors,2,2.16,opponent,drive,4,5,0,0
2026-05-03T12:41:45,Club,singles,player,serve_short,opponent,Point,6,5.46,opponent,lob,5,5,0,0
2026-05-03T12:41:48,Club,singles,opponent,serve_short,opponent,Faute filet,2,1.77,player,drop,5,6,0,0
2026-05-03T12:41:54,Club,singles,opponent,serve_lob,opponent,Point,5,4.73,opponent,drop,5,7,0,0
2026-05-03T12:41:59,Club,singles,opponent,serve_lob,opponent,Faute filet,4,3.61,player,drop,5,8,0,0
2026-05-03T12:42:04,Club,singles,opponent,serve_lob,opponent,Point,3,3.78,opponent,lob,5,9,0,0
2026-05-03T12:42:07,Club,singles,opponent,serve_short,opponent,Point,1,1.67,opponent,serve_short,5,10,0,0
2026-05-03T12:42:10,Club,singles,opponent,serve_lob,opponent,Point,1,2.46,opponent,serve_lob,5,11,0,0
2026-05-03T12:42:16,Club,singles,opponent,serve_short,opponent,Faute dehors,2,1.85,player,smash,5,12,0,0
2026-05-03T12:42:20,Club,singles,opponent,serve_drive,opponent,Point,1,1.62,opponent,serve_drive,5,13,0,0
2026-05-03T12:42:23,Club,singles,opponent,serve_short,opponent,Point,3,2.20,opponent,smash,5,14,0,0
2026-05-03T12:42:26,Club,singles,opponent,serve_short,player,Faute service,1,1.67,opponent,serve_short,5,15,0,0
2026-05-03T12:43:07,Club,singles,player,serve_lob,opponent,Point,2,3.10,opponent,drop,6,15,0,0
2026-05-03T12:43:12,Club,singles,opponent,serve_lob,opponent,Point,3,3.49,opponent,drop,6,16,0,0
2026-05-03T12:43:15,Club,singles,opponent,serve_short,opponent,Point,1,1.67,opponent,serve_short,6,17,0,0
2026-05-03T12:43:18,Club,singles,opponent,serve_short,opponent,Point,1,1.69,opponent,serve_short,6,18,0,0
2026-05-03T12:43:21,Club,singles,opponent,serve_lob,opponent,Point,1,2.47,opponent,serve_lob,6,19,0,0
2026-05-03T12:43:24,Club,singles,opponent,serve_drive,opponent,Point,1,1.62,opponent,serve_drive,6,20,0,0
2026-05-03T12:44:28,Club,singles,player,serve_lob,opponent,Point,16,14.86,opponent,drop,0,0,0,0
2026-05-03T12:44:33,Club,singles,opponent,serve_short,opponent,Faute filet,6,3.99,player,drop,0,1,0,0
2026-05-03T12:44:39,Club,singles,opponent,serve_lob,opponent,Point,3,4.03,opponent,lob,0,2,0,0
2026-05-03T12:44:42,Club,singles,opponent,serve_drive,opponent,Point,1,1.62,opponent,serve_drive,0,3,0,0
2026-05-03T12:44:48,Club,singles,opponent,serve_short,opponent,Faute filet,6,4.49,player,drop,0,4,0,0
2026-05-03T12:44:53,Club,singles,opponent,serve_short,player,Point,4,3.89,player,smash,0,5,0,0
2026-05-03T12:45:00,Club,singles,player,serve_short,opponent,Point,6,5.35,opponent,lob,1,5,0,0
2026-05-03T12:45:04,Club,singles,opponent,serve_short,player,Faute filet,3,1.91,opponent,lob,1,6,0,0
2026-05-03T12:47:33,Elite,singles,player,serve_lob,player,Point,9,10.89,player,drop,2,6,0,0
2026-05-03T12:47:54,Elite,singles,player,serve_lob,player,Point,19,20.80,player,smash,3,6,0,0
2026-05-03T12:48:01,Loisir,singles,player,serve_short,opponent,Faute dehors,5,5.48,player,drop,4,6,0,0
2026-05-03T12:48:06,Club,singles,opponent,serve_short,player,Faute dehors,3,3.61,opponent,lob,4,7,0,0
2026-05-03T12:48:11,Club,singles,player,serve_short,player,Faute dehors,4,4.36,opponent,lob,5,7,0,0
2026-05-03T12:48:20,Club,singles,player,serve_short,opponent,Point,8,7.95,opponent,drop,6,7,0,0
2026-05-03T12:48:38,Elite,singles,opponent,serve_lob,opponent,Point,17,15.95,opponent,smash,6,8,0,0
2026-05-03T12:48:43,Elite,singles,opponent,serve_short,opponent,Point,5,4.04,opponent,smash,6,9,0,0
2026-05-03T12:48:57,Elite,singles,opponent,serve_short,opponent,Faute dehors,14,12.59,player,drop,6,10,0,0
2026-05-03T12:49:03,Elite,singles,opponent,serve_short,player,Faute filet,7,5.13,opponent,drop,6,11,0,0
2026-05-03T12:49:07,Elite,singles,player,serve_short,player,Point,3,3.34,player,smash,7,11,0,0
2026-05-03T12:49:12,Elite,singles,player,serve_short,player,Point,3,3.29,player,smash,8,11,0,0
2026-05-03T12:49:15,Elite,singles,player,serve_lob,player,Faute dehors,2,2.86,opponent,smash,9,11,0,0
2026-05-03T12:49:37,Elite,singles,player,serve_short,opponent,Point,22,20.84,opponent,smash,10,11,0,0
2026-05-03T12:49:51,Elite,singles,opponent,serve_lob,player,Point,12,12.45,player,smash,10,12,0,0
2026-05-03T12:50:11,Elite,singles,player,serve_short,opponent,Faute dehors,21,18.90,player,smash,11,12,0,0
2026-05-03T12:50:30,Elite,singles,opponent,serve_short,opponent,Point,19,17.60,opponent,smash,11,13,0,0
2026-05-03T12:50:34,Elite,singles,opponent,serve_short,player,Point,4,3.00,player,smash,11,14,0,0
2026-05-03T12:50:51,Elite,singles,player,serve_short,player,Faute filet,18,16.66,opponent,smash,12,14,0,0
2026-05-03T12:50:57,Elite,singles,player,serve_short,player,Faute dehors,4,4.64,opponent,lob,13,14,0,0
2026-05-03T12:51:02,Elite,singles,player,serve_lob,player,Point,3,3.54,player,smash,14,14,0,0
2026-05-03T12:51:19,Elite,singles,player,serve_lob,opponent,Point,14,16.30,opponent,smash,15,14,0,0
2026-05-03T12:51:24,Elite,singles,opponent,serve_short,opponent,Faute dehors,4,4.16,player,smash,15,15,0,0
2026-05-03T12:51:31,Elite,singles,opponent,serve_lob,opponent,Faute dehors,4,5.66,player,drop,15,16,0,0
2026-05-03T12:51:34,Elite,singles,opponent,serve_lob,opponent,Faute filet,2,2.12,player,smash,15,17,0,0
2026-05-03T12:51:42,Elite,singles,opponent,serve_lob,opponent,Faute filet,6,5.91,player,drop,15,18,0,0
2026-05-03T12:51:43,Elite,singles,opponent,serve_short,player,Faute service,1,0.59,opponent,serve_short,15,19,0,0
2026-05-03T12:51:49,Elite,singles,player,serve_short,player,Faute filet,6,4.76,opponent,drop,16,19,0,0
2026-05-03T12:51:55,Elite,singles,player,serve_lob,player,Faute dehors,4,4.89,opponent,smash,17,19,0,0
2026-05-03T12:52:00,Elite,singles,player,serve_lob,player,Point,3,4.14,player,smash,18,19,0,0
2026-05-03T12:52:07,Elite,singles,player,serve_short,opponent,Faute dehors,5,5.53,player,smash,19,19,0,0
2026-05-03T12:52:25,Elite,singles,opponent,serve_lob,player,Point,18,17.31,player,smash,19,20,0,0
2026-05-03T12:52:41,Elite,singles,player,serve_drive,player,Faute dehors,16,14.80,opponent,smash,20,20,0,0
2026-05-03T12:52:44,Elite,singles,player,serve_drive,player,Faute dehors,2,2.04,opponent,smash,21,20,0,0
2026-05-03T12:54:46,Club,singles,player,serve_lob,opponent,Point,2,2.89,opponent,smash,0,0,0,0
2026-05-03T12:54:49,Club,singles,opponent,serve_drive,opponent,Point,1,1.62,opponent,serve_drive,0,1,0,0
2026-05-03T12:54:53,Club,singles,opponent,serve_lob,opponent,Point,1,2.47,opponent,serve_lob,0,2,0,0
2026-05-03T12:54:57,Club,singles,opponent,serve_lob,opponent,Point,1,2.47,opponent,serve_lob,0,3,0,0
2026-05-03T12:54:59,Club,singles,opponent,serve_short,opponent,Point,1,1.67,opponent,serve_short,0,4,0,0
2026-05-03T12:55:03,Club,singles,opponent,serve_lob,opponent,Point,1,2.47,opponent,serve_lob,0,5,0,0
2026-05-03T12:55:06,Club,singles,opponent,serve_short,opponent,Point,1,1.67,opponent,serve_short,0,6,0,0
2026-05-03T12:55:09,Club,singles,opponent,serve_short,opponent,Point,1,1.67,opponent,serve_short,0,7,0,0
2026-05-03T12:55:12,Club,singles,opponent,serve_short,opponent,Point,1,1.67,opponent,serve_short,0,8,0,0
2026-05-03T12:55:15,Club,singles,opponent,serve_short,opponent,Point,1,1.65,opponent,serve_short,0,9,0,0
2026-05-03T12:55:17,Club,singles,opponent,serve_drive,opponent,Point,1,1.62,opponent,serve_drive,0,10,0,0
2026-05-03T12:55:23,Elite,singles,opponent,serve_short,player,Point,4,3.49,player,smash,0,11,0,0
2026-05-03T12:55:38,Elite,singles,player,serve_short,player,Point,15,13.70,player,smash,1,11,0,0
2026-05-03T12:55:41,Elite,singles,player,serve_lob,opponent,Point,2,2.88,opponent,smash,2,11,0,0
2026-05-03T12:55:46,Elite,singles,opponent,serve_drive,player,Faute dehors,3,3.29,opponent,smash,2,12,0,0
2026-05-03T12:56:12,Elite,singles,player,serve_short,opponent,Point,24,24.96,opponent,smash,3,12,0,0
2026-05-03T12:56:34,Elite,singles,opponent,serve_lob,player,Point,20,21.05,player,drop,3,13,0,0
2026-05-03T12:56:42,Elite,singles,player,serve_drive,player,Point,7,6.84,player,smash,4,13,0,0
2026-05-03T12:56:50,Elite,singles,player,serve_lob,player,Faute dehors,6,7.47,opponent,smash,5,13,0,0
2026-05-03T12:56:57,Elite,singles,player,serve_lob,opponent,Point,4,5.13,opponent,lob,6,13,0,0
2026-05-03T12:57:01,Elite,singles,opponent,serve_short,player,Faute filet,3,2.91,opponent,drop,6,14,0,0
2026-05-03T12:57:06,Loisir,singles,player,serve_lob,opponent,Point,4,4.31,opponent,drop,7,14,0,0
2026-05-03T12:57:12,Loisir,singles,opponent,serve_short,opponent,Point,5,4.60,opponent,smash,7,15,0,0
2026-05-03T12:57:16,Loisir,singles,opponent,serve_short,player,Faute dehors,3,3.06,opponent,drop,7,16,0,0
2026-05-03T12:57:23,Loisir,singles,player,serve_short,player,Point,7,5.60,player,smash,8,16,0,0
2026-05-03T12:57:27,Club,singles,player,serve_drive,opponent,Faute dehors,3,3.28,player,smash,9,16,0,0
2026-05-03T12:57:32,Club,singles,opponent,serve_short,player,Faute filet,5,3.46,opponent,drop,9,17,0,0
2026-05-03T12:57:35,Elite,singles,player,serve_lob,opponent,Point,2,2.86,opponent,smash,10,17,0,0
2026-05-03T12:57:42,Elite,singles,opponent,serve_short,opponent,Faute dehors,4,4.96,player,drop,10,18,0,0
2026-05-03T12:57:53,Elite,singles,opponent,serve_drive,player,Faute dehors,9,9.77,opponent,drop,10,19,0,0
2026-05-03T12:57:59,Elite,singles,player,serve_short,opponent,Point,6,5.63,opponent,smash,11,19,0,0
2026-05-03T12:58:29,Elite,singles,opponent,serve_lob,player,Faute dehors,27,28.10,opponent,lob,11,20,0,0
2026-05-03T12:58:36,Elite,singles,player,serve_drive,opponent,Faute dehors,5,5.33,player,smash,12,20,0,0
2026-05-03T12:58:51,Elite,singles,opponent,serve_lob,opponent,Faute dehors,4,5.36,player,smash,0,0,0,1
2026-05-03T12:58:57,Elite,singles,opponent,serve_lob,player,Point,4,5.11,player,smash,0,1,0,1
2026-05-03T12:59:08,Elite,singles,player,serve_lob,player,Point,9,10.29,player,smash,1,1,0,1
2026-05-03T12:59:31,Elite,singles,player,serve_lob,opponent,Faute filet,23,21.87,player,smash,2,1,0,1
2026-05-03T12:59:48,Elite,singles,opponent,serve_short,opponent,Point,17,15.62,opponent,smash,2,2,0,1
2026-05-03T13:00:14,Elite,singles,opponent,serve_short,player,Point,24,25.36,player,smash,2,3,0,1
2026-05-03T13:00:18,Elite,singles,player,serve_lob,opponent,Point,2,2.87,opponent,smash,3,3,0,1
2026-05-03T13:00:26,Elite,singles,opponent,serve_lob,opponent,Faute dehors,6,6.64,player,smash,3,4,0,1
2026-05-03T13:00:34,Elite,singles,opponent,serve_short,player,Faute dehors,7,6.30,opponent,smash,3,5,0,1
2026-05-03T13:00:40,Elite,singles,player,serve_short,opponent,Faute dehors,5,5.00,player,drop,4,5,0,1
2026-05-03T13:00:44,Elite,singles,opponent,serve_lob,player,Faute dehors,3,3.51,opponent,smash,4,6,0,1
2026-05-03T13:00:57,Elite,singles,player,serve_short,player,Point,11,11.18,player,smash,5,6,0,1
2026-05-03T13:01:03,Elite,singles,player,serve_short,opponent,Faute dehors,5,5.13,player,lob,6,6,0,1
2026-05-03T13:01:14,Elite,singles,opponent,serve_short,opponent,Faute filet,10,9.94,player,smash,6,7,0,1
2026-05-03T13:01:17,Elite,singles,opponent,serve_short,player,Point,2,2.21,player,drive,6,8,0,1
2026-05-03T13:01:34,Club,singles,player,serve_lob,opponent,Point,2,3.31,opponent,drop,0,0,0,0
2026-05-03T13:01:36,Club,singles,opponent,serve_short,player,Faute service,1,1.67,opponent,serve_short,0,1,0,0
2026-05-03T13:01:40,Club,singles,player,serve_lob,opponent,Point,2,2.89,opponent,smash,1,1,0,0
2026-05-03T13:01:43,Club,singles,opponent,serve_short,opponent,Point,1,1.67,opponent,serve_short,1,2,0,0
2026-05-03T13:01:45,Club,singles,opponent,serve_short,opponent,Point,1,1.66,opponent,serve_short,1,3,0,0
2026-05-03T13:01:48,Club,singles,opponent,serve_short,opponent,Point,1,1.67,opponent,serve_short,1,4,0,0
2026-05-03T13:02:01,Elite,singles,opponent,serve_short,player,Point,10,11.16,player,smash,1,5,0,0
2026-05-03T13:02:13,Elite,singles,player,serve_short,player,Faute dehors,12,11.73,opponent,smash,2,5,0,0
2026-05-03T13:02:18,Elite,singles,player,serve_lob,player,Point,3,4.14,player,smash,3,5,0,0
2026-05-03T13:02:27,Elite,singles,player,serve_drive,opponent,Faute filet,9,7.78,player,drop,4,5,0,0
2026-05-03T13:02:39,Elite,singles,opponent,serve_short,opponent,Faute filet,10,10.14,player,smash,4,6,0,0
2026-05-03T13:02:45,Elite,singles,opponent,serve_lob,opponent,Faute filet,6,5.45,player,drop,4,7,0,0
2026-05-03T13:02:53,Elite,singles,opponent,serve_drive,opponent,Faute dehors,6,6.59,player,smash,4,8,0,0
2026-05-03T13:03:07,Elite,singles,opponent,serve_lob,opponent,Point,11,12.53,opponent,smash,4,9,0,0
2026-05-03T13:03:26,Elite,singles,opponent,serve_short,player,Faute dehors,15,17.71,opponent,lob,4,10,0,0
2026-05-03T13:03:30,Elite,singles,player,serve_lob,player,Faute dehors,2,2.89,opponent,smash,5,10,0,0
2026-05-03T13:03:36,Elite,singles,player,serve_short,opponent,Faute dehors,5,5.46,player,smash,6,10,0,0
2026-05-03T13:03:41,Elite,singles,opponent,serve_short,opponent,Point,3,3.34,opponent,smash,6,11,0,0
2026-05-03T13:03:49,Elite,singles,opponent,serve_short,player,Faute dehors,7,7.41,opponent,drop,6,12,0,0
2026-05-03T13:03:58,Elite,singles,player,serve_lob,opponent,Faute dehors,7,7.59,player,smash,7,12,0,0
2026-05-03T13:04:05,Elite,singles,opponent,serve_short,player,Faute dehors,5,5.73,opponent,drop,7,13,0,0
2026-05-03T13:04:21,Elite,singles,player,serve_short,player,Faute dehors,16,15.50,opponent,smash,8,13,0,0
2026-05-03T13:04:27,Elite,singles,player,serve_drive,opponent,Point,4,4.56,opponent,smash,9,13,0,0
2026-05-03T13:04:31,Elite,singles,opponent,serve_lob,player,Faute dehors,3,3.52,opponent,smash,9,14,0,0
2026-05-03T13:04:46,Elite,singles,player,serve_short,player,Point,13,13.02,player,smash,10,14,0,0
2026-05-03T13:04:49,Elite,singles,player,serve_lob,opponent,Faute filet,3,2.70,player,smash,11,14,0,0
2026-05-03T13:04:52,Elite,singles,opponent,serve_short,opponent,Faute filet,2,1.30,player,drop,11,15,0,0
2026-05-03T13:05:02,Elite,singles,opponent,serve_lob,player,Point,8,9.37,player,drop,11,16,0,0
2026-05-03T13:05:13,Elite,singles,player,serve_short,opponent,Faute dehors,9,9.43,player,drop,12,16,0,0
2026-05-03T13:05:25,Elite,singles,opponent,serve_lob,player,Faute filet,11,11.09,opponent,drop,12,17,0,0
2026-05-03T13:05:27,Elite,singles,player,serve_drive,opponent,Faute service,1,0.52,player,serve_drive,13,17,0,0
2026-05-03T13:05:43,Elite,singles,opponent,serve_drive,player,Faute dehors,15,15.13,opponent,smash,13,18,0,0
2026-05-03T13:05:48,Elite,singles,player,serve_lob,opponent,Faute dehors,3,4.31,player,drop,14,18,0,0
2026-05-03T13:05:54,Elite,singles,opponent,serve_short,opponent,Faute dehors,4,4.54,player,lob,14,19,0,0
2026-05-03T13:06:02,Elite,singles,opponent,serve_lob,opponent,Faute dehors,6,7.18,player,lob,14,20,0,0
2026-05-03T13:16:54,Elite,singles,player,serve_lob,player,Faute dehors,4,5.38,opponent,smash,0,0,0,0
2026-05-03T13:17:03,Elite,singles,player,serve_lob,player,Point,7,8.17,player,lob,1,0,0,0
2026-05-03T13:17:24,Elite,singles,player,serve_short,opponent,Faute dehors,19,19.88,player,smash,2,0,0,0
2026-05-03T13:17:40,Elite,singles,opponent,serve_lob,player,Point,14,14.41,player,drop,2,1,0,0
2026-05-03T13:17:43,Elite,singles,player,serve_lob,opponent,Point,2,2.86,opponent,smash,3,1,0,0
2026-05-03T13:17:47,Elite,singles,opponent,serve_short,player,Point,2,2.26,player,drop,3,2,0,0
2026-05-03T13:17:56,Elite,singles,player,serve_short,opponent,Faute dehors,7,7.83,player,lob,4,2,0,0
2026-05-03T13:18:04,Elite,singles,opponent,serve_short,opponent,Faute filet,8,6.86,player,drop,4,3,0,0
2026-05-03T13:18:08,Elite,singles,opponent,serve_lob,opponent,Faute dehors,2,2.86,player,smash,4,4,0,0
2026-05-03T13:18:10,Elite,singles,opponent,serve_short,opponent,Faute filet,2,1.30,player,drop,4,5,0,0
2026-05-03T13:18:18,Elite,singles,opponent,serve_lob,player,Faute filet,8,6.00,player,drop,4,6,0,0
2026-05-03T13:18:48,Elite,singles,player,serve_lob,opponent,Faute dehors,27,29.54,player,smash,5,6,0,0
2026-05-03T13:19:02,Club,singles,player,serve_lob,opponent,Point,2,2.88,opponent,smash,0,0,0,0
2026-05-03T13:19:06,Club,singles,opponent,serve_short,opponent,Point,3,3.42,opponent,drop,0,1,0,0
2026-05-03T13:19:10,Club,singles,opponent,serve_lob,opponent,Point,1,2.44,opponent,serve_lob,0,2,0,0
2026-05-03T13:19:14,Club,singles,opponent,serve_lob,opponent,Point,1,2.27,opponent,serve_lob,0,3,0,0
2026-05-03T13:19:16,Club,singles,opponent,serve_short,opponent,Point,1,1.69,opponent,serve_short,0,4,0,0
2026-05-03T13:19:20,Club,singles,opponent,serve_lob,opponent,Point,1,2.47,opponent,serve_lob,0,5,0,0
2026-05-03T13:19:23,Club,singles,opponent,serve_short,opponent,Point,1,1.67,opponent,serve_short,0,6,0,0
2026-05-03T13:19:26,Club,singles,opponent,serve_short,opponent,Point,1,1.69,opponent,serve_short,0,7,0,0
2026-05-03T13:19:30,Club,singles,opponent,serve_lob,opponent,Point,1,2.47,opponent,serve_lob,0,8,0,0
2026-05-03T13:19:33,Club,singles,opponent,serve_lob,opponent,Point,1,2.47,opponent,serve_lob,0,9,0,0
2026-05-03T13:19:36,Club,singles,opponent,serve_short,opponent,Point,1,1.67,opponent,serve_short,0,10,0,0
2026-05-03T13:19:39,Club,singles,opponent,serve_short,opponent,Point,1,1.67,opponent,serve_short,0,11,0,0
2026-05-03T13:19:42,Club,singles,opponent,serve_drive,opponent,Point,1,1.62,opponent,serve_drive,0,12,0,0
2026-05-03T13:19:45,Club,singles,opponent,serve_short,opponent,Point,1,1.67,opponent,serve_short,0,13,0,0
2026-05-03T13:19:48,Club,singles,opponent,serve_short,opponent,Point,1,1.69,opponent,serve_short,0,14,0,0
2026-05-03T13:19:50,Club,singles,opponent,serve_short,opponent,Point,1,1.67,opponent,serve_short,0,15,0,0
2026-05-03T13:19:53,Club,singles,opponent,serve_short,opponent,Point,1,1.67,opponent,serve_short,0,16,0,0
2026-05-03T13:19:59,Club,singles,opponent,serve_short,opponent,Point,1,1.67,opponent,serve_short,0,18,0,0
2026-05-03T13:20:02,Club,singles,opponent,serve_drive,opponent,Point,1,1.64,opponent,serve_drive,0,19,0,0
2026-05-03T13:20:05,Club,singles,opponent,serve_lob,opponent,Point,1,2.49,opponent,serve_lob,0,20,0,0
2026-05-03T13:20:30,Elite,singles,opponent,serve_short,player,Faute dehors,15,14.69,opponent,smash,0,0,0,1
2026-05-03T13:20:44,Elite,singles,player,serve_short,opponent,Point,12,12.51,opponent,smash,1,0,0,1
2026-05-03T13:20:57,Club,singles,player,serve_lob,opponent,Point,2,2.84,opponent,smash,0,0,0,0
2026-05-03T13:21:02,Club,singles,opponent,serve_lob,opponent,Point,1,2.47,opponent,serve_lob,0,1,0,0
2026-05-03T13:21:06,Club,singles,opponent,serve_short,opponent,Point,3,3.49,opponent,smash,0,2,0,0
2026-05-03T13:21:09,Club,singles,opponent,serve_lob,opponent,Point,1,2.47,opponent,serve_lob,0,3,0,0
2026-05-03T13:21:12,Club,singles,opponent,serve_short,opponent,Point,1,1.67,opponent,serve_short,0,4,0,0
2026-05-03T13:21:18,Elite,singles,opponent,serve_short,player,Faute filet,5,4.28,opponent,smash,0,5,0,0
2026-05-03T13:21:29,Elite,singles,player,serve_drive,opponent,Faute filet,11,10.58,player,drop,1,5,0,0
2026-05-03T13:21:40,Elite,singles,opponent,serve_lob,player,Faute dehors,7,8.95,opponent,lob,1,6,0,0
2026-05-03T13:21:54,Elite,singles,player,serve_short,opponent,Faute dehors,15,13.22,player,smash,2,6,0,0
2026-05-03T13:22:02,Elite,singles,opponent,serve_drive,opponent,Faute dehors,8,7.17,player,smash,2,7,0,0
2026-05-03T13:22:06,Elite,singles,opponent,serve_short,player,Faute dehors,3,3.02,opponent,smash,2,8,0,0
2026-05-03T13:22:26,Elite,singles,player,serve_short,opponent,Point,20,18.58,opponent,smash,3,8,0,0
2026-05-03T13:22:31,Elite,singles,opponent,serve_short,opponent,Point,5,3.71,opponent,smash,3,9,0,0
2026-05-03T13:22:44,Elite,singles,opponent,serve_lob,player,Faute dehors,11,12.15,opponent,smash,3,10,0,0
2026-05-03T13:22:47,Elite,singles,player,serve_drive,player,Faute dehors,2,2.01,opponent,smash,4,10,0,0
2026-05-03T13:22:59,Elite,singles,player,serve_short,opponent,Faute filet,13,11.25,player,smash,5,10,0,0
2026-05-03T13:23:12,Elite,singles,opponent,serve_short,opponent,Point,11,11.29,opponent,smash,5,11,0,0
2026-05-03T13:23:38,Elite,singles,opponent,serve_lob,opponent,Faute filet,28,25.43,player,drop,5,12,0,0
2026-05-03T13:23:50,Elite,singles,opponent,serve_short,player,Faute filet,11,10.17,opponent,smash,5,13,0,0
2026-05-03T13:24:01,Elite,singles,player,serve_short,opponent,Faute filet,11,9.97,player,smash,6,13,0,0
2026-05-03T13:24:08,Elite,singles,opponent,serve_lob,opponent,Point,7,6.49,opponent,smash,6,14,0,0
2026-05-03T13:24:30,Elite,singles,opponent,serve_lob,player,Point,22,20.77,player,smash,6,15,0,0
2026-05-03T13:24:33,Elite,singles,player,serve_short,opponent,Faute filet,3,1.92,player,drop,7,15,0,0
2026-05-03T13:24:45,Elite,singles,opponent,serve_lob,opponent,Faute dehors,8,10.27,player,smash,7,16,0,0
2026-05-03T13:25:03,Elite,singles,opponent,serve_short,player,Faute dehors,17,16.81,opponent,smash,7,17,0,0
2026-05-03T13:25:09,Elite,singles,player,serve_short,player,Point,5,5.28,player,smash,8,17,0,0
2026-05-03T13:25:28,Elite,singles,player,serve_lob,opponent,Faute dehors,17,18.00,player,smash,9,17,0,0
2026-05-03T13:25:39,Elite,singles,player,serve_lob,opponent,Point,2,3.31,opponent,drop,0,0,0,0
2026-05-03T13:25:47,Elite,singles,opponent,serve_lob,player,Point,6,6.25,player,smash,0,1,0,0
2026-05-03T13:25:52,Elite,singles,player,serve_lob,opponent,Faute dehors,3,4.13,player,smash,1,1,0,0
2026-05-03T13:25:58,Elite,singles,opponent,serve_drive,player,Faute filet,5,4.48,opponent,drop,1,2,0,0
2026-05-03T13:26:13,Elite,singles,player,serve_lob,opponent,Point,14,14.77,opponent,smash,2,2,0,0
2026-05-03T13:26:27,Elite,singles,opponent,serve_drive,player,Point,12,12.70,player,smash,2,3,0,0
2026-05-03T13:26:38,Elite,singles,player,serve_short,opponent,Point,10,9.57,opponent,smash,3,3,0,0
2026-05-03T13:26:52,Elite,singles,opponent,serve_lob,player,Faute dehors,13,13.28,opponent,smash,3,4,0,0
2026-05-03T13:27:02,Elite,singles,player,serve_short,opponent,Faute dehors,9,8.76,player,smash,4,4,0,0
2026-05-03T13:27:08,Elite,singles,opponent,serve_short,player,Faute dehors,5,5.18,opponent,smash,4,5,0,0
2026-05-03T13:27:15,Elite,singles,player,serve_short,player,Point,5,5.86,player,drop,5,5,0,0
2026-05-03T13:27:25,Elite,singles,player,serve_short,player,Faute dehors,8,8.34,opponent,smash,6,5,0,0
2026-05-03T13:27:29,Elite,singles,player,serve_short,opponent,Faute dehors,3,3.69,player,lob,7,5,0,0
2026-05-03T13:27:39,Elite,singles,opponent,serve_lob,opponent,Faute dehors,8,8.87,player,drop,7,6,0,0
2026-05-03T13:27:58,Elite,singles,opponent,serve_lob,player,Point,16,17.23,player,smash,7,7,0,0
2026-05-03T13:28:04,Elite,singles,player,serve_drive,opponent,Point,6,5.13,opponent,smash,8,7,0,0
2026-05-03T13:28:12,Elite,singles,opponent,serve_drive,opponent,Faute dehors,6,6.94,player,drop,8,8,0,0
2026-05-03T13:28:26,Elite,singles,opponent,serve_short,player,Faute dehors,11,12.60,opponent,lob,8,9,0,0
2026-05-03T13:28:30,Elite,singles,player,serve_lob,opponent,Point,2,2.86,opponent,smash,9,9,0,0
2026-05-03T13:28:47,Elite,singles,opponent,serve_short,player,Faute dehors,15,15.99,opponent,lob,9,10,0,0
2026-05-03T13:28:55,Elite,singles,player,serve_short,opponent,Point,8,6.97,opponent,smash,10,10,0,0
2026-05-03T13:29:08,Elite,singles,opponent,serve_short,opponent,Point,11,11.44,opponent,smash,10,11,0,0
2026-05-03T13:29:12,Elite,singles,opponent,serve_short,player,Faute filet,5,3.19,opponent,drop,10,12,0,0
2026-05-03T13:29:22,Elite,singles,player,serve_short,player,Faute filet,12,9.42,opponent,drop,11,12,0,0
2026-05-03T13:29:46,Elite,singles,player,serve_drive,opponent,Faute dehors,21,22.64,player,smash,12,12,0,0
2026-05-03T13:30:00,Elite,singles,opponent,serve_drive,player,Faute dehors,13,13.08,opponent,drop,12,13,0,0
2026-05-03T13:30:15,Elite,singles,player,serve_short,player,Faute filet,16,13.95,opponent,drop,13,13,0,0
2026-05-03T13:30:21,Elite,singles,player,serve_short,player,Point,5,4.73,player,smash,14,13,0,0
2026-05-03T13:30:29,Elite,singles,player,serve_lob,player,Faute dehors,6,6.65,opponent,smash,15,13,0,0
2026-05-03T13:30:33,Elite,singles,player,serve_lob,player,Faute dehors,2,2.87,opponent,smash,16,13,0,0
2026-05-03T13:30:40,Elite,singles,player,serve_short,player,Point,7,6.93,player,smash,17,13,0,0
2026-05-03T13:30:45,Elite,singles,player,serve_lob,opponent,Faute filet,3,3.57,player,drop,18,13,0,0
2026-05-03T13:30:51,Elite,singles,opponent,serve_short,player,Faute filet,5,4.58,opponent,drop,18,14,0,0
2026-05-03T13:31:08,Elite,singles,player,serve_short,player,Point,17,16.48,player,smash,19,14,0,0
2026-05-03T13:31:16,Elite,singles,player,serve_short,opponent,Faute dehors,7,6.80,player,drop,20,14,0,0
2026-05-03T13:31:21,Elite,singles,opponent,serve_drive,player,Faute dehors,3,3.29,opponent,smash,20,15,0,0
2026-05-03T13:41:10,Club,singles,player,serve_lob,opponent,Point,2,2.84,opponent,smash,0,0,0,0
2026-05-03T13:41:13,Club,singles,opponent,serve_short,opponent,Point,1,1.69,opponent,serve_short,0,1,0,0
2026-05-03T13:41:17,Club,singles,opponent,serve_short,opponent,Point,1,1.66,opponent,serve_short,0,2,0,0
2026-05-03T13:41:20,Club,singles,opponent,serve_drive,opponent,Point,1,1.62,opponent,serve_drive,0,3,0,0
2026-05-03T13:41:21,Club,singles,opponent,serve_drive,player,Faute service,1,0.52,opponent,serve_drive,0,4,0,0
2026-05-03T13:41:24,Club,singles,player,serve_lob,opponent,Point,2,2.87,opponent,smash,1,4,0,0
2026-05-03T13:41:28,Club,singles,opponent,serve_drive,opponent,Point,1,1.64,opponent,serve_drive,1,5,0,0
2026-05-03T13:41:32,Club,singles,opponent,serve_short,opponent,Point,3,3.43,opponent,smash,1,6,0,0
2026-05-03T13:41:34,Club,singles,opponent,serve_short,player,Faute service,1,0.60,opponent,serve_short,1,7,0,0
2026-05-03T13:43:43,Club,singles,player,serve_lob,player,Faute dehors,2,2.86,opponent,smash,0,0,0,0
2026-05-03T13:43:47,Club,singles,player,serve_lob,opponent,Point,2,3.61,opponent,lob,1,0,0,0
2026-05-03T13:43:50,Club,singles,opponent,serve_short,opponent,Point,1,1.65,opponent,serve_short,1,1,0,0
2026-05-03T13:43:53,Club,singles,opponent,serve_short,opponent,Point,1,1.65,opponent,serve_short,1,2,0,0
2026-05-03T13:43:57,Club,singles,opponent,serve_lob,opponent,Point,1,2.47,opponent,serve_lob,1,3,0,0
2026-05-03T13:44:01,Club,singles,opponent,serve_lob,opponent,Point,1,2.49,opponent,serve_lob,1,4,0,0
2026-05-03T13:44:03,Club,singles,opponent,serve_short,player,Faute service,1,0.60,opponent,serve_short,1,5,0,0
2026-05-03T13:44:13,Club,singles,player,serve_lob,opponent,Point,2,3.27,opponent,drop,2,5,0,0
2026-05-03T13:44:16,Club,singles,opponent,serve_short,opponent,Point,1,1.67,opponent,serve_short,2,6,0,0
2026-05-03T13:44:20,Club,singles,opponent,serve_lob,opponent,Point,1,2.47,opponent,serve_lob,2,7,0,0
2026-05-03T13:44:23,Club,singles,opponent,serve_lob,opponent,Point,1,2.47,opponent,serve_lob,2,8,0,0
2026-05-03T13:44:26,Club,singles,opponent,serve_short,opponent,Point,1,1.65,opponent,serve_short,2,9,0,0
2026-05-03T13:44:29,Club,singles,opponent,serve_drive,opponent,Point,1,1.62,opponent,serve_drive,2,10,0,0
2026-05-03T13:44:32,Club,singles,opponent,serve_short,opponent,Point,1,1.69,opponent,serve_short,2,11,0,0
2026-05-03T13:44:35,Club,singles,opponent,serve_lob,opponent,Point,1,2.47,opponent,serve_lob,2,12,0,0
2026-05-03T13:44:38,Club,singles,opponent,serve_short,opponent,Point,1,1.65,opponent,serve_short,2,13,0,0
2026-05-03T13:44:42,Club,singles,opponent,serve_lob,opponent,Point,1,2.43,opponent,serve_lob,2,14,0,0
2026-05-03T13:44:45,Club,singles,opponent,serve_short,opponent,Point,1,1.67,opponent,serve_short,2,15,0,0
2026-05-03T13:44:49,Club,singles,opponent,serve_lob,opponent,Point,1,2.49,opponent,serve_lob,2,16,0,0
2026-05-03T13:44:52,Club,singles,opponent,serve_lob,opponent,Point,1,2.48,opponent,serve_lob,2,17,0,0
2026-05-03T13:44:56,Club,singles,opponent,serve_lob,opponent,Point,1,2.47,opponent,serve_lob,2,18,0,0
2026-05-03T13:44:59,Club,singles,opponent,serve_short,opponent,Point,1,1.67,opponent,serve_short,2,19,0,0
2026-05-03T13:45:02,Club,singles,opponent,serve_short,player,Faute service,1,1.69,opponent,serve_short,2,20,0,0
2026-05-03T13:49:40,Club,singles,player,serve_lob,opponent,Point,2,3.68,opponent,lob,3,20,0,0
2026-05-03T13:49:51,Club,singles,opponent,serve_lob,player,Faute dehors,3,3.98,opponent,drop,0,0,0,1
2026-05-03T13:49:57,Club,singles,player,serve_short,opponent,Faute filet,5,4.49,player,drop,1,0,0,1
2026-05-03T13:50:12,Club,singles,opponent,serve_lob,player,Faute filet,15,14.60,opponent,drop,1,1,0,1
2026-05-03T13:50:18,Club,singles,player,serve_short,opponent,Faute dehors,5,4.63,player,smash,2,1,0,1
2026-05-03T13:50:22,Club,singles,opponent,serve_short,opponent,Faute dehors,2,2.77,player,lob,2,2,0,1
2026-05-03T13:50:32,Club,singles,opponent,serve_lob,opponent,Faute dehors,8,9.17,player,lob,2,3,0,1
2026-05-03T13:50:38,Club,singles,opponent,serve_short,player,Faute dehors,3,4.01,opponent,lob,2,4,0,1
2026-05-03T13:50:46,Club,singles,player,serve_lob,opponent,Faute filet,8,7.01,opponent,smash,3,4,0,1
2026-05-03T13:51:04,Club,singles,opponent,serve_short,opponent,Faute dehors,18,16.83,player,lob,3,5,0,1
2026-05-03T13:51:08,Club,singles,opponent,serve_lob,opponent,Faute dehors,2,2.87,player,smash,3,6,0,1
2026-05-03T13:51:12,Club,singles,opponent,serve_short,player,Faute dehors,3,3.13,opponent,drop,3,7,0,1
2026-05-03T13:51:16,Club,singles,player,serve_drive,opponent,Faute filet,3,2.57,player,smash,4,7,0,1
2026-05-03T13:51:25,Club,singles,opponent,serve_lob,player,Point,8,8.33,player,drop,4,8,0,1
2026-05-03T13:51:27,Club,singles,player,serve_short,player,Faute filet,2,1.29,opponent,drop,5,8,0,1
2026-05-03T13:51:33,Club,singles,player,serve_short,opponent,Point,6,4.98,opponent,smash,6,8,0,1
2026-05-03T13:51:43,Club,singles,opponent,serve_short,opponent,Point,9,7.93,opponent,smash,6,9,0,1
2026-05-03T13:51:47,Club,singles,opponent,serve_drive,player,Faute filet,5,3.55,opponent,smash,6,10,0,1
2026-05-03T13:51:55,Club,singles,player,serve_drive,opponent,Faute dehors,7,6.34,player,smash,7,10,0,1
2026-05-03T13:51:59,Club,singles,opponent,serve_short,player,Faute dehors,3,3.32,opponent,smash,7,11,0,1
2026-05-03T13:52:06,Club,singles,player,serve_lob,opponent,Point,6,6.04,opponent,smash,8,11,0,1
2026-05-03T13:52:18,Club,singles,opponent,serve_lob,player,Faute filet,11,11.04,opponent,smash,8,12,0,1
2026-05-03T13:52:24,Club,singles,player,serve_short,player,Faute dehors,4,4.45,opponent,lob,9,12,0,1
2026-05-03T13:52:31,Club,singles,player,serve_short,opponent,Faute dehors,5,5.98,player,lob,10,12,0,1
2026-05-03T13:52:44,Club,singles,opponent,serve_short,player,Faute dehors,11,12.03,opponent,smash,10,13,0,1
2026-05-03T13:52:59,Club,singles,player,serve_lob,opponent,Faute filet,15,13.55,player,lob,11,13,0,1
2026-05-03T13:53:09,Club,singles,opponent,serve_lob,opponent,Point,9,9.42,opponent,smash,11,14,0,1
2026-05-03T13:53:14,Club,singles,opponent,serve_short,opponent,Point,5,3.69,opponent,smash,11,15,0,1
2026-05-03T13:53:34,Club,singles,opponent,serve_short,opponent,Faute dehors,18,18.48,player,smash,11,16,0,1
2026-05-03T13:53:51,Club,singles,opponent,serve_short,player,Faute dehors,15,15.66,opponent,smash,11,17,0,1
2026-05-03T13:53:54,Club,singles,player,serve_short,player,Faute dehors,2,2.34,opponent,drop,12,17,0,1
2026-05-03T13:54:00,Club,singles,player,serve_short,player,Point,5,4.89,player,smash,13,17,0,1
2026-05-03T13:54:07,Club,singles,player,serve_short,player,Faute dehors,6,5.75,opponent,smash,14,17,0,1
2026-05-03T13:54:16,Club,singles,player,serve_lob,player,Point,7,8.57,player,smash,15,17,0,1
2026-05-03T13:54:23,Club,singles,player,serve_short,player,Point,5,5.40,player,smash,16,17,0,1
2026-05-03T13:54:27,Club,singles,player,serve_lob,player,Faute filet,4,3.53,opponent,lob,17,17,0,1
2026-05-03T13:54:29,Club,singles,player,serve_short,opponent,Faute service,1,0.47,player,serve_short,18,17,0,1
2026-05-03T13:54:34,Club,singles,opponent,serve_drive,player,Faute filet,5,4.51,opponent,smash,18,18,0,1
2026-05-03T13:54:41,Club,singles,player,serve_lob,opponent,Point,4,5.43,opponent,smash,19,18,0,1
2026-05-03T13:54:48,Club,singles,opponent,serve_short,opponent,Faute filet,6,5.60,player,smash,19,19,0,1
2026-05-03T13:54:52,Club,singles,opponent,serve_lob,opponent,Faute filet,4,3.42,player,drop,19,20,0,1
2026-05-03T13:56:16,Elite,singles,player,serve_lob,player,Faute dehors,12,13.99,opponent,drop,0,0,0,0
2026-05-03T13:56:55,Elite,singles,player,serve_lob,opponent,Faute dehors,37,38.06,player,smash,1,0,0,0
2026-05-03T13:57:06,Elite,singles,opponent,serve_short,player,Point,10,10.29,player,drop,1,1,0,0
2026-05-03T13:57:25,Elite,singles,player,serve_drive,opponent,Faute dehors,19,17.84,player,lob,2,1,0,0
2026-05-03T13:57:37,Elite,singles,opponent,serve_short,opponent,Faute dehors,12,10.81,player,smash,2,2,0,0
2026-05-03T13:57:40,Elite,singles,opponent,serve_short,player,Point,2,2.17,player,drive,2,3,0,0
2026-05-03T13:57:53,Elite,singles,player,serve_short,player,Point,11,11.68,player,drop,3,3,0,0
2026-05-03T13:58:02,Elite,singles,player,serve_drive,opponent,Faute filet,9,7.82,player,smash,4,3,0,0
2026-05-03T13:58:06,Elite,singles,opponent,serve_short,opponent,Point,3,3.30,opponent,smash,4,4,0,0
2026-05-03T13:58:11,Elite,singles,opponent,serve_lob,opponent,Faute dehors,2,3.29,player,drop,4,5,0,0
2026-05-03T13:58:44,Club,singles,player,serve_lob,opponent,Point,2,3.70,opponent,lob,0,0,0,0
2026-05-03T13:59:03,Club,singles,opponent,serve_drive,player,Faute dehors,15,16.02,opponent,smash,0,1,0,0
2026-05-03T13:59:05,Club,singles,player,serve_short,player,Faute filet,2,1.19,opponent,drop,1,1,0,0
2026-05-03T13:59:07,Club,singles,player,serve_short,player,Faute filet,2,1.37,opponent,drop,2,1,0,0
2026-05-03T13:59:15,Club,singles,player,serve_drive,opponent,Faute dehors,7,6.62,player,lob,3,1,0,0
2026-05-03T13:59:22,Club,singles,opponent,serve_lob,opponent,Faute filet,6,5.98,player,smash,3,2,0,0
2026-05-03T13:59:32,Club,singles,opponent,serve_lob,player,Faute dehors,7,8.20,opponent,smash,3,3,0,0
2026-05-03T13:59:37,Club,singles,player,serve_lob,opponent,Faute dehors,3,4.83,player,lob,4,3,0,0
2026-05-03T13:59:48,Club,singles,opponent,serve_short,opponent,Point,9,8.95,opponent,smash,4,4,0,0
2026-05-03T13:59:55,Club,singles,opponent,serve_lob,opponent,Faute filet,6,5.85,player,lob,4,5,0,0
2026-05-03T14:00:03,Club,singles,opponent,serve_short,player,Faute filet,7,6.75,opponent,drop,4,6,0,0
2026-05-03T14:00:06,Club,singles,player,serve_short,opponent,Point,2,2.17,opponent,drive,5,6,0,0
2026-05-03T14:00:17,Club,singles,opponent,serve_drive,opponent,Faute dehors,10,9.45,player,smash,5,7,0,0
2026-05-03T14:00:32,Club,singles,opponent,serve_short,opponent,Faute dehors,14,13.84,player,lob,5,8,0,0
2026-05-03T14:00:42,Club,singles,opponent,serve_lob,player,Point,8,8.73,player,smash,5,9,0,0
2026-05-03T14:00:47,Club,singles,player,serve_short,opponent,Faute filet,5,3.86,player,smash,6,9,0,0
2026-05-03T14:00:53,Club,singles,opponent,serve_lob,player,Faute filet,5,5.44,opponent,drop,6,10,0,0
2026-05-03T14:00:56,Club,singles,player,serve_short,player,Faute dehors,2,2.16,opponent,drive,7,10,0,0
2026-05-03T14:01:04,Club,singles,player,serve_short,player,Point,7,6.55,player,smash,8,10,0,0
2026-05-03T14:01:06,Club,singles,player,serve_drive,player,Faute filet,2,1.37,opponent,drop,9,10,0,0
2026-05-03T14:01:16,Club,singles,player,serve_short,opponent,Faute filet,11,8.44,player,drop,10,10,0,0
2026-05-03T14:01:34,Club,singles,opponent,serve_lob,opponent,Point,17,16.64,opponent,smash,10,11,0,0
2026-05-03T14:01:43,Club,singles,opponent,serve_short,opponent,Faute dehors,10,8.56,player,smash,10,12,0,0
2026-05-03T14:01:56,Club,singles,player,serve_lob,opponent,Point,2,3.60,opponent,lob,0,0,0,0
2026-05-03T14:01:59,Club,singles,opponent,serve_short,opponent,Point,1,1.67,opponent,serve_short,0,1,0,0
2026-05-03T14:02:01,Club,singles,opponent,serve_short,player,Faute service,1,0.45,opponent,serve_short,0,2,0,0
2026-05-03T14:02:20,Club,singles,player,serve_short,opponent,Point,20,18.71,opponent,smash,1,2,0,0
2026-05-03T14:02:24,Club,singles,opponent,serve_short,opponent,Faute dehors,2,2.33,player,drop,1,3,0,0
2026-05-03T14:02:34,Club,singles,opponent,serve_lob,player,Point,8,8.47,player,drop,1,4,0,0
2026-05-03T14:02:38,Club,singles,player,serve_short,opponent,Faute dehors,3,3.29,player,smash,2,4,0,0
2026-05-03T14:02:45,Club,singles,opponent,serve_lob,player,Faute dehors,5,6.03,opponent,smash,2,5,0,0
2026-05-03T14:02:49,Club,singles,player,serve_short,player,Faute filet,4,2.89,opponent,smash,3,5,0,0
2026-05-03T14:02:58,Club,singles,player,serve_lob,opponent,Point,8,8.22,opponent,smash,4,5,0,0
2026-05-03T14:03:12,Club,singles,opponent,serve_short,player,Faute filet,13,12.05,opponent,drop,4,6,0,0
2026-05-03T14:03:17,Club,singles,player,serve_lob,opponent,Faute dehors,3,4.16,player,smash,5,6,0,0
2026-05-03T14:03:26,Club,singles,opponent,serve_lob,player,Faute dehors,7,8.24,opponent,drop,5,7,0,0
2026-05-03T14:03:34,Club,singles,player,serve_drive,player,Faute filet,8,6.94,opponent,smash,6,7,0,0
2026-05-03T14:03:53,Club,singles,player,serve_drive,opponent,Faute dehors,19,17.71,player,smash,7,7,0,0
2026-05-03T14:04:02,Club,singles,opponent,serve_short,player,Point,8,7.73,player,smash,7,8,0,0
2026-05-03T14:04:07,Club,singles,player,serve_short,opponent,Point,4,4.54,opponent,smash,8,8,0,0
2026-05-03T14:04:10,Club,singles,opponent,serve_short,opponent,Faute filet,2,1.16,player,drive,8,9,0,0
2026-05-03T14:04:28,Club,singles,opponent,serve_short,opponent,Faute dehors,20,17.33,player,smash,8,10,0,0
2026-05-03T14:04:33,Club,singles,opponent,serve_short,player,Faute dehors,3,3.30,opponent,lob,8,11,0,0
2026-05-03T14:04:42,Club,singles,player,serve_lob,player,Faute filet,8,7.94,opponent,drop,9,11,0,0
2026-05-03T14:04:57,Club,singles,player,serve_lob,opponent,Faute dehors,11,14.22,player,lob,10,11,0,0
2026-05-03T14:05:02,Club,singles,opponent,serve_short,opponent,Faute dehors,4,3.49,player,drop,10,12,0,0
2026-05-03T14:05:28,Elite,singles,player,serve_lob,player,Point,19,17.52,player,smash,0,0,0,0
2026-05-03T14:05:48,Elite,singles,player,serve_short,opponent,Faute dehors,19,18.63,player,smash,1,0,0,0
2026-05-03T14:05:51,Elite,singles,opponent,serve_short,opponent,Faute dehors,2,2.16,player,drive,1,1,0,0
2026-05-03T14:05:59,Elite,singles,opponent,serve_short,opponent,Faute dehors,6,6.51,player,lob,1,2,0,0
2026-05-03T14:06:21,Elite,singles,opponent,serve_lob,player,Point,20,20.84,player,smash,1,3,0,0
2026-05-03T14:06:31,Elite,singles,player,serve_lob,opponent,Faute filet,7,8.30,player,smash,2,3,0,0
2026-05-03T14:06:35,Elite,singles,opponent,serve_lob,player,Faute filet,3,3.47,opponent,drop,2,4,0,0
2026-05-03T14:06:41,Elite,singles,player,serve_lob,player,Point,5,5.21,player,smash,3,4,0,0
2026-05-03T14:06:59,Club,singles,player,serve_lob,opponent,Point,2,2.86,opponent,smash,0,0,0,0
2026-05-03T14:07:02,Club,singles,opponent,serve_short,opponent,Point,1,1.67,opponent,serve_short,0,1,0,0
2026-05-03T14:07:04,Club,singles,opponent,serve_drive,opponent,Point,1,1.62,opponent,serve_drive,0,2,0,0
2026-05-03T14:07:07,Club,singles,opponent,serve_short,opponent,Point,1,1.67,opponent,serve_short,0,3,0,0
2026-05-03T14:07:10,Club,singles,opponent,serve_short,opponent,Point,1,1.67,opponent,serve_short,0,4,0,0
2026-05-03T14:07:15,Club,singles,opponent,serve_short,opponent,Point,3,4.11,opponent,lob,0,5,0,0
2026-05-03T14:07:19,Club,singles,opponent,serve_lob,opponent,Point,1,2.47,opponent,serve_lob,0,6,0,0
2026-05-03T14:07:22,Club,singles,opponent,serve_short,opponent,Point,1,1.67,opponent,serve_short,0,7,0,0
2026-05-03T14:07:25,Club,singles,opponent,serve_short,opponent,Point,1,1.67,opponent,serve_short,0,8,0,0
2026-05-03T14:07:28,Club,singles,opponent,serve_short,opponent,Point,1,1.67,opponent,serve_short,0,9,0,0
2026-05-03T14:07:39,Elite,singles,opponent,serve_short,player,Faute filet,11,10.16,opponent,drop,0,10,0,0
2026-05-03T14:07:43,Elite,singles,player,serve_lob,player,Faute dehors,2,3.59,opponent,lob,1,10,0,0
2026-05-03T14:07:49,Elite,singles,player,serve_short,player,Faute dehors,4,4.54,opponent,smash,2,10,0,0
2026-05-03T14:07:54,Elite,singles,player,serve_short,player,Faute dehors,4,3.79,opponent,smash,3,10,0,0
2026-05-03T14:07:59,Elite,singles,player,serve_drive,opponent,Faute dehors,3,4.01,player,lob,4,10,0,0
2026-05-03T14:08:00,Elite,singles,opponent,serve_short,player,Faute service,1,0.45,opponent,serve_short,4,11,0,0
2026-05-03T14:08:10,Elite,singles,player,serve_drive,opponent,Faute dehors,11,8.49,player,smash,5,11,0,0
2026-05-03T14:08:29,Elite,singles,opponent,serve_drive,player,Faute filet,19,17.94,opponent,lob,5,12,0,0
2026-05-03T14:08:42,Elite,singles,player,serve_lob,player,Faute filet,10,11.68,opponent,drop,6,12,0,0
2026-05-03T14:08:51,Elite,singles,player,serve_short,opponent,Point,8,8.04,opponent,drop,7,12,0,0
2026-05-03T14:08:58,Elite,singles,opponent,serve_lob,player,Faute dehors,7,6.63,opponent,smash,7,13,0,0
2026-05-03T14:09:12,Elite,singles,player,serve_short,opponent,Faute dehors,13,12.93,player,smash,8,13,0,0
2026-05-03T14:09:18,Elite,singles,opponent,serve_short,opponent,Point,5,4.36,opponent,smash,8,14,0,0
2026-05-03T14:09:26,Elite,singles,opponent,serve_short,opponent,Faute dehors,8,7.05,player,smash,8,15,0,0
2026-05-03T14:09:33,Elite,singles,opponent,serve_lob,opponent,Faute dehors,4,6.07,player,lob,8,16,0,0
2026-05-03T14:09:47,Elite,singles,opponent,serve_short,player,Point,14,12.22,player,smash,8,17,0,0
2026-05-03T14:09:51,Elite,singles,player,serve_lob,player,Faute dehors,2,2.81,opponent,smash,9,17,0,0
2026-05-03T14:09:55,Elite,singles,player,serve_short,opponent,Faute dehors,3,3.31,player,smash,10,17,0,0
2026-05-03T14:09:59,Elite,singles,opponent,serve_short,player,Faute filet,3,2.56,opponent,smash,10,18,0,0
2026-05-03T14:10:13,Elite,singles,player,serve_lob,player,Faute dehors,12,13.03,opponent,lob,11,18,0,0
2026-05-03T14:10:18,Elite,singles,player,serve_short,player,Point,5,4.53,player,drop,12,18,0,0
2026-05-03T14:10:33,Elite,singles,player,serve_lob,opponent,Faute dehors,11,13.53,player,lob,13,18,0,0
2026-05-03T14:10:44,Elite,singles,opponent,serve_lob,player,Faute filet,11,9.56,opponent,smash,13,19,0,0
2026-05-03T14:10:51,Elite,singles,player,serve_short,opponent,Point,6,6.16,opponent,smash,14,19,0,0
2026-05-03T14:10:59,Elite,singles,opponent,serve_short,player,Faute dehors,7,6.89,opponent,smash,14,20,0,0
2026-05-03T14:11:07,Elite,singles,player,serve_lob,opponent,Point,6,6.72,opponent,smash,15,20,0,0
2026-05-03T14:12:50,Elite,singles,opponent,serve_short,opponent,Point,23,20.77,opponent,smash,0,0,0,1
2026-05-03T14:13:01,Elite,singles,opponent,serve_drive,player,Point,10,10.55,player,drop,0,1,0,1
2026-05-03T14:13:09,Elite,singles,player,serve_lob,opponent,Faute dehors,5,6.62,player,smash,1,1,0,1
2026-05-03T14:13:16,Elite,singles,opponent,serve_short,player,Point,6,6.27,player,drop,1,2,0,1
2026-05-03T14:13:20,Elite,singles,player,serve_short,opponent,Faute dehors,3,2.54,player,smash,2,2,0,1
2026-05-03T14:13:29,Elite,singles,opponent,serve_lob,player,Faute filet,7,7.92,opponent,smash,2,3,0,1
2026-05-03T14:13:34,Elite,singles,player,serve_lob,opponent,Point,4,4.06,opponent,smash,3,3,0,1
2026-05-03T14:13:42,Elite,singles,opponent,serve_short,opponent,Point,7,6.28,opponent,smash,3,4,0,1
2026-05-03T14:13:49,Elite,singles,opponent,serve_short,player,Point,6,6.23,player,smash,3,5,0,1
2026-05-03T14:13:53,Elite,singles,player,serve_short,player,Faute dehors,2,2.78,opponent,lob,4,5,0,1
2026-05-03T14:14:05,Club,singles,player,serve_lob,player,Faute filet,2,2.31,opponent,drop,0,0,0,0
2026-05-03T14:14:11,Club,singles,player,serve_lob,opponent,Point,2,3.30,opponent,drop,1,0,0,0
2026-05-03T14:14:14,Club,singles,opponent,serve_short,opponent,Point,1,1.65,opponent,serve_short,1,1,0,0
2026-05-03T14:14:17,Club,singles,opponent,serve_short,opponent,Point,1,1.67,opponent,serve_short,1,2,0,0
2026-05-03T14:14:20,Club,singles,opponent,serve_drive,opponent,Point,1,1.63,opponent,serve_drive,1,3,0,0
2026-05-03T14:14:27,Club,singles,opponent,serve_drive,opponent,Faute dehors,6,6.02,player,drop,1,4,0,0
2026-05-03T14:14:47,Club,singles,opponent,serve_lob,player,Point,20,19.28,player,drop,1,5,0,0
2026-05-03T14:14:52,Club,singles,player,serve_lob,player,Point,3,3.84,player,drop,2,5,0,0
2026-05-03T14:14:56,Club,singles,player,serve_short,opponent,Faute dehors,3,2.93,player,drop,3,5,0,0
2026-05-03T14:15:09,Club,singles,opponent,serve_lob,player,Faute dehors,13,11.80,opponent,smash,3,6,0,0
2026-05-03T14:15:11,Club,singles,player,serve_short,player,Faute filet,2,1.25,opponent,drop,4,6,0,0
2026-05-03T14:15:19,Club,singles,player,serve_lob,opponent,Faute dehors,7,6.70,player,smash,5,6,0,0
2026-05-03T14:15:23,Club,singles,opponent,serve_short,player,Faute dehors,3,3.07,opponent,smash,5,7,0,0
2026-05-03T14:15:28,Club,singles,player,serve_short,player,Faute dehors,4,4.16,opponent,smash,6,7,0,0
2026-05-03T14:15:33,Club,singles,player,serve_lob,player,Faute dehors,2,3.31,opponent,drop,7,7,0,0
2026-05-03T14:15:36,Club,singles,player,serve_short,player,Faute dehors,2,2.76,opponent,lob,8,7,0,0
2026-05-03T14:15:43,Club,singles,player,serve_lob,player,Faute dehors,4,5.36,opponent,smash,9,7,0,0
2026-05-03T14:15:56,Club,singles,player,serve_short,opponent,Point,12,12.37,opponent,smash,10,7,0,0
2026-05-03T14:16:01,Club,singles,opponent,serve_short,player,Faute dehors,3,3.58,opponent,drop,10,8,0,0
2026-05-03T14:16:04,Club,singles,player,serve_short,opponent,Faute filet,3,1.99,player,drop,11,8,0,0
2026-05-03T14:16:09,Club,singles,opponent,serve_lob,player,Faute filet,3,3.55,opponent,drop,11,9,0,0
2026-05-03T14:16:14,Club,singles,player,serve_drive,player,Faute dehors,4,4.28,opponent,lob,12,9,0,0
2026-05-03T14:16:20,Club,singles,player,serve_short,player,Point,5,5.11,player,smash,13,9,0,0
2026-05-03T14:16:25,Club,singles,player,serve_lob,player,Faute filet,4,3.63,opponent,drop,14,9,0,0
2026-05-03T14:16:31,Club,singles,player,serve_drive,opponent,Faute dehors,5,5.18,player,smash,15,9,0,0
2026-05-03T14:16:39,Club,singles,opponent,serve_drive,player,Faute filet,8,7.23,player,lob,15,10,0,0
2026-05-03T14:16:48,Club,singles,player,serve_short,opponent,Point,8,7.98,opponent,smash,16,10,0,0
2026-05-03T14:17:00,Club,singles,opponent,serve_short,opponent,Faute filet,12,10.40,player,drop,16,11,0,0
2026-05-03T14:17:12,Club,singles,player,serve_lob,opponent,Point,2,3.60,opponent,lob,0,0,0,0
2026-05-03T14:17:15,Club,singles,opponent,serve_drive,opponent,Point,1,1.61,opponent,serve_drive,0,1,0,0
2026-05-03T14:17:25,Club,singles,opponent,serve_short,opponent,Faute dehors,10,9.09,player,drop,0,2,0,0
2026-05-03T14:17:33,Club,singles,opponent,serve_drive,player,Faute filet,7,6.33,opponent,smash,0,3,0,0
2026-05-03T14:17:36,Club,singles,player,serve_short,player,Faute dehors,2,2.34,opponent,drop,1,3,0,0
2026-05-03T14:17:41,Club,singles,player,serve_short,player,Faute dehors,4,4.28,opponent,drop,2,3,0,0
2026-05-03T14:17:50,Club,singles,player,serve_short,opponent,Point,8,7.93,opponent,smash,3,3,0,0
2026-05-03T14:17:57,Club,singles,opponent,serve_short,player,Point,6,6.00,player,drop,3,4,0,0
2026-05-03T14:18:03,Club,singles,player,serve_lob,opponent,Faute dehors,3,4.16,player,smash,4,4,0,0
2026-05-03T14:18:14,Club,singles,opponent,serve_drive,player,Faute filet,11,9.79,opponent,drop,4,5,0,0
2026-05-03T14:18:18,Club,singles,player,serve_short,opponent,Point,4,3.26,opponent,smash,5,5,0,0
2026-05-03T14:18:22,Club,singles,opponent,serve_short,opponent,Faute dehors,2,2.77,player,lob,5,6,0,0
2026-05-03T14:18:28,Club,singles,opponent,serve_drive,opponent,Point,5,5.30,opponent,smash,5,7,0,0
2026-05-03T14:18:30,Club,singles,opponent,serve_drive,player,Faute service,1,0.48,opponent,serve_drive,5,8,0,0
2026-05-03T14:18:44,Club,singles,player,serve_lob,opponent,Faute filet,13,13.36,player,lob,6,8,0,0
2026-05-03T14:18:48,Club,singles,opponent,serve_short,player,Point,2,2.14,player,drive,6,9,0,0
2026-05-03T14:18:59,Club,singles,player,serve_drive,player,Point,11,10.45,player,smash,7,9,0,0
2026-05-03T14:19:05,Club,singles,player,serve_short,player,Faute dehors,6,4.71,opponent,smash,8,9,0,0
2026-05-03T14:19:12,Club,singles,player,serve_short,player,Faute dehors,6,6.53,opponent,smash,9,9,0,0
2026-05-03T14:19:24,Club,singles,player,serve_short,player,Faute filet,10,10.63,opponent,smash,10,9,0,0
2026-05-03T14:19:27,Club,singles,player,serve_drive,opponent,Faute filet,3,1.92,player,smash,11,9,0,0
2026-05-03T14:19:44,Club,singles,opponent,serve_short,player,Faute dehors,15,16.28,opponent,lob,11,10,0,0
2026-05-03T14:19:53,Club,singles,player,serve_short,player,Faute dehors,6,7.38,opponent,lob,12,10,0,0
2026-05-03T14:20:01,Club,singles,player,serve_short,player,Point,7,6.66,player,drop,13,10,0,0
2026-05-03T14:20:05,Club,singles,player,serve_lob,player,Faute filet,4,3.46,opponent,drop,14,10,0,0
2026-05-03T14:20:15,Club,singles,player,serve_lob,opponent,Faute dehors,9,9.35,player,drop,15,10,0,0
2026-05-03T14:20:23,Club,singles,opponent,serve_short,opponent,Faute dehors,6,6.13,player,smash,15,11,0,0
2026-05-03T14:20:28,Club,singles,opponent,serve_short,opponent,Faute filet,4,3.74,player,smash,15,12,0,0
2026-05-03T14:20:37,Club,singles,opponent,serve_lob,opponent,Faute filet,10,8.33,player,drop,15,13,0,0
2026-05-03T14:20:43,Club,singles,opponent,serve_short,player,Point,4,4.21,player,smash,15,14,0,0
2026-05-03T14:20:49,Club,singles,player,serve_lob,player,Point,5,5.86,player,smash,16,14,0,0
2026-05-03T14:20:55,Club,singles,player,serve_lob,opponent,Point,4,4.88,opponent,drop,17,14,0,0
2026-05-03T14:21:01,Club,singles,opponent,serve_short,opponent,Faute dehors,4,4.37,player,lob,17,15,0,0
2026-05-03T14:21:15,Club,singles,opponent,serve_lob,player,Faute dehors,11,12.71,opponent,drop,17,16,0,0
2026-05-03T14:21:32,Club,singles,player,serve_short,player,Point,17,16.06,player,smash,18,16,0,0
2026-05-03T14:21:41,Club,singles,player,serve_lob,player,Point,7,8.67,player,smash,19,16,0,0
2026-05-03T14:21:55,Club,singles,player,serve_lob,opponent,Faute dehors,11,12.72,player,smash,20,16,0,0
2026-05-03T14:22:07,Club,singles,opponent,serve_short,player,Faute dehors,11,10.85,opponent,smash,20,17,0,0
2026-05-03T14:25:40,Club,singles,player,serve_short,opponent,Faute filet,5,3.93,player,lob,0,0,0,0
2026-05-03T14:25:45,Club,singles,opponent,serve_short,opponent,Faute dehors,2,2.77,player,lob,0,1,0,0
2026-05-03T14:25:49,Club,singles,opponent,serve_short,opponent,Faute dehors,2,2.36,player,drop,0,2,0,0
2026-05-03T14:25:51,Club,singles,opponent,serve_short,player,Faute service,1,0.60,opponent,serve_short,0,3,0,0
2026-05-03T14:25:59,Club,singles,player,serve_short,opponent,Point,8,7.75,opponent,smash,1,3,0,0
2026-05-03T14:26:10,Club,singles,opponent,serve_drive,opponent,Faute filet,10,9.27,player,smash,1,4,0,0
2026-05-03T14:26:19,Club,singles,opponent,serve_short,player,Faute dehors,7,8.52,opponent,drop,1,5,0,0
2026-05-03T14:26:23,Club,singles,player,serve_lob,opponent,Point,2,2.89,opponent,smash,2,5,0,0
2026-05-03T14:26:30,Club,singles,opponent,serve_drive,player,Faute filet,7,5.70,opponent,drop,2,6,0,0
2026-05-03T14:26:32,Club,singles,player,serve_short,opponent,Faute service,1,0.45,player,serve_short,3,6,0,0
2026-05-03T14:26:35,Club,singles,opponent,serve_short,player,Faute dehors,3,2.56,opponent,smash,3,7,0,0
2026-05-03T14:26:38,Club,singles,player,serve_drive,opponent,Faute service,1,1.62,player,serve_drive,4,7,0,0
2026-05-03T14:26:44,Club,singles,opponent,serve_short,opponent,Faute filet,6,4.68,player,smash,4,8,0,0
2026-05-03T14:26:49,Club,singles,opponent,serve_lob,player,Faute dehors,3,3.81,opponent,smash,4,9,0,0
2026-05-03T14:26:55,Club,singles,player,serve_short,player,Point,5,5.00,player,drop,5,9,0,0
2026-05-03T14:27:03,Club,singles,player,serve_lob,player,Faute filet,8,6.75,opponent,drop,6,9,0,0
2026-05-03T14:27:21,Club,singles,player,serve_drive,opponent,Point,16,16.88,opponent,smash,7,9,0,0
2026-05-03T14:27:39,Club,singles,opponent,serve_drive,player,Point,16,17.05,player,smash,7,10,0,0
2026-05-03T14:27:46,Club,singles,player,serve_lob,opponent,Faute dehors,5,6.26,player,lob,8,10,0,0
2026-05-03T14:27:59,Club,singles,opponent,serve_short,player,Faute dehors,11,11.86,opponent,lob,8,11,0,0
2026-05-03T14:28:03,Club,singles,player,serve_short,player,Faute dehors,2,2.29,opponent,drop,9,11,0,0
2026-05-03T14:28:06,Club,singles,player,serve_short,player,Faute dehors,2,2.75,opponent,lob,10,11,0,0
2026-05-03T14:28:09,Club,singles,player,serve_drive,opponent,Point,2,2.07,opponent,smash,11,11,0,0
2026-05-03T14:28:14,Club,singles,opponent,serve_lob,player,Faute filet,3,3.38,opponent,smash,11,12,0,0
2026-05-03T14:28:19,Club,singles,player,serve_short,player,Faute dehors,4,4.29,opponent,smash,12,12,0,0
2026-05-03T14:28:25,Club,singles,player,serve_short,player,Faute dehors,4,5.25,opponent,lob,13,12,0,0
2026-05-03T14:28:30,Club,singles,player,serve_lob,player,Point,3,3.73,player,drop,14,12,0,0
2026-05-03T14:28:37,Club,singles,player,serve_lob,opponent,Faute filet,5,5.73,player,drop,15,12,0,0
2026-05-03T14:28:44,Club,singles,opponent,serve_lob,player,Point,6,5.80,player,smash,15,13,0,0
2026-05-03T14:28:50,Club,singles,player,serve_short,player,Faute dehors,4,4.63,opponent,lob,16,13,0,0
2026-05-03T14:28:56,Club,singles,player,serve_drive,player,Point,5,5.06,player,drop,17,13,0,0
2026-05-03T14:28:59,Club,singles,player,serve_short,player,Faute dehors,2,2.31,opponent,drop,18,13,0,0
2026-05-03T14:29:11,Club,singles,player,serve_short,player,Faute dehors,10,10.82,opponent,smash,19,13,0,0
2026-05-03T14:29:18,Club,singles,player,serve_lob,player,Faute dehors,6,6.34,opponent,drop,20,13,0,0
2026-05-03T14:36:47,Club,singles,player,serve_lob,player,Point,9,10.22,player,smash,0,0,0,0
2026-05-03T14:36:51,Club,singles,player,serve_short,opponent,Faute dehors,3,3.06,player,smash,1,0,0,0
2026-05-03T14:37:00,Club,singles,opponent,serve_short,player,Point,8,8.33,player,drop,1,1,0,0
2026-05-03T14:37:18,Club,singles,player,serve_short,opponent,Faute dehors,17,16.39,player,smash,2,1,0,0
2026-05-03T14:37:32,Club,singles,opponent,serve_lob,opponent,Faute filet,12,13.00,player,drop,2,2,0,0
2026-05-03T14:37:37,Club,singles,opponent,serve_short,player,Point,4,3.51,player,drop,2,3,0,0
2026-05-03T14:37:51,Club,singles,player,serve_short,opponent,Point,12,13.09,opponent,smash,3,3,0,0
2026-05-03T14:37:56,Club,singles,opponent,serve_lob,player,Faute filet,3,3.68,opponent,drop,3,4,0,0
2026-05-03T14:38:09,Club,singles,player,serve_short,player,Point,13,12.11,player,drop,4,4,0,0
2026-05-03T14:38:13,Club,singles,player,serve_lob,opponent,Faute dehors,3,3.53,player,smash,5,4,0,0
2026-05-03T14:38:20,Club,singles,opponent,serve_short,player,Faute dehors,7,5.59,opponent,smash,5,5,0,0
2026-05-03T14:38:24,Club,singles,player,serve_short,opponent,Faute dehors,3,3.10,player,smash,6,5,0,0
2026-05-03T14:38:57,Club,singles,opponent,serve_lob,player,Point,34,31.75,player,smash,6,6,0,0
2026-05-03T14:38:59,Club,singles,player,serve_short,opponent,Faute service,1,0.60,player,serve_short,7,6,0,0
2026-05-03T14:39:04,Club,singles,opponent,serve_drive,opponent,Faute filet,4,3.90,player,drop,7,7,0,0
2026-05-03T14:39:13,Club,singles,opponent,serve_lob,opponent,Point,7,7.91,opponent,drop,7,8,0,0
2026-05-03T14:39:24,Club,singles,opponent,serve_short,player,Faute dehors,9,9.55,opponent,smash,7,9,0,0
2026-05-03T14:39:44,Club,singles,player,serve_drive,player,Faute dehors,16,19.03,opponent,lob,8,9,0,0
2026-05-03T14:39:50,Club,singles,player,serve_drive,player,Point,5,5.50,player,drop,9,9,0,0
2026-05-03T14:39:54,Club,singles,player,serve_short,player,Faute dehors,2,2.27,opponent,drop,10,9,0,0
2026-05-03T14:40:09,Club,singles,player,serve_lob,opponent,Faute dehors,13,14.14,player,smash,11,9,0,0
2026-05-03T14:40:14,Club,singles,opponent,serve_short,opponent,Faute dehors,4,4.53,player,lob,11,10,0,0
2026-05-03T14:40:25,Club,singles,opponent,serve_short,player,Faute dehors,9,9.25,opponent,lob,11,11,0,0
2026-05-03T14:40:36,Club,singles,player,serve_short,opponent,Faute dehors,11,10.07,player,smash,12,11,0,0
2026-05-03T14:40:46,Club,singles,opponent,serve_short,player,Point,8,8.70,player,smash,12,12,0,0
2026-05-03T14:40:50,Club,singles,player,serve_lob,opponent,Point,2,2.85,opponent,smash,13,12,0,0
2026-05-03T14:40:58,Club,singles,opponent,serve_short,opponent,Point,7,7.16,opponent,smash,13,13,0,0
2026-05-03T14:41:02,Club,singles,opponent,serve_short,opponent,Faute filet,4,2.47,player,smash,13,14,0,0
2026-05-03T14:41:22,Club,singles,player,serve_drive,player,Faute filet,2,1.30,opponent,smash,0,0,0,0
2026-05-03T14:41:39,Club,singles,player,serve_drive,player,Point,15,16.24,player,smash,1,0,0,0
2026-05-03T14:41:42,Club,singles,player,serve_short,player,Faute filet,4,2.51,opponent,drop,2,0,0,0
2026-05-03T14:41:49,Club,singles,player,serve_lob,opponent,Faute dehors,5,5.88,player,lob,3,0,0,0
2026-05-03T14:41:53,Club,singles,opponent,serve_short,player,Faute dehors,3,2.59,opponent,smash,3,1,0,0
2026-05-03T14:41:58,Club,singles,player,serve_short,opponent,Point,4,4.12,opponent,smash,4,1,0,0
2026-05-03T14:42:00,Club,singles,opponent,serve_short,player,Faute service,1,0.59,opponent,serve_short,4,2,0,0
2026-05-03T14:42:06,Club,singles,player,serve_short,player,Point,5,4.78,player,drop,5,2,0,0
2026-05-03T14:42:31,Club,singles,player,serve_short,opponent,Point,26,24.24,opponent,smash,6,2,0,0
2026-05-03T14:42:41,Club,singles,opponent,serve_drive,opponent,Point,9,9.10,opponent,smash,6,3,0,0
2026-05-03T14:42:46,Club,singles,opponent,serve_drive,player,Faute dehors,3,4.00,opponent,lob,6,4,0,0
2026-05-03T14:42:50,Club,singles,player,serve_short,opponent,Faute filet,3,2.09,player,smash,7,4,0,0
2026-05-03T14:42:53,Club,singles,opponent,serve_short,opponent,Faute dehors,2,2.32,player,drop,7,5,0,0
2026-05-03T14:43:06,Club,singles,opponent,serve_drive,player,Point,12,11.49,player,smash,7,6,0,0
2026-05-03T14:43:12,Club,singles,player,serve_lob,player,Faute dehors,4,5.31,opponent,smash,8,6,0,0
2026-05-03T14:43:18,Club,singles,player,serve_lob,player,Faute dehors,4,5.13,opponent,drop,9,6,0,0
2026-05-03T14:43:26,Club,singles,player,serve_short,player,Faute dehors,6,6.29,opponent,smash,10,6,0,0
2026-05-03T14:43:31,Club,singles,player,serve_short,opponent,Faute filet,5,4.96,player,smash,11,6,0,0
2026-05-03T14:43:37,Club,singles,opponent,serve_lob,opponent,Faute dehors,4,4.69,player,smash,11,7,0,0
2026-05-03T14:43:39,Club,singles,opponent,serve_short,player,Faute service,1,0.60,opponent,serve_short,11,8,0,0
2026-05-03T14:43:43,Club,singles,player,serve_drive,player,Faute filet,4,2.97,opponent,smash,12,8,0,0
2026-05-03T14:43:50,Club,singles,player,serve_short,opponent,Faute filet,7,5.99,player,drop,13,8,0,0
2026-05-03T14:44:01,Club,singles,opponent,serve_short,player,Point,10,9.56,player,smash,13,9,0,0
2026-05-03T14:44:07,Club,singles,player,serve_short,player,Faute dehors,4,5.23,opponent,lob,14,9,0,0
2026-05-03T14:44:12,Club,singles,player,serve_short,opponent,Point,4,4.13,opponent,smash,15,9,0,0
2026-05-03T14:44:24,Club,singles,opponent,serve_short,opponent,Point,11,10.68,opponent,smash,15,10,0,0
2026-05-03T14:44:28,Club,singles,opponent,serve_short,player,Point,2,2.18,player,drop,15,11,0,0
2026-05-03T14:44:31,Club,singles,player,serve_short,player,Faute dehors,2,2.38,opponent,drop,16,11,0,0
2026-05-03T14:44:36,Club,singles,player,serve_lob,opponent,Faute dehors,3,3.61,player,smash,17,11,0,0
2026-05-03T14:44:41,Club,singles,opponent,serve_short,opponent,Faute dehors,4,4.17,player,smash,17,12,0,0
2026-05-03T14:44:51,Club,singles,opponent,serve_lob,opponent,Faute dehors,8,8.57,player,drop,17,13,0,0
2026-05-03T14:44:57,Club,singles,opponent,serve_drive,player,Faute filet,7,5.53,opponent,smash,17,14,0,0
2026-05-03T14:45:03,Club,singles,player,serve_short,opponent,Point,4,4.56,opponent,smash,18,14,0,0
2026-05-03T14:45:13,Club,singles,opponent,serve_short,player,Faute dehors,9,8.64,opponent,smash,18,15,0,0
2026-05-03T14:45:26,Club,singles,player,serve_lob,player,Faute filet,12,12.14,opponent,smash,19,15,0,0
2026-05-03T14:45:33,Club,singles,player,serve_short,player,Faute dehors,8,6.25,opponent,smash,20,15,0,0
2026-05-03T14:47:22,Club,singles,player,serve_drive,opponent,Point,4,4.06,opponent,smash,0,0,0,0
2026-05-03T14:47:28,Club,singles,opponent,serve_lob,opponent,Faute dehors,4,5.20,player,lob,0,1,0,0
2026-05-03T14:47:33,Club,singles,opponent,serve_lob,player,Faute filet,3,3.54,opponent,drop,0,2,0,0
2026-05-03T14:47:37,Club,singles,player,serve_lob,player,Faute dehors,2,2.86,opponent,smash,1,2,0,0
2026-05-03T14:47:46,Club,singles,player,serve_lob,opponent,Point,6,7.85,opponent,smash,2,2,0,0
2026-05-03T14:47:57,Club,singles,opponent,serve_short,player,Point,10,9.76,player,smash,2,3,0,0
2026-05-03T14:48:13,Club,singles,player,serve_short,opponent,Faute dehors,15,15.37,player,drop,3,3,0,0
2026-05-03T14:48:19,Club,singles,opponent,serve_short,player,Faute filet,5,4.50,opponent,smash,3,4,0,0
2026-05-03T14:48:28,Club,singles,player,serve_short,opponent,Faute dehors,7,8.14,player,lob,4,4,0,0
2026-05-03T14:48:34,Club,singles,opponent,serve_drive,opponent,Faute dehors,4,4.63,player,drop,4,5,0,0
2026-05-03T14:48:37,Club,singles,opponent,serve_drive,player,Faute filet,3,2.41,opponent,drop,4,6,0,0
2026-05-03T14:48:46,Club,singles,player,serve_lob,opponent,Point,6,7.36,opponent,smash,5,6,0,0
2026-05-03T14:48:55,Club,singles,opponent,serve_lob,opponent,Faute dehors,8,8.23,player,smash,5,7,0,0
2026-05-03T14:48:57,Club,singles,opponent,serve_short,player,Faute service,1,0.45,opponent,serve_short,5,8,0,0
2026-05-03T14:49:01,Club,singles,player,serve_short,player,Faute dehors,2,2.76,opponent,lob,6,8,0,0
2026-05-03T14:49:05,Club,singles,player,serve_short,opponent,Faute dehors,5,3.92,player,smash,7,8,0,0
2026-05-03T14:49:11,Club,singles,opponent,serve_lob,opponent,Faute filet,4,4.06,player,drop,7,9,0,0
2026-05-03T14:49:14,Club,singles,opponent,serve_short,player,Faute filet,3,2.04,opponent,drop,7,10,0,0
2026-05-03T14:49:19,Club,singles,player,serve_drive,player,Faute dehors,4,4.04,opponent,smash,8,10,0,0
2026-05-03T14:49:28,Club,singles,player,serve_short,opponent,Faute dehors,9,8.10,player,smash,9,10,0,0
2026-05-03T14:49:31,Club,singles,opponent,serve_short,player,Faute filet,3,1.99,opponent,drop,9,11,0,0
2026-05-03T14:49:40,Club,singles,player,serve_lob,opponent,Point,8,7.76,opponent,smash,10,11,0,0
2026-05-03T14:49:48,Club,singles,opponent,serve_short,player,Faute dehors,7,6.70,opponent,smash,10,12,0,0
2026-05-03T14:49:55,Club,singles,player,serve_lob,player,Point,5,5.91,player,drop,11,12,0,0
2026-05-03T14:49:58,Club,singles,player,serve_short,player,Faute dehors,2,2.16,opponent,drive,12,12,0,0
2026-05-03T14:50:02,Club,singles,player,serve_lob,player,Point,3,3.31,player,smash,13,12,0,0
2026-05-03T14:50:06,Club,singles,player,serve_short,opponent,Faute filet,5,3.02,player,drop,14,12,0,0
2026-05-03T14:50:15,Club,singles,opponent,serve_short,opponent,Faute dehors,6,7.10,player,smash,14,13,0,0
2026-05-03T14:50:19,Club,singles,opponent,serve_short,opponent,Faute dehors,2,2.77,player,lob,14,14,0,0
2026-05-03T14:50:23,Club,singles,opponent,serve_lob,player,Faute filet,3,2.91,opponent,drop,14,15,0,0
2026-05-03T14:50:40,Club,singles,player,serve_short,opponent,Faute dehors,17,16.53,player,drop,15,15,0,0
2026-05-03T14:51:05,Club,singles,opponent,serve_short,player,Point,24,23.06,player,smash,15,16,0,0
2026-05-03T14:51:12,Club,singles,player,serve_drive,opponent,Faute dehors,7,6.45,player,drop,16,16,0,0
2026-05-03T14:51:21,Club,singles,opponent,serve_drive,opponent,Faute filet,8,7.80,player,smash,16,17,0,0
2026-05-03T14:51:30,Club,singles,opponent,serve_short,opponent,Faute filet,8,7.87,player,smash,16,18,0,0
2026-05-03T14:51:34,Club,singles,opponent,serve_short,opponent,Faute filet,4,2.94,player,smash,16,19,0,0
2026-05-03T14:51:52,Club,singles,opponent,serve_lob,opponent,Point,15,16.40,opponent,smash,16,20,0,0
2026-05-03T14:57:57,Club,singles,player,serve_lob,opponent,Faute filet,3,2.74,player,drop,0,0,0,0
2026-05-03T14:58:05,Club,singles,opponent,serve_lob,player,Faute filet,7,7.39,opponent,smash,0,1,0,0
2026-05-03T14:58:15,Club,singles,player,serve_lob,opponent,Faute dehors,7,8.81,player,lob,1,1,0,0
2026-05-03T14:58:17,Club,singles,opponent,serve_drive,player,Faute service,1,0.50,opponent,serve_drive,1,2,0,0
2026-05-03T14:58:25,Club,singles,player,serve_lob,player,Faute dehors,6,7.14,opponent,lob,2,2,0,0
2026-05-03T14:58:43,Club,singles,player,serve_short,player,Faute dehors,16,17.04,opponent,smash,3,2,0,0
2026-05-03T14:58:47,Club,singles,player,serve_short,player,Faute filet,4,3.12,opponent,smash,4,2,0,0
2026-05-03T14:59:05,Club,singles,player,serve_short,player,Point,17,16.98,player,smash,5,2,0,0
2026-05-03T14:59:18,Club,singles,player,serve_drive,player,Faute filet,12,11.89,opponent,drop,6,2,0,0
2026-05-03T14:59:25,Club,singles,player,serve_short,opponent,Faute dehors,5,6.50,player,lob,7,2,0,0
2026-05-03T14:59:30,Club,singles,opponent,serve_drive,player,Faute dehors,3,3.29,opponent,smash,7,3,0,0
2026-05-03T14:59:37,Club,singles,player,serve_lob,player,Faute filet,6,6.50,opponent,drop,8,3,0,0
2026-05-03T14:59:41,Club,singles,player,serve_lob,player,Faute filet,2,2.19,opponent,smash,9,3,0,0
2026-05-03T14:59:50,Club,singles,player,serve_drive,opponent,Point,8,7.96,opponent,smash,10,3,0,0
2026-05-03T14:59:55,Club,singles,opponent,serve_short,opponent,Point,5,4.60,opponent,smash,10,4,0,0
2026-05-03T14:59:59,Club,singles,opponent,serve_short,player,Point,2,2.36,player,drop,10,5,0,0
2026-05-03T15:00:01,Club,singles,player,serve_short,opponent,Faute service,1,0.60,player,serve_short,11,5,0,0
2026-05-03T15:00:06,Club,singles,opponent,serve_lob,player,Faute filet,5,4.03,opponent,smash,11,6,0,0
2026-05-03T15:00:23,Club,singles,player,serve_short,player,Faute filet,2,1.22,opponent,drop,0,0,0,0
2026-05-03T15:00:33,Club,singles,player,serve_short,opponent,Point,10,9.34,opponent,smash,1,0,0,0
2026-05-03T15:00:39,Club,singles,opponent,serve_short,player,Faute dehors,5,4.43,opponent,smash,1,1,0,0
2026-05-03T15:00:42,Club,singles,player,serve_short,opponent,Faute filet,3,1.89,player,smash,2,1,0,0
2026-05-03T15:00:52,Club,singles,opponent,serve_short,opponent,Faute filet,12,9.52,player,lob,2,2,0,0
2026-05-03T15:01:00,Club,singles,opponent,serve_lob,player,Faute dehors,5,6.56,opponent,smash,2,3,0,0
2026-05-03T15:01:08,Club,singles,player,serve_drive,opponent,Faute filet,9,7.33,player,smash,3,3,0,0
2026-05-03T15:01:14,Club,singles,opponent,serve_lob,player,Point,4,4.04,player,smash,3,4,0,0
2026-05-03T15:01:30,Club,singles,player,serve_short,opponent,Point,16,15.35,opponent,drop,4,4,0,0
2026-05-03T15:01:37,Club,singles,opponent,serve_short,player,Point,6,5.76,player,smash,4,5,0,0
2026-05-03T15:01:42,Club,singles,player,serve_lob,player,Point,3,3.62,player,smash,5,5,0,0
2026-05-03T15:01:44,Club,singles,player,serve_short,opponent,Faute service,1,1.67,player,serve_short,6,5,0,0
2026-05-03T15:01:57,Club,singles,opponent,serve_short,opponent,Faute filet,12,11.19,player,smash,6,6,0,0
2026-05-03T15:02:01,Club,singles,opponent,serve_short,player,Point,4,3.16,player,smash,6,7,0,0
2026-05-03T15:02:05,Club,singles,player,serve_drive,opponent,Faute dehors,3,3.51,player,lob,7,7,0,0
2026-05-03T15:02:15,Club,singles,opponent,serve_short,player,Point,8,8.35,player,smash,7,8,0,0
2026-05-03T15:02:22,Club,singles,player,serve_lob,opponent,Faute dehors,5,6.13,player,smash,8,8,0,0
2026-05-03T15:02:29,Club,singles,opponent,serve_lob,player,Faute dehors,5,6.00,opponent,smash,8,9,0,0
2026-05-03T15:02:34,Club,singles,player,serve_lob,player,Point,3,3.77,player,smash,9,9,0,0
2026-05-03T15:02:44,Club,singles,player,serve_short,player,Faute dehors,8,8.67,opponent,lob,10,9,0,0
2026-05-03T15:02:47,Club,singles,player,serve_short,player,Faute dehors,2,2.14,opponent,drive,11,9,0,0
2026-05-03T15:02:54,Club,singles,player,serve_lob,opponent,Faute filet,7,6.38,player,drop,12,9,0,0
2026-05-03T15:03:26,Club,singles,opponent,serve_short,player,Faute filet,31,30.64,opponent,smash,12,10,0,0
2026-05-03T15:03:32,Club,singles,player,serve_drive,player,Faute dehors,4,4.43,opponent,lob,13,10,0,0
2026-05-03T15:03:37,Club,singles,player,serve_short,player,Point,5,4.86,player,smash,14,10,0,0
2026-05-03T15:03:39,Club,singles,player,serve_drive,opponent,Faute service,1,0.52,player,serve_drive,15,10,0,0
2026-05-03T15:03:48,Club,singles,opponent,serve_short,opponent,Faute dehors,10,7.38,player,smash,15,11,0,0
2026-05-03T15:04:06,Club,singles,opponent,serve_short,opponent,Faute dehors,16,16.70,player,drop,15,12,0,0
2026-05-03T15:04:43,Club,singles,player,serve_lob,opponent,Faute dehors,21,20.14,player,smash,0,0,0,0
2026-05-03T15:04:54,Club,singles,opponent,serve_short,player,Faute dehors,9,9.11,opponent,smash,0,1,0,0
2026-05-03T15:04:58,Club,singles,player,serve_short,player,Faute dehors,2,2.77,opponent,lob,1,1,0,0
2026-05-03T15:05:01,Club,singles,player,serve_lob,opponent,Point,2,2.87,opponent,smash,2,1,0,0
2026-05-03T15:05:13,Club,singles,opponent,serve_short,player,Faute dehors,9,10.09,opponent,drop,2,2,0,0
2026-05-03T15:05:21,Club,singles,player,serve_lob,player,Point,7,7.72,player,smash,3,2,0,0
2026-05-03T15:05:36,Club,singles,player,serve_short,player,Faute filet,14,13.62,opponent,drop,4,2,0,0
2026-05-03T15:05:43,Club,singles,player,serve_lob,player,Faute filet,6,5.93,opponent,smash,5,2,0,0
2026-05-03T15:05:50,Club,singles,player,serve_short,player,Faute dehors,6,5.93,opponent,drop,6,2,0,0
2026-05-03T15:05:57,Club,singles,player,serve_short,opponent,Point,6,6.40,opponent,smash,7,2,0,0
2026-05-03T15:06:10,Club,singles,opponent,serve_short,opponent,Faute filet,12,11.69,player,lob,7,3,0,0
2026-05-03T15:06:23,Club,singles,opponent,serve_lob,opponent,Faute dehors,10,11.47,player,lob,7,4,0,0
2026-05-03T15:06:28,Club,singles,opponent,serve_lob,player,Faute dehors,3,4.13,opponent,smash,7,5,0,0
2026-05-03T15:06:33,Club,singles,player,serve_lob,player,Point,3,3.79,player,drop,8,5,0,0
2026-05-03T15:06:43,Club,singles,player,serve_short,player,Point,9,8.60,player,smash,9,5,0,0
2026-05-03T15:06:53,Club,singles,player,serve_short,player,Point,9,9.03,player,smash,10,5,0,0
2026-05-03T15:06:57,Club,singles,player,serve_short,opponent,Faute dehors,3,3.61,player,lob,11,5,0,0
2026-05-03T15:07:01,Club,singles,opponent,serve_short,opponent,Faute dehors,2,2.77,player,lob,11,6,0,0
2026-05-03T15:07:08,Club,singles,opponent,serve_short,opponent,Faute filet,6,5.25,player,drop,11,7,0,0
2026-05-03T15:07:12,Club,singles,opponent,serve_lob,opponent,Faute dehors,2,2.84,player,smash,11,8,0,0
2026-05-03T15:07:16,Club,singles,opponent,serve_short,player,Faute dehors,3,3.32,opponent,smash,11,9,0,0
2026-05-03T15:07:26,Club,singles,player,serve_lob,opponent,Faute dehors,7,8.99,player,lob,12,9,0,0
2026-05-03T15:07:38,Club,singles,opponent,serve_lob,opponent,Faute dehors,10,10.21,player,lob,12,10,0,0
2026-05-03T15:07:44,Club,singles,opponent,serve_lob,player,Point,4,5.36,player,smash,12,11,0,0
2026-05-03T15:07:50,Club,singles,player,serve_short,player,Faute dehors,4,4.94,opponent,lob,13,11,0,0
2026-05-03T15:07:55,Club,singles,player,serve_lob,opponent,Faute dehors,3,3.88,player,drop,14,11,0,0
2026-05-03T15:08:04,Club,singles,opponent,serve_short,player,Faute filet,7,7.27,opponent,drop,14,12,0,0
2026-05-03T15:08:13,Club,singles,player,serve_lob,opponent,Faute filet,9,8.23,player,drop,15,12,0,0
2026-05-03T15:08:26,Club,singles,opponent,serve_drive,player,Faute dehors,11,12.04,opponent,smash,15,13,0,0
2026-05-03T15:08:30,Club,singles,player,serve_drive,player,Point,3,3.25,player,smash,16,13,0,0
2026-05-03T15:08:38,Club,singles,player,serve_short,player,Faute dehors,6,6.60,opponent,lob,17,13,0,0
2026-05-03T15:08:42,Club,singles,player,serve_short,opponent,Faute dehors,3,3.29,player,drop,18,13,0,0
2026-05-03T15:08:49,Club,singles,opponent,serve_lob,opponent,Faute dehors,4,5.26,player,drop,18,14,0,0
2026-05-03T15:08:57,Club,singles,opponent,serve_lob,player,Point,6,7.48,player,drop,18,15,0,0
2026-05-03T15:09:01,Club,singles,player,serve_short,opponent,Faute dehors,3,3.03,player,smash,19,15,0,0
2026-05-03T15:09:05,Club,singles,opponent,serve_short,opponent,Faute dehors,2,2.15,player,drive,19,16,0,0
2026-05-03T15:09:08,Club,singles,opponent,serve_short,player,Faute filet,3,1.94,opponent,drop,19,17,0,0
2026-05-03T15:09:12,Club,singles,player,serve_lob,opponent,Point,2,2.87,opponent,smash,20,17,0,0
2026-05-03T15:09:25,Club,singles,opponent,serve_short,player,Faute dehors,13,12.04,opponent,drop,20,18,0,0
2026-05-03T15:14:02,Club,singles,player,serve_drive,opponent,Faute filet,9,7.77,player,smash,0,0,0,0
2026-05-03T15:14:04,Club,singles,opponent,serve_short,player,Faute service,1,0.60,opponent,serve_short,0,1,0,0
2026-05-03T15:14:08,Club,singles,player,serve_drive,opponent,Faute dehors,3,3.26,player,smash,1,1,0,0
2026-05-03T15:14:12,Club,singles,opponent,serve_short,player,Point,2,2.24,player,drop,1,2,0,0
2026-05-03T15:14:17,Club,singles,player,serve_lob,opponent,Faute dehors,3,4.09,player,smash,2,2,0,0
2026-05-03T15:14:21,Club,singles,opponent,serve_lob,player,Faute filet,3,3.51,opponent,drop,2,3,0,0
2026-05-03T15:14:25,Club,singles,player,serve_short,player,Faute dehors,2,2.34,opponent,drop,3,3,0,0
2026-05-03T15:14:31,Club,singles,player,serve_lob,player,Point,5,4.76,player,smash,4,3,0,0
2026-05-03T15:14:34,Club,singles,player,serve_lob,player,Faute filet,2,2.19,opponent,smash,5,3,0,0
2026-05-03T15:14:37,Club,singles,player,serve_short,opponent,Faute filet,3,2.14,player,drop,6,3,0,0
2026-05-03T15:14:41,Club,singles,opponent,serve_short,player,Faute dehors,3,3.23,opponent,smash,6,4,0,0
2026-05-03T15:14:46,Club,singles,player,serve_lob,opponent,Faute dehors,3,3.91,player,drop,7,4,0,0
2026-05-03T15:14:51,Club,singles,opponent,serve_drive,player,Faute dehors,3,3.31,opponent,smash,7,5,0,0
2026-05-03T15:15:04,Club,singles,player,serve_lob,player,Faute filet,12,11.83,opponent,drop,8,5,0,0
2026-05-03T15:15:09,Club,singles,player,serve_short,opponent,Faute dehors,5,4.69,player,smash,9,5,0,0
2026-05-03T15:15:28,Club,singles,opponent,serve_short,player,Faute filet,19,17.31,opponent,drop,9,6,0,0
2026-05-03T15:15:33,Club,singles,player,serve_drive,player,Point,5,4.66,player,drop,10,6,0,0
2026-05-03T15:15:39,Club,singles,player,serve_lob,player,Faute dehors,4,5.01,opponent,smash,11,6,0,0
2026-05-03T15:15:46,Club,singles,player,serve_short,player,Faute dehors,4,5.26,opponent,lob,12,6,0,0
2026-05-03T15:15:50,Club,singles,player,serve_lob,player,Faute dehors,2,2.85,opponent,smash,13,6,0,0
2026-05-03T15:15:59,Club,singles,player,serve_lob,opponent,Point,8,8.85,opponent,smash,14,6,0,0
2026-05-03T15:16:05,Club,singles,opponent,serve_short,player,Point,4,4.24,player,smash,14,7,0,0
2026-05-03T15:16:12,Club,singles,player,serve_short,opponent,Faute filet,7,5.64,player,drop,15,7,0,0
2026-05-03T15:16:21,Club,singles,opponent,serve_lob,player,Point,8,8.63,player,drop,15,8,0,0
2026-05-03T15:16:41,Club,singles,player,serve_short,opponent,Point,20,18.92,opponent,smash,16,8,0,0
2026-05-03T15:16:47,Club,singles,opponent,serve_lob,player,Faute dehors,3,4.41,opponent,drop,16,9,0,0
2026-05-03T15:16:52,Club,singles,player,serve_drive,opponent,Faute filet,5,4.35,player,smash,17,9,0,0
2026-05-03T15:17:03,Club,singles,opponent,serve_short,player,Faute dehors,9,9.56,opponent,smash,17,10,0,0
2026-05-03T15:17:06,Club,singles,player,serve_short,opponent,Faute filet,3,2.02,player,drop,18,10,0,0
2026-05-03T15:17:12,Club,singles,opponent,serve_short,opponent,Point,5,4.99,opponent,smash,18,11,0,0
2026-05-03T15:17:23,Club,singles,opponent,serve_short,player,Point,10,9.81,player,smash,18,12,0,0
2026-05-03T15:17:27,Club,singles,player,serve_lob,player,Faute dehors,2,2.86,opponent,smash,19,12,0,0
2026-05-03T15:17:32,Club,singles,player,serve_short,opponent,Point,4,4.09,opponent,smash,20,12,0,0
2026-05-03T15:17:39,Club,singles,opponent,serve_lob,opponent,Faute dehors,4,5.13,player,drop,20,13,0,0
2026-05-03T15:17:45,Club,singles,opponent,serve_lob,opponent,Faute dehors,4,4.90,player,smash,20,14,0,0
2026-05-03T15:17:50,Club,singles,opponent,serve_short,player,Point,4,3.86,player,smash,20,15,0,0
2026-05-03T15:33:19,Club,singles,player,serve_short,opponent,Faute service,1,0.60,player,serve_short,0,0,0,0
2026-05-03T15:33:23,Club,singles,opponent,serve_lob,opponent,Faute filet,2,2.37,player,drop,0,1,0,0
2026-05-03T15:33:38,Club,singles,opponent,serve_short,opponent,Point,13,13.46,opponent,smash,0,2,0,0
2026-05-03T15:33:40,Club,singles,opponent,serve_short,opponent,Faute filet,2,1.09,player,drop,0,3,0,0
2026-05-03T15:33:45,Club,singles,opponent,serve_short,player,Faute dehors,3,4.11,opponent,lob,0,4,0,0
2026-05-03T15:33:47,Club,singles,player,serve_short,opponent,Faute service,1,0.45,player,serve_short,1,4,0,0
2026-05-03T15:33:50,Club,singles,opponent,serve_short,player,Faute service,1,1.67,opponent,serve_short,1,5,0,0
2026-05-03T15:34:03,Club,singles,player,serve_drive,player,Faute dehors,12,12.53,opponent,smash,2,5,0,0
2026-05-03T15:34:08,Club,singles,player,serve_short,opponent,Faute dehors,3,3.69,player,drop,3,5,0,0
2026-05-03T15:34:18,Club,singles,opponent,serve_lob,player,Point,10,9.37,player,smash,3,6,0,0
2026-05-03T15:34:26,Club,singles,player,serve_short,player,Faute dehors,6,6.45,opponent,smash,4,6,0,0
2026-05-03T15:34:32,Club,singles,player,serve_drive,opponent,Faute dehors,5,5.03,player,lob,5,6,0,0
2026-05-03T15:34:55,Club,singles,opponent,serve_drive,opponent,Point,21,22.14,opponent,smash,5,7,0,0
2026-05-03T15:35:11,Club,singles,opponent,serve_short,opponent,Faute dehors,16,14.81,player,smash,5,8,0,0
2026-05-03T15:35:16,Club,singles,opponent,serve_short,player,Faute dehors,3,3.31,opponent,smash,5,9,0,0
2026-05-03T15:35:21,Club,singles,player,serve_short,opponent,Point,4,4.45,opponent,smash,6,9,0,0
2026-05-03T15:35:25,Club,singles,opponent,serve_short,opponent,Faute dehors,2,2.76,player,lob,6,10,0,0
2026-05-03T15:35:35,Club,singles,opponent,serve_lob,opponent,Point,9,8.89,opponent,smash,6,11,0,0
2026-05-03T15:35:39,Club,singles,opponent,serve_short,opponent,Faute dehors,2,2.76,player,lob,6,12,0,0
2026-05-03T15:35:53,Club,singles,opponent,serve_short,player,Faute filet,15,12.77,opponent,smash,6,13,0,0
2026-05-03T15:35:57,Club,singles,player,serve_lob,opponent,Point,2,2.88,opponent,smash,7,13,0,0
2026-05-03T15:36:08,Club,singles,opponent,serve_short,opponent,Faute dehors,8,9.30,player,lob,7,14,0,0
2026-05-03T15:36:14,Club,singles,opponent,serve_lob,player,Point,4,5.33,player,drop,7,15,0,0
2026-05-03T15:36:20,Club,singles,player,serve_short,player,Point,5,5.02,player,lob,8,15,0,0
2026-05-03T15:36:25,Club,singles,player,serve_short,opponent,Faute dehors,3,3.67,player,drop,9,15,0,0
2026-05-03T15:36:28,Club,singles,opponent,serve_short,player,Faute filet,3,1.89,opponent,drop,9,16,0,0
2026-05-03T15:36:33,Club,singles,player,serve_drive,player,Faute dehors,4,4.18,opponent,smash,10,16,0,0
2026-05-03T15:36:45,Club,singles,player,serve_drive,player,Faute dehors,12,11.07,opponent,drop,11,16,0,0
2026-05-03T15:36:47,Club,singles,player,serve_short,player,Faute filet,2,1.17,opponent,drive,12,16,0,0
2026-05-03T15:36:53,Club,singles,player,serve_drive,opponent,Faute filet,5,4.36,player,drop,13,16,0,0
2026-05-03T15:36:56,Club,singles,opponent,serve_short,player,Faute filet,3,2.00,opponent,drop,13,17,0,0
2026-05-03T15:37:03,Club,singles,player,serve_lob,player,Point,5,5.66,player,drop,14,17,0,0
2026-05-03T15:37:11,Club,singles,player,serve_drive,opponent,Faute filet,9,7.52,player,smash,15,17,0,0
2026-05-03T15:37:20,Club,singles,opponent,serve_lob,opponent,Point,7,7.88,opponent,smash,15,18,0,0
2026-05-03T15:37:26,Club,singles,opponent,serve_lob,opponent,Faute dehors,4,4.70,player,drop,15,19,0,0
2026-05-03T15:37:41,Club,singles,opponent,serve_short,player,Faute filet,15,13.61,opponent,drop,15,20,0,0
2026-05-03T15:37:49,Club,singles,player,serve_short,opponent,Faute dehors,7,6.76,player,smash,16,20,0,0
2026-05-03T15:39:03,Club,singles,opponent,serve_short,player,Faute filet,17,15.42,opponent,drop,0,0,0,1
2026-05-03T15:39:09,Club,singles,player,serve_drive,player,Point,5,4.78,player,drop,1,0,0,1
2026-05-03T15:39:18,Club,singles,player,serve_short,player,Faute dehors,8,8.04,opponent,smash,2,0,0,1
2026-05-03T15:39:22,Club,singles,player,serve_lob,opponent,Point,2,2.88,opponent,smash,3,0,0,1
2026-05-03T15:39:37,Club,singles,opponent,serve_lob,opponent,Faute dehors,12,13.70,player,lob,3,1,0,1
2026-05-03T15:39:43,Club,singles,opponent,serve_short,player,Faute dehors,5,4.94,opponent,lob,3,2,0,1
2026-05-03T15:39:48,Club,singles,player,serve_lob,opponent,Faute dehors,3,3.86,player,drop,4,2,0,1
2026-05-03T15:40:03,Club,singles,opponent,serve_short,opponent,Faute dehors,14,14.35,player,smash,4,3,0,1
2026-05-03T15:40:12,Club,singles,opponent,serve_drive,player,Faute dehors,7,7.34,opponent,lob,4,4,0,1
2026-05-03T15:40:23,Club,singles,player,serve_short,player,Point,11,10.34,player,drop,5,4,0,1
2026-05-03T15:40:38,Club,singles,player,serve_short,player,Point,13,13.50,player,drop,6,4,0,1
2026-05-03T15:40:46,Club,singles,player,serve_short,player,Faute dehors,8,7.61,opponent,smash,7,4,0,1
2026-05-03T15:40:51,Club,singles,player,serve_short,opponent,Faute dehors,3,3.69,player,lob,8,4,0,1
2026-05-03T15:40:57,Club,singles,opponent,serve_short,player,Faute filet,5,4.70,opponent,drop,8,5,0,1
2026-05-03T15:41:02,Club,singles,player,serve_short,player,Faute dehors,4,4.13,opponent,lob,9,5,0,1
2026-05-03T15:41:15,Club,singles,player,serve_lob,player,Faute dehors,2,2.86,opponent,smash,0,0,0,0
2026-05-03T15:41:29,Club,singles,player,serve_drive,opponent,Faute dehors,13,13.43,player,smash,1,0,0,0
2026-05-03T15:41:35,Club,singles,opponent,serve_lob,player,Faute dehors,3,4.06,opponent,smash,1,1,0,0
2026-05-03T15:41:40,Club,singles,player,serve_drive,opponent,Faute filet,7,4.68,player,drop,2,1,0,0
2026-05-03T15:41:46,Club,singles,opponent,serve_short,opponent,Point,5,4.11,opponent,smash,2,2,0,0
2026-05-03T15:41:51,Club,singles,opponent,serve_drive,player,Point,4,4.55,player,smash,2,3,0,0
2026-05-03T15:42:01,Club,singles,player,serve_lob,player,Point,1,8.41,player,serve_lob,3,3,0,0
2026-05-03T15:44:21,Club,singles,player,serve_short,player,Point,1,138.77,player,serve_short,4,3,0,0
2026-05-03T15:48:33,Club,singles,player,serve_short,player,Faute dehors,2,2.38,opponent,drop,5,3,0,0
2026-05-03T15:48:38,Club,singles,player,serve_short,opponent,Faute dehors,3,3.98,player,lob,6,3,0,0
2026-05-03T15:48:46,Club,singles,opponent,serve_lob,opponent,Point,7,7.11,opponent,smash,6,4,0,0
2026-05-03T15:48:52,Club,singles,opponent,serve_lob,opponent,Faute dehors,4,4.64,player,smash,6,5,0,0
2026-05-03T15:48:56,Club,singles,opponent,serve_lob,opponent,Faute dehors,2,2.84,player,smash,6,6,0,0
2026-05-03T15:49:08,Club,singles,opponent,serve_lob,player,Faute dehors,9,10.39,opponent,lob,6,7,0,0
2026-05-03T15:49:14,Club,singles,player,serve_short,player,Point,5,5.46,player,smash,7,7,0,0
2026-05-03T15:49:31,Club,singles,player,serve_lob,opponent,Point,14,16.13,opponent,smash,8,7,0,0
2026-05-03T15:49:36,Club,singles,opponent,serve_short,opponent,Faute dehors,4,3.29,player,smash,8,8,0,0
2026-05-03T15:49:41,Club,singles,opponent,serve_drive,player,Point,4,4.51,player,smash,8,9,0,0
2026-05-03T15:49:45,Club,singles,player,serve_drive,player,Point,3,2.96,player,drop,9,9,0,0
2026-05-03T15:49:48,Club,singles,player,serve_short,opponent,Faute service,1,1.65,player,serve_short,10,9,0,0
2026-05-03T15:49:55,Club,singles,opponent,serve_lob,opponent,Point,5,6.33,opponent,drop,10,10,0,0
2026-05-03T15:50:03,Club,singles,opponent,serve_drive,player,Faute filet,7,6.15,opponent,drop,10,11,0,0
2026-05-03T15:50:10,Club,singles,player,serve_lob,opponent,Faute dehors,5,6.31,player,smash,11,11,0,0
2026-05-03T15:50:14,Club,singles,opponent,serve_short,player,Faute dehors,3,2.59,opponent,smash,11,12,0,0
2026-05-03T15:50:35,Club,singles,player,serve_short,player,Faute dehors,20,20.25,opponent,smash,12,12,0,0
2026-05-03T15:50:45,Club,singles,player,serve_lob,player,Faute filet,8,8.68,opponent,drop,13,12,0,0
2026-05-03T15:50:49,Club,singles,player,serve_lob,player,Faute dehors,2,2.86,opponent,smash,14,12,0,0
2026-05-03T15:50:54,Club,singles,player,serve_drive,opponent,Point,4,4.06,opponent,smash,15,12,0,0
2026-05-03T15:51:06,Club,singles,opponent,serve_lob,player,Point,10,10.91,player,smash,15,13,0,0
2026-05-03T15:51:10,Club,singles,player,serve_lob,opponent,Faute dehors,3,3.29,player,smash,16,13,0,0
2026-05-03T15:51:24,Club,singles,opponent,serve_lob,player,Point,12,12.25,player,smash,16,14,0,0
2026-05-03T15:51:26,Club,singles,player,serve_drive,player,Faute filet,2,1.34,opponent,drop,17,14,0,0
2026-05-03T15:51:31,Club,singles,player,serve_lob,opponent,Faute dehors,3,4.48,player,drop,18,14,0,0
2026-05-03T15:51:36,Club,singles,opponent,serve_short,opponent,Faute filet,4,3.21,player,drop,18,15,0,0
2026-05-03T15:51:39,Club,singles,opponent,serve_short,player,Faute filet,3,1.99,opponent,drop,18,16,0,0
2026-05-03T15:51:53,Club,singles,player,serve_drive,opponent,Point,12,12.69,opponent,smash,19,16,0,0
2026-05-03T15:51:57,Club,singles,opponent,serve_lob,opponent,Faute dehors,2,3.61,player,lob,19,17,0,0
2026-05-03T15:52:22,Club,singles,opponent,serve_short,opponent,Point,23,22.91,opponent,smash,19,18,0,0
2026-05-03T15:52:28,Club,singles,opponent,serve_drive,opponent,Faute filet,6,4.73,player,lob,19,19,0,0
2026-05-03T15:52:34,Club,singles,opponent,serve_short,opponent,Point,5,4.88,opponent,smash,19,20,0,0
2026-05-03T15:53:06,Club,singles,opponent,serve_short,player,Faute dehors,7,7.37,opponent,smash,0,0,0,1
2026-05-03T15:53:24,Club,singles,player,serve_lob,opponent,Point,16,17.01,opponent,smash,1,0,0,1
2026-05-03T15:53:38,Club,singles,opponent,serve_short,opponent,Faute dehors,14,13.42,player,smash,1,1,0,1
2026-05-03T15:53:45,Club,singles,opponent,serve_short,opponent,Faute filet,6,5.35,player,smash,1,2,0,1
2026-05-03T15:53:53,Club,singles,opponent,serve_short,player,Point,6,6.55,player,smash,1,3,0,1
2026-05-03T15:54:00,Club,singles,player,serve_lob,player,Faute filet,6,6.60,opponent,drop,2,3,0,1
2026-05-03T15:54:12,Club,singles,player,serve_drive,player,Point,13,10.56,player,smash,3,3,0,1
2026-05-03T15:54:17,Club,singles,player,serve_lob,player,Faute dehors,2,3.78,opponent,lob,4,3,0,1
2026-05-03T15:54:29,Club,singles,player,serve_short,player,Faute dehors,12,11.18,opponent,lob,5,3,0,1
2026-05-03T15:54:30,Club,singles,player,serve_short,opponent,Faute service,1,0.45,player,serve_short,6,3,0,1
2026-05-03T15:54:32,Club,singles,opponent,serve_short,player,Faute service,1,0.47,opponent,serve_short,6,4,0,1
2026-05-03T15:54:54,Club,singles,player,serve_lob,player,Faute dehors,8,9.93,opponent,lob,0,0,0,0
2026-05-03T15:55:00,Club,singles,player,serve_drive,opponent,Faute dehors,5,5.33,player,lob,1,0,0,0
2026-05-03T15:55:10,Club,singles,opponent,serve_short,player,Faute dehors,7,7.84,opponent,lob,1,1,0,0
2026-05-03T16:01:18,Club,singles,player,serve_drive,player,Faute dehors,4,5.30,opponent,smash,0,0,0,0
2026-05-03T16:03:46,Club,singles,player,serve_short,opponent,Point,12,12.35,opponent,smash,1,0,0,0
2026-05-03T16:03:52,Club,singles,opponent,serve_short,opponent,Point,5,4.61,opponent,smash,1,1,0,0
2026-05-03T16:03:56,Club,singles,opponent,serve_lob,opponent,Faute dehors,2,2.87,player,smash,1,2,0,0
2026-05-03T16:03:58,Club,singles,opponent,serve_short,player,Faute service,1,0.45,opponent,serve_short,1,3,0,0
2026-05-03T16:08:43,Club,singles,player,serve_lob,opponent,Faute dehors,9,283.99,player,lob,2,3,0,0
2026-05-03T16:08:50,Club,singles,opponent,serve_lob,player,Faute dehors,5,6.12,opponent,smash,2,4,0,0
2026-05-03T16:08:54,Club,singles,player,serve_lob,player,Faute dehors,2,3.29,opponent,drop,3,4,0,0
2026-05-03T16:09:16,Club,singles,player,serve_lob,player,Faute dehors,18,20.72,opponent,drop,4,4,0,0
2026-05-03T16:09:20,Club,singles,player,serve_short,player,Faute dehors,2,2.77,opponent,lob,5,4,0,0
2026-05-03T16:09:33,Club,singles,player,serve_short,player,Faute dehors,12,12.23,opponent,lob,6,4,0,0
2026-05-03T16:09:42,Club,singles,player,serve_short,opponent,Point,8,7.97,opponent,smash,7,4,0,0
2026-05-03T16:09:48,Club,singles,opponent,serve_drive,player,Faute filet,5,4.63,opponent,drop,7,5,0,0
2026-05-03T16:09:52,Club,singles,player,serve_lob,opponent,Point,2,2.89,opponent,smash,8,5,0,0
2026-05-03T16:09:59,Club,singles,opponent,serve_lob,player,Faute filet,7,5.68,opponent,smash,8,6,0,0
2026-05-03T16:10:10,Club,singles,player,serve_short,opponent,Faute filet,11,10.08,player,lob,9,6,0,0
2026-05-03T16:13:45,Club,singles,opponent,serve_short,player,Faute dehors,5,5.72,opponent,drop,9,7,0,0
2026-05-03T16:13:51,Club,singles,player,serve_drive,opponent,Faute dehors,5,5.16,player,smash,10,7,0,0
2026-05-03T16:14:06,Club,singles,opponent,serve_lob,opponent,Faute dehors,12,13.85,player,smash,10,8,0,0
2026-05-03T16:14:12,Club,singles,opponent,serve_short,player,Point,4,4.13,player,smash,10,9,0,0
2026-05-03T16:14:18,Club,singles,player,serve_lob,opponent,Faute dehors,5,5.11,player,smash,11,9,0,0
2026-05-03T16:14:24,Club,singles,opponent,serve_lob,player,Faute filet,5,4.48,opponent,drop,11,10,0,0
2026-05-03T16:14:31,Club,singles,player,serve_short,player,Faute dehors,6,6.54,opponent,smash,12,10,0,0
2026-05-03T16:14:33,Club,singles,player,serve_short,opponent,Faute service,1,0.60,player,serve_short,13,10,0,0
2026-05-03T16:14:36,Club,singles,opponent,serve_lob,opponent,Faute filet,2,2.17,player,smash,13,11,0,0
2026-05-03T16:14:40,Club,singles,opponent,serve_lob,player,Faute filet,3,2.86,opponent,smash,13,12,0,0
2026-05-03T16:14:47,Club,singles,player,serve_drive,opponent,Point,6,6.06,opponent,smash,14,12,0,0
2026-05-03T16:17:19,Club,singles,opponent,serve_lob,player,Faute filet,15,16.54,opponent,smash,14,13,0,0
2026-05-03T16:17:20,Club,singles,player,serve_short,opponent,Faute service,1,0.60,player,serve_short,15,13,0,0
2026-05-03T16:17:28,Club,singles,opponent,serve_lob,player,Point,6,6.54,player,smash,15,14,0,0
2026-05-03T16:17:36,Club,singles,player,serve_lob,player,Faute dehors,6,7.20,opponent,smash,16,14,0,0
2026-05-03T16:17:46,Club,singles,player,serve_short,player,Faute dehors,8,8.69,opponent,smash,17,14,0,0
2026-05-03T16:17:54,Club,singles,player,serve_lob,opponent,Faute dehors,7,7.20,player,lob,18,14,0,0
2026-05-03T16:18:08,Club,singles,opponent,serve_lob,player,Faute dehors,13,12.31,opponent,smash,18,15,0,0
2026-05-03T16:18:14,Club,singles,player,serve_short,opponent,Faute dehors,5,5.28,player,smash,19,15,0,0
2026-05-03T16:18:24,Club,singles,opponent,serve_lob,opponent,Faute dehors,8,8.82,player,smash,19,16,0,0
2026-05-03T16:18:29,Club,singles,opponent,serve_short,opponent,Faute dehors,4,3.91,player,lob,19,17,0,0
2026-05-03T16:18:37,Club,singles,opponent,serve_short,opponent,Faute filet,10,6.44,player,lob,19,18,0,0
2026-05-03T16:18:41,Club,singles,opponent,serve_drive,player,Point,4,3.14,player,smash,19,19,0,0
2026-05-03T16:18:51,Club,singles,player,serve_lob,player,Point,7,8.57,player,smash,20,19,0,0
2026-05-03T16:26:03,Club,singles,player,serve_short,player,Faute filet,2,1.30,opponent,drive,0,0,0,0
2026-05-03T16:26:09,Club,singles,player,serve_short,opponent,Faute dehors,5,5.38,player,lob,1,0,0,0
2026-05-03T16:26:14,Club,singles,opponent,serve_lob,player,Faute dehors,3,4.14,opponent,smash,1,1,0,0
2026-05-03T16:26:23,Club,singles,player,serve_short,player,Faute dehors,8,7.67,opponent,drop,2,1,0,0
2026-05-03T16:26:26,Club,singles,player,serve_lob,opponent,Faute service,1,2.47,player,serve_lob,3,1,0,0
2026-05-03T16:26:33,Club,singles,opponent,serve_lob,opponent,Faute dehors,4,5.30,player,drop,3,2,0,0
2026-05-03T16:26:46,Club,singles,opponent,serve_drive,opponent,Point,11,11.48,opponent,smash,3,3,0,0
2026-05-03T16:26:47,Club,singles,opponent,serve_drive,player,Faute service,1,0.52,opponent,serve_drive,3,4,0,0
2026-05-03T16:28:28,Club,singles,player,serve_lob,player,Faute filet,5,3.44,player,smash,4,4,0,0
2026-05-03T16:28:30,Club,singles,player,serve_short,player,Faute filet,2,1.25,opponent,drop,5,4,0,0
2026-05-03T16:28:34,Club,singles,player,serve_lob,opponent,Point,2,2.88,opponent,smash,6,4,0,0
2026-05-03T16:28:37,Club,singles,opponent,serve_short,player,Faute filet,3,1.97,opponent,smash,6,5,0,0
2026-05-03T16:28:42,Club,singles,player,serve_lob,player,Point,3,4.16,player,drop,7,5,0,0
2026-05-03T16:28:51,Club,singles,player,serve_lob,opponent,Point,6,7.74,opponent,smash,8,5,0,0
2026-05-03T16:28:56,Club,singles,opponent,serve_drive,player,Faute filet,5,3.61,opponent,smash,8,6,0,0
2026-05-03T16:30:55,Club,singles,player,serve_lob,player,Faute filet,10,118.17,opponent,smash,9,6,0,0
2026-05-03T16:31:00,Club,singles,player,serve_short,opponent,Point,4,3.38,opponent,drop,10,6,0,0
2026-05-03T16:31:04,Club,singles,opponent,serve_lob,opponent,Faute dehors,2,2.84,player,smash,10,7,0,0
2026-05-03T16:31:17,Club,singles,opponent,serve_drive,opponent,Faute filet,12,11.98,player,drop,10,8,0,0
2026-05-03T16:31:22,Club,singles,opponent,serve_short,opponent,Faute dehors,4,4.08,player,smash,10,9,0,0
2026-05-03T16:31:27,Club,singles,opponent,serve_lob,player,Point,4,4.01,player,smash,10,10,0,0
2026-05-03T16:31:34,Club,singles,player,serve_short,player,Point,7,6.03,player,smash,11,10,0,0
2026-05-03T16:31:44,Club,singles,player,serve_drive,player,Point,9,8.50,player,smash,12,10,0,0
2026-05-03T16:31:49,Club,singles,player,serve_short,player,Faute dehors,4,4.39,opponent,drop,13,10,0,0
2026-05-03T16:31:53,Club,singles,player,serve_drive,player,Faute dehors,2,2.44,opponent,drop,14,10,0,0
2026-05-03T16:32:07,Club,singles,player,serve_drive,opponent,Faute dehors,13,13.37,player,smash,15,10,0,0
2026-05-03T16:33:56,Club,singles,opponent,serve_lob,player,Faute dehors,11,12.63,opponent,smash,15,11,0,0
2026-05-03T16:34:06,Club,singles,player,serve_drive,opponent,Point,8,8.82,opponent,smash,16,11,0,0
2026-05-03T16:34:22,Club,singles,opponent,serve_short,player,Faute dehors,15,15.37,opponent,smash,16,12,0,0
2026-05-03T16:34:30,Elite,singles,player,serve_short,opponent,Point,6,6.40,opponent,drop,17,12,0,0
2026-05-03T16:34:33,Elite,singles,opponent,serve_lob,opponent,Point,1,2.47,opponent,serve_lob,17,13,0,0
2026-05-03T16:34:42,Elite,singles,opponent,serve_short,opponent,Point,7,7.44,opponent,smash,17,14,0,0
2026-05-03T16:34:53,Elite,singles,opponent,serve_short,player,Point,8,9.49,player,drop,17,15,0,0
2026-05-03T16:34:58,Elite,singles,player,serve_lob,opponent,Faute filet,5,4.43,player,lob,18,15,0,0
2026-05-03T16:35:18,Elite,singles,opponent,serve_lob,player,Point,18,19.03,player,drop,18,16,0,0
2026-05-03T16:35:26,Elite,singles,player,serve_short,player,Faute dehors,6,6.23,opponent,smash,19,16,0,0
2026-05-03T16:35:42,Elite,singles,player,serve_short,player,Faute filet,16,14.87,opponent,smash,20,16,0,0
2026-05-03T16:36:02,Club,singles,player,serve_drive,opponent,Faute dehors,3,3.31,player,smash,0,0,0,0
2026-05-03T16:36:09,Club,singles,opponent,serve_short,player,Faute dehors,7,5.79,opponent,drop,0,1,0,0
2026-05-03T16:36:15,Club,singles,player,serve_drive,player,Point,5,4.62,player,smash,1,1,0,0
2026-05-03T16:36:21,Club,singles,player,serve_lob,player,Faute dehors,4,5.16,opponent,drop,2,1,0,0
2026-05-03T16:36:30,Club,singles,player,serve_lob,player,Point,7,8.45,player,smash,3,1,0,0
2026-05-03T16:36:44,Club,singles,player,serve_short,player,Point,13,12.72,player,drop,4,1,0,0
2026-05-03T16:36:49,Club,singles,player,serve_lob,player,Faute filet,4,4.03,opponent,drop,5,1,0,0
2026-05-03T16:37:51,Club,singles,player,serve_lob,opponent,Faute filet,11,11.13,player,lob,6,1,0,0
2026-05-03T16:37:54,Club,singles,opponent,serve_short,player,Faute filet,3,1.84,opponent,smash,6,2,0,0
2026-05-03T16:38:01,Club,singles,player,serve_lob,player,Faute dehors,6,6.30,opponent,drop,7,2,0,0
2026-05-03T16:38:08,Club,singles,player,serve_lob,player,Faute dehors,4,6.08,opponent,lob,8,2,0,0
2026-05-03T16:38:11,Club,singles,player,serve_short,player,Faute dehors,2,2.16,opponent,drive,9,2,0,0
2026-05-03T16:38:18,Club,singles,player,serve_drive,opponent,Faute dehors,5,5.33,player,lob,10,2,0,0
2026-05-03T16:38:22,Club,singles,opponent,serve_lob,player,Point,2,2.86,player,smash,10,3,0,0
2026-05-03T16:38:36,Club,singles,player,serve_short,opponent,Faute dehors,13,13.00,player,smash,11,3,0,0
2026-05-03T16:38:37,Club,singles,opponent,serve_short,player,Faute service,1,0.60,opponent,serve_short,11,4,0,0
2026-05-03T16:38:42,Club,singles,player,serve_short,opponent,Faute dehors,5,4.01,player,smash,12,4,0,0
2026-05-03T16:38:56,Club,singles,opponent,serve_short,player,Point,12,12.46,player,drop,12,5,0,0
2026-05-03T16:39:05,Club,singles,player,serve_drive,opponent,Point,8,8.37,opponent,smash,13,5,0,0
2026-05-03T16:39:19,Club,singles,opponent,serve_short,player,Faute dehors,13,12.28,opponent,smash,13,6,0,0
2026-05-03T16:39:29,Club,singles,player,serve_lob,opponent,Point,8,8.65,opponent,smash,14,6,0,0
2026-05-03T16:39:44,Club,singles,opponent,serve_short,opponent,Faute dehors,14,14.09,player,lob,14,7,0,0
2026-05-03T16:39:50,Club,singles,opponent,serve_short,player,Faute dehors,5,4.83,opponent,lob,14,8,0,0
2026-05-03T16:39:54,Club,singles,player,serve_lob,player,Faute dehors,2,2.86,opponent,smash,15,8,0,0
2026-05-03T16:39:57,Club,singles,player,serve_short,player,Faute dehors,2,2.29,opponent,drop,16,8,0,0
2026-05-03T16:40:04,Club,singles,player,serve_short,player,Faute dehors,6,6.37,opponent,smash,17,8,0,0
2026-05-03T16:40:10,Club,singles,player,serve_short,player,Faute dehors,4,4.49,opponent,drop,18,8,0,0
2026-05-03T16:40:17,Club,singles,player,serve_lob,player,Point,7,6.43,player,smash,19,8,0,0
2026-05-03T16:40:23,Club,singles,player,serve_short,opponent,Faute dehors,5,4.23,player,smash,20,8,0,0
2026-05-03T16:40:30,Club,singles,opponent,serve_short,opponent,Faute dehors,6,6.00,player,lob,20,9,0,0
2026-05-03T16:40:36,Club,singles,opponent,serve_short,opponent,Point,3,4.29,opponent,smash,20,10,0,0
2026-05-03T16:40:53,Club,singles,opponent,serve_short,player,Faute dehors,15,15.21,opponent,smash,20,11,0,0
2026-05-03T16:41:24,Club,singles,opponent,serve_short,opponent,Point,7,7.08,opponent,smash,0,0,1,0
2026-05-03T16:41:32,Club,singles,opponent,serve_short,player,Faute filet,8,6.43,player,lob,0,1,1,0
2026-05-03T16:41:35,Club,singles,player,serve_lob,player,Faute filet,2,2.15,opponent,smash,1,1,1,0
2026-05-03T16:41:39,Club,singles,player,serve_short,player,Faute filet,4,2.51,opponent,smash,2,1,1,0
2026-05-03T16:41:49,Club,singles,player,serve_short,opponent,Faute filet,11,9.66,player,smash,3,1,1,0
2026-05-03T16:41:56,Club,singles,opponent,serve_lob,player,Faute dehors,5,5.85,opponent,drop,3,2,1,0
2026-05-03T16:42:09,Club,singles,player,serve_short,opponent,Faute filet,13,11.18,player,smash,4,2,1,0
2026-05-03T16:42:13,Club,singles,opponent,serve_short,player,Point,4,3.59,player,drop,4,3,1,0
2026-05-03T16:42:20,Club,singles,player,serve_short,opponent,Faute dehors,5,5.68,player,lob,5,3,1,0
2026-05-03T16:42:26,Club,singles,opponent,serve_lob,player,Faute filet,5,4.86,opponent,drop,5,4,1,0
2026-05-03T16:42:30,Club,singles,player,serve_short,opponent,Faute dehors,3,2.87,player,smash,6,4,1,0
2026-05-03T16:42:35,Club,singles,opponent,serve_short,player,Faute dehors,5,4.04,opponent,smash,6,5,1,0
2026-05-03T16:42:42,Club,singles,player,serve_lob,player,Point,5,5.41,player,smash,7,5,1,0
2026-05-03T16:42:46,Club,singles,player,serve_lob,player,Faute dehors,2,3.61,opponent,lob,8,5,1,0
2026-05-03T16:43:09,Club,singles,player,serve_short,opponent,Faute dehors,21,22.11,player,lob,9,5,1,0
2026-05-03T16:55:52,Club,singles,opponent,serve_short,player,Faute dehors,3,2.92,opponent,drop,9,6,1,0
2026-05-03T16:55:58,Club,singles,player,serve_lob,player,Faute filet,4,4.08,opponent,smash,10,6,1,0
2026-05-03T16:56:04,Club,singles,player,serve_lob,player,Point,5,5.78,player,drop,11,6,1,0
2026-05-03T16:56:10,Club,singles,player,serve_short,player,Faute filet,6,4.58,opponent,lob,12,6,1,0
2026-05-03T16:56:17,Club,singles,player,serve_lob,opponent,Point,6,5.89,opponent,smash,13,6,1,0
2026-05-03T16:56:47,Club,singles,opponent,serve_short,opponent,Point,1,29.27,opponent,serve_short,13,7,1,0
2026-05-03T16:57:46,Club,singles,opponent,serve_lob,player,Faute dehors,7,7.52,opponent,drop,13,8,1,0
2026-05-03T16:57:48,Club,singles,player,serve_short,player,Faute filet,2,1.15,opponent,drive,14,8,1,0
2026-05-03T17:00:20,Club,singles,player,serve_short,opponent,Point,6,5.92,opponent,smash,0,0,0,0
2026-05-03T17:00:22,Club,singles,opponent,serve_drive,opponent,Faute filet,2,1.39,player,drop,0,1,0,0
2026-05-03T17:00:34,Club,singles,opponent,serve_lob,opponent,Faute dehors,10,10.88,player,drop,0,2,0,0
2026-05-03T17:00:44,Club,singles,opponent,serve_short,opponent,Faute dehors,10,8.57,player,smash,0,3,0,0
2026-05-03T17:00:48,Club,singles,opponent,serve_lob,opponent,Faute filet,2,2.17,player,smash,0,4,0,0
2026-05-03T17:00:52,Club,singles,opponent,serve_lob,player,Faute filet,3,2.82,opponent,smash,0,5,0,0
2026-05-03T17:00:57,Club,singles,player,serve_lob,opponent,Faute filet,5,4.70,player,drop,1,5,0,0
2026-05-03T17:01:04,Club,singles,opponent,serve_short,opponent,Faute filet,6,5.68,player,drop,1,6,0,0
2026-05-03T17:01:16,Club,singles,opponent,serve_drive,opponent,Point,9,10.34,opponent,smash,1,7,0,0
2026-05-03T17:01:17,Club,singles,opponent,serve_drive,player,Faute service,1,0.48,opponent,serve_drive,1,8,0,0
2026-05-03T17:01:24,Club,singles,player,serve_short,opponent,Point,6,5.16,opponent,smash,2,8,0,0
2026-05-03T17:01:30,Club,singles,opponent,serve_short,player,Point,6,5.45,player,smash,2,9,0,0
2026-05-03T17:01:36,Club,singles,player,serve_short,player,Point,5,5.14,player,smash,3,9,0,0
2026-05-03T17:01:57,Club,singles,player,serve_short,opponent,Faute dehors,19,19.77,player,smash,4,9,0,0
2026-05-03T17:02:43,Club,singles,opponent,serve_short,opponent,Faute dehors,4,3.86,player,smash,4,10,0,0
2026-05-03T17:02:50,Club,singles,opponent,serve_lob,player,Faute filet,5,5.88,opponent,smash,4,11,0,0
2026-05-03T17:02:56,Club,singles,player,serve_short,opponent,Faute filet,7,5.73,player,drop,5,11,0,0
2026-05-03T17:03:03,Club,singles,opponent,serve_short,opponent,Faute dehors,6,5.76,player,smash,5,12,0,0
2026-05-03T17:03:09,Club,singles,opponent,serve_drive,player,Faute dehors,5,4.81,opponent,smash,5,13,0,0
2026-05-03T17:03:23,Club,singles,player,serve_short,opponent,Point,12,12.30,opponent,smash,6,13,0,0
2026-05-03T17:03:29,Club,singles,opponent,serve_short,player,Faute filet,5,5.03,opponent,smash,6,14,0,0
2026-05-03T17:03:32,Club,singles,player,serve_short,opponent,Faute filet,3,2.09,player,lob,7,14,0,0
2026-05-03T17:03:39,Club,singles,opponent,serve_lob,opponent,Point,5,5.80,opponent,smash,7,15,0,0
2026-05-03T17:03:47,Club,singles,opponent,serve_lob,player,Faute dehors,5,6.01,opponent,smash,7,16,0,0
2026-05-03T17:03:56,Club,singles,player,serve_short,player,Faute dehors,8,7.95,opponent,lob,8,16,0,0
2026-05-03T17:04:00,Club,singles,player,serve_drive,opponent,Point,4,3.12,opponent,smash,9,16,0,0
2026-05-03T17:04:04,Club,singles,opponent,serve_short,player,Faute dehors,3,2.99,opponent,drop,9,17,0,0
2026-05-03T17:04:09,Club,singles,player,serve_lob,player,Point,3,3.70,player,drop,10,17,0,0
2026-05-03T17:04:23,Club,singles,player,serve_lob,player,Point,11,13.18,player,smash,11,17,0,0
2026-05-03T17:04:29,Club,singles,player,serve_short,opponent,Point,6,5.08,opponent,smash,12,17,0,0
2026-05-03T17:04:34,Club,singles,opponent,serve_lob,player,Faute dehors,3,3.94,opponent,drop,12,18,0,0
2026-05-03T17:04:39,Club,singles,player,serve_lob,opponent,Faute dehors,3,3.54,player,smash,13,18,0,0
2026-05-03T17:04:42,Club,singles,opponent,serve_lob,opponent,Faute filet,2,2.32,player,drop,13,19,0,0
2026-05-03T17:04:45,Club,singles,opponent,serve_short,player,Faute filet,3,1.97,opponent,drop,13,20,0,0
2026-05-03T17:04:51,Club,singles,player,serve_lob,player,Faute dehors,4,4.78,opponent,smash,14,20,0,0
2026-05-03T17:04:54,Club,singles,player,serve_short,opponent,Faute service,1,1.67,player,serve_short,15,20,0,0
2026-05-03T17:05:11,Club,singles,opponent,serve_short,player,Faute dehors,9,8.61,opponent,smash,0,0,0,1
2026-05-03T17:05:15,Club,singles,player,serve_short,opponent,Faute filet,5,3.63,player,drop,1,0,0,1
2026-05-03T17:05:24,Club,singles,opponent,serve_drive,player,Point,8,7.54,player,drop,1,1,0,1
2026-05-03T17:05:33,Club,singles,player,serve_drive,opponent,Faute dehors,7,8.22,player,drop,2,1,0,1
2026-05-03T17:05:35,Club,singles,opponent,serve_drive,player,Faute service,1,0.52,opponent,serve_drive,2,2,0,1
2026-05-03T17:05:40,Club,singles,player,serve_drive,player,Faute dehors,4,3.79,opponent,lob,3,2,0,1
2026-05-03T17:05:45,Club,singles,player,serve_lob,opponent,Faute dehors,3,4.23,player,lob,4,2,0,1
2026-05-03T17:05:53,Club,singles,opponent,serve_short,player,Faute dehors,7,7.19,opponent,smash,4,3,0,1
2026-05-03T17:05:58,Club,singles,player,serve_drive,player,Point,3,3.30,player,smash,5,3,0,1
2026-05-03T17:06:06,Club,singles,player,serve_short,opponent,Faute dehors,7,7.35,player,smash,6,3,0,1
2026-05-03T17:06:16,Club,singles,opponent,serve_drive,opponent,Faute dehors,8,8.63,player,smash,6,4,0,1
2026-05-03T17:06:21,Club,singles,opponent,serve_lob,opponent,Faute dehors,2,3.61,player,lob,6,5,0,1
2026-05-03T17:06:24,Club,singles,opponent,serve_short,player,Faute filet,3,2.00,opponent,smash,6,6,0,1
2026-05-03T17:06:27,Club,singles,player,serve_short,opponent,Faute service,1,1.67,player,serve_short,7,6,0,1
2026-05-03T17:06:37,Club,singles,opponent,serve_short,player,Faute dehors,11,9.49,opponent,smash,7,7,0,1
2026-05-03T17:06:43,Club,singles,player,serve_drive,opponent,Faute dehors,5,4.98,player,drop,8,7,0,1
2026-05-03T17:06:47,Club,singles,opponent,serve_short,opponent,Faute dehors,2,2.77,player,lob,8,8,0,1
2026-05-03T17:06:53,Club,singles,opponent,serve_drive,opponent,Faute dehors,4,4.35,player,drop,8,9,0,1
2026-05-03T17:07:03,Club,singles,opponent,serve_drive,opponent,Point,9,9.37,opponent,smash,8,10,0,1
2026-05-03T17:07:08,Club,singles,opponent,serve_short,opponent,Faute dehors,4,3.19,player,smash,8,11,0,1
2026-05-03T17:07:12,Club,singles,opponent,serve_lob,opponent,Point,3,3.43,opponent,smash,8,12,0,1
2026-05-03T17:07:29,Club,singles,opponent,serve_short,player,Faute filet,17,15.62,opponent,smash,8,13,0,1
2026-05-03T17:07:37,Club,singles,player,serve_lob,player,Point,5,6.67,player,drop,9,13,0,1
2026-05-03T17:07:41,Club,singles,player,serve_lob,player,Faute dehors,2,2.85,opponent,smash,10,13,0,1
2026-05-03T17:07:49,Club,singles,player,serve_short,opponent,Faute filet,7,6.87,player,drop,11,13,0,1
2026-05-03T17:07:53,Club,singles,opponent,serve_lob,opponent,Faute dehors,2,3.53,player,lob,11,14,0,1
2026-05-03T17:08:02,Club,singles,opponent,serve_lob,opponent,Faute dehors,6,7.29,player,lob,11,15,0,1
2026-05-03T17:08:13,Club,singles,opponent,serve_lob,player,Faute filet,11,10.09,opponent,drop,11,16,0,1
2026-05-03T17:08:16,Club,singles,player,serve_short,player,Faute dehors,2,2.34,opponent,drop,12,16,0,1
2026-05-03T17:08:24,Club,singles,player,serve_lob,opponent,Point,6,6.35,opponent,smash,13,16,0,1
2026-05-03T17:08:33,Club,singles,opponent,serve_short,opponent,Point,9,7.37,opponent,smash,13,17,0,1
2026-05-03T17:08:38,Club,singles,opponent,serve_drive,opponent,Faute filet,4,3.78,player,smash,13,18,0,1
2026-05-03T17:08:54,Club,singles,opponent,serve_lob,opponent,Faute dehors,12,14.80,player,smash,13,19,0,1
2026-05-03T17:08:59,Club,singles,opponent,serve_short,opponent,Faute dehors,4,3.53,player,drop,13,20,0,1
2026-05-03T17:11:52,Club,singles,player,serve_short,player,Faute dehors,2,2.78,opponent,lob,0,0,0,0
2026-05-03T17:11:57,Club,singles,player,serve_short,player,Faute dehors,4,4.16,opponent,lob,1,0,0,0
2026-05-03T17:12:24,Club,singles,player,serve_lob,opponent,Point,26,25.50,opponent,smash,2,0,0,0
2026-05-03T17:12:31,Club,singles,opponent,serve_lob,opponent,Point,5,6.32,opponent,smash,2,1,0,0
2026-05-03T17:12:45,Club,singles,opponent,serve_short,opponent,Point,11,12.41,opponent,smash,2,2,0,0
2026-05-03T17:12:48,Club,singles,opponent,serve_short,player,Faute filet,3,1.92,opponent,drop,2,3,0,0
2026-05-03T17:13:04,Club,singles,player,serve_short,player,Faute dehors,14,15.24,opponent,smash,3,3,0,0
2026-05-03T17:13:07,Club,singles,player,serve_short,player,Faute dehors,2,2.12,opponent,drive,4,3,0,0
2026-05-03T17:13:10,Club,singles,player,serve_short,player,Faute filet,2,1.20,opponent,drive,5,3,0,0
2026-05-03T17:13:11,Club,singles,player,serve_short,opponent,Faute service,1,0.58,player,serve_short,6,3,0,0
2026-05-03T17:13:21,Club,singles,opponent,serve_short,opponent,Point,11,9.02,opponent,smash,6,4,0,0
2026-05-03T17:13:28,Club,singles,opponent,serve_lob,player,Point,4,4.90,player,smash,6,5,0,0
2026-05-03T17:13:34,Club,singles,player,serve_short,player,Point,5,5.83,player,drop,7,5,0,0
2026-05-03T17:13:45,Club,singles,player,serve_short,player,Faute dehors,10,9.38,opponent,smash,8,5,0,0
2026-05-03T17:13:52,Club,singles,player,serve_short,player,Point,7,6.47,player,smash,9,5,0,0
2026-05-03T17:13:55,Club,singles,player,serve_short,opponent,Faute service,1,1.67,player,serve_short,10,5,0,0
2026-05-03T17:14:11,Club,singles,opponent,serve_lob,opponent,Faute dehors,14,15.15,player,lob,10,6,0,0
2026-05-03T17:14:14,Club,singles,opponent,serve_short,opponent,Faute filet,2,1.29,player,drop,10,7,0,0
2026-05-03T17:14:18,Club,singles,opponent,serve_lob,opponent,Faute dehors,2,2.90,player,smash,10,8,0,0
2026-05-03T17:14:20,Club,singles,opponent,serve_short,opponent,Faute filet,2,1.36,player,drive,10,9,0,0
2026-05-03T17:14:24,Club,singles,opponent,serve_short,player,Point,2,2.24,player,drop,10,10,0,0
2026-05-03T17:14:28,Club,singles,player,serve_short,player,Faute filet,4,3.11,opponent,drop,11,10,0,0
2026-05-03T17:14:33,Club,singles,player,serve_lob,player,Faute dehors,2,3.63,opponent,lob,12,10,0,0
2026-05-03T17:14:49,Club,singles,player,serve_drive,player,Point,13,14.95,player,smash,13,10,0,0
2026-05-03T17:15:02,Club,singles,player,serve_short,opponent,Point,12,12.63,opponent,smash,14,10,0,0
2026-05-03T17:15:06,Club,singles,opponent,serve_drive,opponent,Faute dehors,2,2.76,player,lob,14,11,0,0
2026-05-03T17:15:24,Club,singles,opponent,serve_short,player,Point,16,16.74,player,lob,14,12,0,0
2026-05-03T17:15:29,Club,singles,player,serve_lob,opponent,Faute filet,3,3.66,player,drop,15,12,0,0
2026-05-03T17:15:35,Club,singles,opponent,serve_lob,opponent,Faute filet,4,4.64,player,drop,15,13,0,0
2026-05-03T17:15:45,Club,singles,opponent,serve_drive,opponent,Faute dehors,8,8.71,player,lob,15,14,0,0
2026-05-03T17:15:48,Club,singles,opponent,serve_short,player,Faute filet,3,2.09,opponent,lob,15,15,0,0
2026-05-03T17:15:49,Club,singles,player,serve_short,opponent,Faute service,1,0.62,player,serve_short,16,15,0,0
2026-05-03T17:16:04,Club,singles,opponent,serve_lob,opponent,Faute dehors,12,13.79,player,smash,16,16,0,0
2026-05-03T17:16:12,Club,singles,opponent,serve_short,opponent,Point,9,6.85,opponent,smash,16,17,0,0
2026-05-03T17:16:17,Club,singles,opponent,serve_short,player,Faute dehors,3,3.21,opponent,drop,16,18,0,0
2026-05-03T17:16:21,Club,singles,player,serve_lob,player,Faute dehors,2,2.89,opponent,smash,17,18,0,0
2026-05-03T17:16:24,Club,singles,player,serve_drive,player,Faute dehors,2,2.02,opponent,smash,18,18,0,0
2026-05-03T17:16:30,Club,singles,player,serve_drive,opponent,Faute dehors,5,5.49,player,smash,19,18,0,0
2026-05-03T17:16:33,Club,singles,opponent,serve_short,opponent,Faute filet,2,1.09,player,drop,19,19,0,0
2026-05-03T17:16:39,Club,singles,opponent,serve_short,player,Faute dehors,5,4.93,opponent,lob,19,20,0,0
2026-05-03T17:16:46,Club,singles,player,serve_short,player,Faute dehors,6,6.38,opponent,smash,20,20,0,0
2026-05-03T17:16:55,Club,singles,player,serve_drive,opponent,Point,8,7.79,opponent,smash,21,20,0,0
2026-05-03T17:17:06,Club,singles,opponent,serve_short,player,Point,10,10.34,player,drop,21,21,0,0
2026-05-03T17:17:10,Club,singles,player,serve_lob,player,Faute filet,2,2.37,opponent,drop,22,21,0,0
2026-05-03T17:17:29,Club,singles,opponent,serve_short,player,Faute dehors,13,12.60,opponent,drop,0,0,1,0
2026-05-03T17:17:39,Club,singles,player,serve_drive,opponent,Point,8,8.17,opponent,smash,1,0,1,0
2026-05-03T17:17:45,Club,singles,opponent,serve_drive,player,Faute dehors,5,4.98,opponent,smash,1,1,1,0
2026-05-03T17:17:58,Club,singles,player,serve_short,player,Faute filet,12,12.48,opponent,drop,2,1,1,0
2026-05-03T17:18:08,Club,singles,player,serve_short,player,Faute dehors,8,8.41,opponent,smash,3,1,1,0
2026-05-03T17:18:26,Club,singles,player,serve_short,player,Faute dehors,16,17.79,opponent,smash,4,1,1,0
2026-05-03T17:18:34,Club,singles,player,serve_short,opponent,Faute dehors,7,6.55,player,smash,5,1,1,0
2026-05-03T17:18:45,Club,singles,opponent,serve_lob,opponent,Faute filet,10,10.06,player,drop,5,2,1,0
2026-05-03T17:18:53,Club,singles,opponent,serve_lob,opponent,Faute dehors,6,6.58,player,drop,5,3,1,0
2026-05-03T17:18:55,Club,singles,opponent,serve_short,opponent,Faute filet,2,1.13,player,drive,5,4,1,0
2026-05-03T17:19:02,Club,singles,opponent,serve_short,player,Faute dehors,5,5.51,opponent,lob,5,5,1,0
2026-05-03T17:19:08,Club,singles,player,serve_short,player,Point,5,4.47,player,smash,6,5,1,0
2026-05-03T17:19:13,Club,singles,player,serve_short,opponent,Faute filet,5,4.12,player,smash,7,5,1,0
2026-05-03T17:19:20,Club,singles,opponent,serve_short,player,Faute filet,7,5.90,opponent,smash,7,6,1,0
2026-05-03T17:19:22,Club,singles,player,serve_drive,player,Faute filet,2,1.27,opponent,smash,8,6,1,0
2026-05-03T17:19:31,Club,singles,player,serve_lob,player,Faute filet,8,7.67,opponent,drop,9,6,1,0
2026-05-03T17:19:39,Club,singles,player,serve_short,player,Faute dehors,8,6.74,opponent,smash,10,6,1,0
2026-05-03T17:19:51,Club,singles,player,serve_lob,opponent,Faute filet,9,11.12,player,drop,11,6,1,0
2026-05-03T17:20:00,Club,singles,opponent,serve_lob,player,Faute filet,9,8.40,opponent,drop,11,7,1,0
2026-05-03T17:20:21,Club,singles,player,serve_short,player,Point,13,12.60,player,lob,0,0,0,0
2026-05-03T17:20:44,Club,singles,player,serve_short,opponent,Faute dehors,23,21.85,player,drop,1,0,0,0
2026-05-03T17:20:46,Club,singles,opponent,serve_short,player,Faute service,1,0.45,opponent,serve_short,1,1,0,0
2026-05-03T17:20:53,Club,singles,player,serve_short,player,Faute dehors,6,5.90,opponent,smash,2,1,0,0
2026-05-03T17:21:05,Club,singles,player,serve_short,opponent,Faute filet,13,11.72,player,smash,3,1,0,0
2026-05-03T17:21:09,Club,singles,opponent,serve_lob,player,Faute service,1,2.47,opponent,serve_lob,3,2,0,0
2026-05-03T17:21:16,Club,singles,player,serve_drive,player,Faute dehors,6,6.37,opponent,smash,4,2,0,0
2026-05-03T17:21:31,Club,singles,player,serve_short,opponent,Faute dehors,13,13.57,player,lob,5,2,0,0
2026-05-03T17:21:35,Club,singles,opponent,serve_lob,opponent,Faute filet,2,2.39,player,drop,5,3,0,0
2026-05-03T17:21:42,Club,singles,opponent,serve_short,opponent,Point,5,5.02,opponent,smash,5,4,0,0
2026-05-03T17:21:48,Club,singles,opponent,serve_lob,player,Faute dehors,3,4.15,opponent,smash,5,5,0,0
2026-05-03T17:21:55,Club,singles,player,serve_short,opponent,Faute dehors,5,6.00,player,lob,6,5,0,0
2026-05-03T17:21:58,Club,singles,opponent,serve_short,opponent,Faute dehors,2,2.32,player,drop,6,6,0,0
2026-05-03T17:22:21,Club,singles,opponent,serve_short,player,Faute dehors,21,21.28,opponent,drop,6,7,0,0
2026-05-03T17:22:23,Club,singles,player,serve_short,player,Faute filet,2,1.12,opponent,drive,7,7,0,0
2026-05-03T17:22:27,Club,singles,player,serve_drive,player,Point,3,3.31,player,smash,8,7,0,0
2026-05-03T17:22:36,Club,singles,player,serve_drive,opponent,Point,6,7.36,opponent,smash,9,7,0,0
2026-05-03T17:22:43,Club,singles,opponent,serve_lob,player,Point,6,5.83,player,smash,9,8,0,0
2026-05-03T17:22:55,Club,singles,player,serve_lob,player,Faute dehors,10,11.17,opponent,smash,10,8,0,0
2026-05-03T17:23:03,Club,singles,player,serve_short,player,Faute dehors,6,6.72,opponent,drop,11,8,0,0
2026-05-03T17:23:06,Club,singles,player,serve_lob,opponent,Point,2,2.87,opponent,smash,12,8,0,0
2026-05-03T17:23:12,Club,singles,opponent,serve_lob,opponent,Faute dehors,4,4.86,player,smash,12,9,0,0
2026-05-03T17:23:16,Club,singles,opponent,serve_short,opponent,Faute dehors,2,2.21,player,drive,12,10,0,0
2026-05-03T17:23:22,Club,singles,opponent,serve_short,player,Faute dehors,5,4.95,opponent,smash,12,11,0,0
2026-05-03T17:23:27,Club,singles,player,serve_short,opponent,Faute filet,5,3.81,player,smash,13,11,0,0
2026-05-03T17:23:31,Club,singles,opponent,serve_short,player,Faute dehors,3,3.22,opponent,smash,13,12,0,0
2026-05-03T17:23:34,Club,singles,player,serve_drive,opponent,Faute filet,3,1.82,player,smash,14,12,0,0
2026-05-03T17:23:54,Club,singles,opponent,serve_short,player,Faute filet,21,18.56,opponent,smash,14,13,0,0
2026-05-03T17:24:03,Club,singles,player,serve_short,opponent,Point,8,8.20,opponent,smash,15,13,0,0
2026-05-03T17:24:11,Club,singles,opponent,serve_short,opponent,Point,7,6.70,opponent,drop,15,14,0,0
2026-05-03T17:24:19,Club,singles,opponent,serve_short,player,Point,4,3.88,player,smash,15,15,0,0
2026-05-03T17:24:23,Club,singles,player,serve_short,opponent,Faute filet,3,2.72,player,drop,16,15,0,0
2026-05-03T17:24:29,Club,singles,opponent,serve_lob,player,Point,4,4.73,player,smash,16,16,0,0
2026-05-03T17:24:39,Club,singles,player,serve_drive,player,Point,9,8.97,player,drop,17,16,0,0
2026-05-03T17:24:48,Club,singles,player,serve_short,player,Faute dehors,8,8.09,opponent,drop,18,16,0,0
2026-05-03T17:24:51,Club,singles,player,serve_short,player,Faute dehors,2,2.77,opponent,lob,19,16,0,0
2026-05-03T17:24:58,Club,singles,player,serve_short,player,Point,5,5.05,player,smash,20,16,0,0
2026-05-03T17:26:29,Club,singles,opponent,serve_short,player,Faute filet,19,19.08,opponent,smash,0,0,1,0
2026-05-03T17:26:42,Club,singles,player,serve_drive,player,Faute filet,12,11.81,opponent,smash,1,0,1,0
2026-05-03T17:26:50,Club,singles,player,serve_short,player,Faute dehors,2,2.17,opponent,drive,0,0,0,0
2026-05-03T17:27:12,Club,singles,player,serve_short,player,Point,21,20.97,player,smash,1,0,0,0
2026-05-03T17:27:15,Club,singles,player,serve_lob,player,Faute filet,2,2.16,opponent,smash,2,0,0,0
2026-05-03T17:27:21,Club,singles,player,serve_lob,player,Point,5,4.78,player,smash,3,0,0,0
2026-05-03T17:27:24,Club,singles,player,serve_drive,player,Faute dehors,2,2.01,opponent,smash,4,0,0,0
2026-05-03T17:27:30,Club,singles,player,serve_lob,opponent,Faute dehors,3,4.56,player,drop,5,0,0,0
2026-05-03T17:27:36,Club,singles,opponent,serve_short,player,Point,4,4.89,player,drop,5,1,0,0
2026-05-03T17:27:44,Club,singles,player,serve_short,player,Point,7,7.15,player,drop,6,1,0,0
2026-05-03T17:27:54,Club,singles,player,serve_short,opponent,Faute filet,11,8.94,player,smash,7,1,0,0
2026-05-03T17:27:58,Club,singles,opponent,serve_lob,opponent,Faute filet,4,3.58,player,drop,7,2,0,0
2026-05-03T17:28:02,Club,singles,opponent,serve_lob,opponent,Faute filet,2,2.34,player,drop,7,3,0,0
2026-05-03T17:28:05,Club,singles,opponent,serve_short,player,Faute filet,3,1.97,opponent,drop,7,4,0,0
2026-05-03T17:28:08,Club,singles,player,serve_drive,player,Faute dehors,2,2.00,opponent,smash,8,4,0,0
2026-05-03T17:28:21,Club,singles,player,serve_short,player,Faute filet,12,11.66,opponent,smash,9,4,0,0
2026-05-03T17:28:25,Club,singles,player,serve_short,player,Faute filet,4,3.18,opponent,drop,10,4,0,0
2026-05-03T17:28:30,Club,singles,player,serve_drive,opponent,Point,4,3.79,opponent,smash,11,4,0,0
2026-05-03T17:28:41,Club,singles,opponent,serve_short,player,Point,10,9.97,player,lob,11,5,0,0
2026-05-03T17:28:49,Club,singles,player,serve_short,player,Faute dehors,6,6.89,opponent,drop,12,5,0,0
2026-05-03T17:28:53,Club,singles,player,serve_lob,opponent,Point,2,2.89,opponent,smash,13,5,0,0
2026-05-03T17:29:05,Club,singles,opponent,serve_lob,opponent,Point,11,10.99,opponent,smash,13,6,0,0
2026-05-03T17:29:12,Club,singles,opponent,serve_lob,player,Faute dehors,5,6.16,opponent,smash,13,7,0,0
2026-05-03T17:29:18,Club,singles,player,serve_short,player,Faute dehors,4,4.54,opponent,smash,14,7,0,0
2026-05-03T17:29:25,Club,singles,player,serve_short,opponent,Faute dehors,5,5.79,player,smash,15,7,0,0
2026-05-03T17:29:34,Club,singles,opponent,serve_drive,opponent,Faute dehors,8,8.48,player,lob,15,8,0,0
2026-05-03T17:29:38,Club,singles,opponent,serve_lob,player,Faute filet,3,2.79,opponent,drop,15,9,0,0
2026-05-03T17:29:42,Club,singles,player,serve_drive,opponent,Faute filet,3,2.44,player,smash,16,9,0,0
2026-05-03T17:29:44,Club,singles,opponent,serve_short,opponent,Faute filet,2,1.25,player,drop,16,10,0,0
2026-05-03T17:29:50,Club,singles,opponent,serve_short,opponent,Faute dehors,4,4.56,player,smash,16,11,0,0
2026-05-03T17:30:02,Club,singles,opponent,serve_short,player,Faute dehors,9,10.53,opponent,lob,16,12,0,0
2026-05-03T17:30:06,Club,singles,player,serve_drive,opponent,Faute dehors,3,2.77,player,smash,17,12,0,0
2026-05-03T17:30:22,Club,singles,opponent,serve_short,opponent,Faute filet,16,15.65,player,drop,17,13,0,0
2026-05-03T17:30:30,Club,singles,opponent,serve_lob,opponent,Faute filet,6,6.22,player,smash,17,14,0,0
2026-05-03T17:30:33,Club,singles,opponent,serve_short,opponent,Faute dehors,2,2.16,player,drive,17,15,0,0
2026-05-03T17:30:36,Club,singles,opponent,serve_short,player,Faute filet,3,1.95,opponent,smash,17,16,0,0
2026-05-03T17:30:52,Club,singles,player,serve_lob,opponent,Faute dehors,13,14.98,player,lob,18,16,0,0
2026-05-03T17:30:56,Club,singles,opponent,serve_lob,player,Faute filet,3,2.87,opponent,drop,18,17,0,0
2026-05-03T17:31:00,Club,singles,player,serve_drive,player,Faute dehors,2,2.76,opponent,lob,19,17,0,0
2026-05-03T17:31:06,Club,singles,player,serve_short,opponent,Faute dehors,5,5.04,player,smash,20,17,0,0
2026-05-03T17:31:14,Club,singles,opponent,serve_short,player,Point,6,6.22,player,smash,20,18,0,0
2026-05-03T17:38:26,Club,singles,player,serve_short,player,Faute filet,8,7.23,opponent,smash,0,0,0,0
2026-05-03T17:38:35,Club,singles,player,serve_lob,opponent,Faute filet,7,7.59,player,drop,1,0,0,0
2026-05-03T17:38:38,Club,singles,opponent,serve_drive,player,Faute filet,3,1.99,opponent,smash,1,1,0,0
2026-05-03T17:38:42,Club,singles,player,serve_lob,player,Faute filet,4,3.46,opponent,lob,2,1,0,0
2026-05-03T17:38:49,Club,singles,player,serve_drive,player,Faute dehors,6,6.02,opponent,drop,3,1,0,0
2026-05-03T17:38:52,Club,singles,player,serve_drive,player,Faute filet,2,1.27,opponent,smash,4,1,0,0
2026-05-03T17:38:54,Club,singles,player,serve_short,player,Faute filet,2,1.20,opponent,drive,5,1,0,0
2026-05-03T17:38:58,Club,singles,player,serve_short,player,Faute filet,4,2.57,opponent,drop,6,1,0,0
2026-05-03T17:39:06,Club,singles,player,serve_short,player,Faute dehors,8,7.69,opponent,smash,7,1,0,0
2026-05-03T17:39:13,Club,singles,player,serve_short,player,Faute dehors,6,6.11,opponent,lob,8,1,0,0
2026-05-03T17:39:29,Club,singles,player,serve_short,opponent,Faute dehors,15,14.97,player,lob,9,1,0,0
2026-05-03T17:39:33,Club,singles,opponent,serve_short,player,Faute filet,3,1.97,opponent,smash,9,2,0,0
2026-05-03T17:39:37,Club,singles,player,serve_lob,opponent,Point,2,2.88,opponent,smash,10,2,0,0
2026-05-03T17:39:48,Club,singles,opponent,serve_lob,player,Point,8,10.36,player,smash,10,3,0,0
2026-05-03T17:39:57,Club,singles,player,serve_short,player,Point,7,7.45,player,smash,11,3,0,0
2026-05-03T17:40:00,Club,singles,player,serve_short,player,Faute dehors,2,2.33,opponent,drop,12,3,0,0
2026-05-03T17:40:04,Club,singles,player,serve_short,player,Point,3,2.73,player,smash,13,3,0,0
2026-05-03T17:40:08,Club,singles,player,serve_lob,opponent,Point,2,2.89,opponent,smash,14,3,0,0
2026-05-03T17:40:17,Club,singles,opponent,serve_drive,player,Faute filet,11,7.94,opponent,drop,14,4,0,0
2026-05-03T17:40:21,Club,singles,player,serve_short,player,Faute filet,4,2.84,opponent,drop,15,4,0,0
2026-05-03T17:40:26,Club,singles,player,serve_short,opponent,Faute dehors,3,3.68,player,drop,16,4,0,0
2026-05-03T17:40:36,Club,singles,opponent,serve_lob,player,Faute dehors,5,6.43,opponent,drop,16,5,0,0
2026-05-03T17:40:44,Club,singles,player,serve_short,opponent,Point,8,7.59,opponent,smash,17,5,0,0
2026-05-03T17:41:02,Club,singles,opponent,serve_short,opponent,Faute dehors,14,16.09,player,lob,17,6,0,0
2026-05-03T17:41:09,Club,singles,opponent,serve_short,opponent,Faute dehors,6,6.20,player,smash,17,7,0,0
2026-05-03T17:41:12,Club,singles,opponent,serve_lob,opponent,Faute filet,2,2.20,player,smash,17,8,0,0
2026-05-03T17:41:23,Club,singles,opponent,serve_lob,player,Faute filet,9,9.12,opponent,drop,17,9,0,0
2026-05-03T17:41:31,Club,singles,player,serve_short,player,Point,7,7.03,player,drop,18,9,0,0
2026-05-03T17:41:35,Club,singles,player,serve_lob,player,Faute dehors,2,2.87,opponent,smash,19,9,0,0
2026-05-03T17:41:41,Club,singles,player,serve_short,opponent,Faute dehors,5,5.01,player,lob,20,9,0,0
2026-05-03T17:41:46,Club,singles,opponent,serve_short,player,Point,4,3.88,player,smash,20,10,0,0
2026-05-03T17:41:56,Club,singles,opponent,serve_drive,opponent,Faute dehors,4,3.91,player,smash,0,0,1,0
2026-05-03T17:42:01,Elite,singles,opponent,serve_short,opponent,Point,3,3.29,opponent,smash,0,1,1,0
2026-05-03T17:42:06,Elite,singles,opponent,serve_lob,player,Faute dehors,3,3.79,opponent,drop,0,2,1,0
2026-05-03T17:42:32,Elite,singles,player,serve_lob,player,Faute filet,24,25.48,opponent,drop,1,2,1,0
2026-05-03T17:42:38,Elite,singles,player,serve_drive,opponent,Faute filet,5,4.59,player,smash,2,2,1,0
2026-05-03T17:42:55,Elite,singles,opponent,serve_short,opponent,Point,15,15.54,opponent,drop,2,3,1,0
2026-05-03T17:43:03,Elite,singles,opponent,serve_short,player,Point,6,6.53,player,smash,2,4,1,0
2026-05-03T17:43:10,Elite,singles,player,serve_drive,player,Point,7,6.94,player,drop,3,4,1,0
2026-05-03T17:43:14,Elite,singles,player,serve_drive,player,Faute dehors,2,2.42,opponent,drop,4,4,1,0
2026-05-03T17:43:18,Elite,singles,player,serve_lob,player,Faute filet,4,3.61,opponent,lob,5,4,1,0
2026-05-03T17:43:21,Elite,singles,player,serve_drive,player,Faute filet,2,1.35,opponent,drop,6,4,1,0
2026-05-03T17:43:33,Elite,singles,player,serve_short,player,Faute dehors,12,10.93,opponent,smash,7,4,1,0
2026-05-03T17:43:37,Elite,singles,player,serve_short,player,Point,3,2.89,player,smash,8,4,1,0
2026-05-03T17:43:41,Elite,singles,player,serve_drive,player,Faute dehors,4,3.78,opponent,smash,9,4,1,0
2026-05-03T17:43:54,Elite,singles,player,serve_lob,player,Faute filet,10,11.18,opponent,smash,10,4,1,0
2026-05-03T17:44:05,Elite,singles,player,serve_lob,opponent,Faute filet,11,10.86,player,smash,11,4,1,0
2026-05-03T17:44:13,Elite,singles,opponent,serve_lob,player,Point,6,5.97,player,drop,11,5,1,0
2026-05-03T17:44:17,Elite,singles,player,serve_lob,opponent,Point,2,2.89,opponent,smash,12,5,1,0
2026-05-03T17:44:22,Elite,singles,opponent,serve_lob,player,Faute dehors,3,4.21,opponent,lob,12,6,1,0
2026-05-03T17:44:27,Elite,singles,player,serve_lob,opponent,Faute dehors,3,3.64,player,smash,13,6,1,0
2026-05-03T17:44:33,Elite,singles,opponent,serve_short,opponent,Point,5,5.40,opponent,smash,13,7,1,0
2026-05-03T17:44:38,Elite,singles,opponent,serve_drive,player,Point,4,3.21,player,smash,13,8,1,0
2026-05-03T17:44:44,Elite,singles,player,serve_short,opponent,Faute dehors,5,5.36,player,lob,14,8,1,0
2026-05-03T17:44:48,Elite,singles,opponent,serve_short,opponent,Faute filet,4,2.77,player,drop,14,9,1,0
2026-05-03T17:44:58,Elite,singles,opponent,serve_drive,player,Faute filet,9,8.69,opponent,smash,14,10,1,0
2026-05-03T17:45:02,Elite,singles,player,serve_short,opponent,Faute dehors,3,3.41,player,smash,15,10,1,0
2026-05-03T17:45:18,Elite,singles,opponent,serve_short,opponent,Faute filet,16,14.10,player,lob,15,11,1,0
2026-05-03T17:45:24,Elite,singles,opponent,serve_lob,player,Point,4,4.76,player,smash,15,12,1,0
2026-05-03T17:45:36,Elite,singles,player,serve_lob,opponent,Faute dehors,11,11.11,player,smash,16,12,1,0
2026-05-03T17:45:45,Elite,singles,opponent,serve_lob,opponent,Point,7,7.82,opponent,smash,16,13,1,0
2026-05-03T17:46:18,Elite,singles,opponent,serve_drive,opponent,Faute filet,36,32.45,player,drop,16,14,1,0
2026-05-03T17:46:26,Elite,singles,opponent,serve_short,opponent,Point,7,5.93,opponent,smash,16,15,1,0
2026-05-03T17:46:35,Elite,singles,opponent,serve_short,opponent,Point,7,7.94,opponent,smash,16,16,1,0
2026-05-03T17:47:06,Elite,singles,opponent,serve_short,player,Faute filet,31,29.94,opponent,drop,16,17,1,0
2026-05-03T17:47:09,Elite,singles,player,serve_short,player,Faute dehors,2,2.17,opponent,drive,17,17,1,0
2026-05-03T17:47:19,Elite,singles,player,serve_short,opponent,Point,8,8.59,opponent,drop,18,17,1,0
2026-05-03T17:47:23,Elite,singles,opponent,serve_short,player,Faute dehors,3,3.63,opponent,drop,18,18,1,0
2026-05-03T17:47:31,Elite,singles,player,serve_short,opponent,Faute filet,5,4.13,player,drop,19,18,1,0
2026-05-03T17:47:36,Elite,singles,opponent,serve_lob,player,Faute filet,5,4.55,opponent,drop,19,19,1,0
2026-05-03T17:47:41,Elite,singles,player,serve_short,player,Faute filet,4,2.61,opponent,lob,20,19,1,0
2026-05-03T17:48:11,Club,singles,player,serve_short,opponent,Faute filet,9,6.14,player,drop,0,0,0,0
2026-05-03T17:48:15,Club,singles,opponent,serve_lob,opponent,Point,1,2.48,opponent,serve_lob,0,1,0,0
2026-05-03T17:48:20,Club,singles,opponent,serve_lob,player,Faute filet,5,4.46,opponent,drop,0,2,0,0
2026-05-03T17:48:25,Club,singles,player,serve_short,player,Faute filet,4,2.59,opponent,drop,1,2,0,0
2026-05-03T17:48:29,Club,singles,player,serve_short,player,Point,3,2.83,player,smash,2,2,0,0
2026-05-03T17:48:38,Club,singles,player,serve_short,opponent,Point,10,8.42,opponent,drop,3,2,0,0
2026-05-03T17:48:42,Club,singles,opponent,serve_short,player,Faute filet,3,2.05,opponent,drop,3,3,0,0
2026-05-03T17:48:52,Club,singles,player,serve_short,opponent,Faute dehors,11,9.66,player,smash,4,3,0,0
2026-05-03T17:48:57,Club,singles,opponent,serve_short,player,Faute dehors,3,3.88,opponent,lob,4,4,0,0
2026-05-03T17:49:00,Club,singles,player,serve_short,opponent,Faute filet,3,2.02,player,drop,5,4,0,0
2026-05-03T17:49:04,Club,singles,opponent,serve_lob,opponent,Faute filet,4,3.29,player,drop,5,5,0,0
2026-05-03T17:49:15,Club,singles,opponent,serve_lob,player,Point,10,9.12,player,smash,5,6,0,0
2026-05-03T17:49:20,Club,singles,player,serve_lob,player,Point,3,3.11,player,smash,6,6,0,0
2026-05-03T17:49:25,Club,singles,player,serve_short,player,Faute dehors,4,4.43,opponent,lob,7,6,0,0
2026-05-03T17:49:33,Club,singles,player,serve_short,player,Faute filet,10,7.30,opponent,drop,8,6,0,0
2026-05-03T17:49:36,Club,singles,player,serve_short,opponent,Point,2,2.29,opponent,drop,9,6,0,0
2026-05-03T17:49:39,Club,singles,opponent,serve_drive,opponent,Point,1,1.62,opponent,serve_drive,9,7,0,0
2026-05-03T17:49:46,Club,singles,opponent,serve_drive,player,Faute filet,7,5.41,opponent,drop,9,8,0,0
2026-05-03T17:49:49,Club,singles,player,serve_short,opponent,Point,2,2.17,opponent,drive,10,8,0,0
2026-05-03T17:49:54,Club,singles,opponent,serve_lob,opponent,Point,3,3.79,opponent,lob,10,9,0,0
2026-05-03T17:49:58,Club,singles,opponent,serve_short,player,Faute filet,3,1.97,opponent,smash,10,10,0,0
2026-05-03T17:50:06,Club,singles,player,serve_short,opponent,Point,8,7.00,opponent,smash,11,10,0,0
2026-05-03T17:50:09,Club,singles,opponent,serve_short,player,Faute filet,3,2.05,opponent,drop,11,11,0,0
2026-05-03T17:50:12,Club,singles,player,serve_short,player,Faute filet,2,1.19,opponent,drive,12,11,0,0
2026-05-03T17:50:13,Club,singles,player,serve_short,player,Faute filet,2,1.22,opponent,drive,13,11,0,0
2026-05-03T17:50:16,Club,singles,player,serve_short,opponent,Point,2,2.14,opponent,drive,14,11,0,0
2026-05-03T17:50:23,Club,singles,opponent,serve_short,player,Faute dehors,5,5.43,opponent,lob,14,12,0,0
2026-05-03T17:50:29,Club,singles,player,serve_short,opponent,Faute filet,5,3.76,player,drop,15,12,0,0
2026-05-03T17:50:42,Club,singles,opponent,serve_lob,opponent,Point,13,11.54,opponent,drop,15,13,0,0
2026-05-03T17:50:45,Club,singles,opponent,serve_short,opponent,Point,1,1.67,opponent,serve_short,15,14,0,0
2026-05-03T17:50:48,Club,singles,opponent,serve_lob,opponent,Point,1,2.46,opponent,serve_lob,15,15,0,0
2026-05-03T17:50:51,Club,singles,opponent,serve_drive,opponent,Point,1,1.62,opponent,serve_drive,15,16,0,0
2026-05-03T17:50:55,Club,singles,opponent,serve_lob,opponent,Point,1,2.44,opponent,serve_lob,15,17,0,0
2026-05-03T17:50:58,Club,singles,opponent,serve_short,opponent,Point,1,1.67,opponent,serve_short,15,18,0,0
2026-05-03T17:51:08,Club,singles,opponent,serve_short,opponent,Faute filet,8,8.68,player,drop,15,19,0,0
2026-05-03T17:51:13,Club,singles,opponent,serve_lob,opponent,Point,5,4.66,opponent,smash,15,20,0,0
2026-05-03T17:54:45,Club,singles,opponent,serve_short,opponent,Point,5,5.29,opponent,smash,0,0,0,1
2026-05-03T17:54:49,Club,singles,opponent,serve_drive,player,Faute dehors,3,2.96,opponent,smash,0,1,0,1
2026-05-03T17:54:54,Club,singles,player,serve_short,opponent,Faute dehors,3,3.52,player,drop,1,1,0,1
2026-05-03T17:54:57,Club,singles,opponent,serve_short,player,Faute filet,3,2.00,opponent,lob,1,2,0,1
2026-05-03T17:55:02,Club,singles,player,serve_lob,player,Point,3,3.80,player,drop,2,2,0,1
2026-05-03T17:55:09,Club,singles,player,serve_short,player,Faute dehors,6,5.85,opponent,smash,3,2,0,1
2026-05-03T17:55:15,Club,singles,player,serve_short,player,Faute filet,6,4.93,opponent,drop,4,2,0,1
2026-05-03T17:55:19,Club,singles,player,serve_lob,player,Faute dehors,2,2.91,opponent,smash,5,2,0,1
2026-05-03T17:55:31,Club,singles,player,serve_lob,opponent,Faute filet,11,11.72,player,smash,6,2,0,1
2026-05-03T17:55:37,Club,singles,opponent,serve_short,opponent,Faute filet,4,3.80,player,smash,6,3,0,1
2026-05-03T17:55:44,Club,singles,opponent,serve_short,player,Faute filet,7,5.72,opponent,drop,6,4,0,1
2026-05-03T17:55:50,Club,singles,player,serve_short,player,Faute filet,6,4.83,opponent,drop,7,4,0,1
2026-05-03T17:55:59,Club,singles,player,serve_short,player,Point,7,7.24,player,drop,8,4,0,1
2026-05-03T17:56:15,Club,singles,player,serve_drive,opponent,Faute filet,17,15.47,player,smash,9,4,0,1
2026-05-03T17:56:17,Club,singles,opponent,serve_short,player,Faute service,1,0.47,opponent,serve_short,9,5,0,1
2026-05-03T17:56:18,Club,singles,player,serve_short,opponent,Faute service,1,0.47,player,serve_short,10,5,0,1
2026-05-03T17:56:22,Club,singles,opponent,serve_drive,player,Faute dehors,3,2.89,opponent,smash,10,6,0,1
2026-05-03T17:56:24,Club,singles,player,serve_short,player,Faute filet,2,1.14,opponent,drive,11,6,0,1
2026-05-03T17:56:47,Club,singles,player,serve_short,player,Point,23,21.20,player,drop,12,6,0,1
2026-05-03T17:56:57,Club,singles,player,serve_lob,opponent,Faute dehors,9,9.29,player,smash,13,6,0,1
2026-05-03T17:57:04,Club,singles,opponent,serve_drive,opponent,Faute dehors,6,6.32,player,drop,13,7,0,1
2026-05-03T17:57:10,Club,singles,opponent,serve_short,opponent,Faute filet,4,4.04,player,drop,13,8,0,1
2026-05-03T17:57:14,Club,singles,opponent,serve_short,opponent,Faute dehors,2,2.77,player,lob,13,9,0,1
2026-05-03T17:57:19,Club,singles,opponent,serve_short,opponent,Faute dehors,4,4.41,player,smash,13,10,0,1
2026-05-03T17:57:24,Club,singles,opponent,serve_lob,opponent,Faute dehors,2,3.60,player,lob,13,11,0,1
2026-05-03T17:57:31,Club,singles,opponent,serve_short,player,Point,6,6.25,player,drop,13,12,0,1
2026-05-03T17:57:37,Club,singles,player,serve_drive,player,Faute dehors,4,4.26,opponent,drop,14,12,0,1
2026-05-03T17:57:44,Club,singles,player,serve_short,opponent,Faute filet,7,6.45,player,smash,15,12,0,1
2026-05-03T17:57:59,Club,singles,opponent,serve_drive,player,Faute filet,13,13.16,opponent,smash,15,13,0,1
2026-05-03T17:58:06,Club,singles,player,serve_short,player,Faute dehors,6,6.50,opponent,drop,16,13,0,1
2026-05-03T17:58:17,Club,singles,player,serve_short,player,Point,9,9.65,player,drop,17,13,0,1
2026-05-03T17:58:21,Club,singles,player,serve_short,opponent,Faute dehors,3,3.32,player,smash,18,13,0,1
2026-05-03T17:58:28,Club,singles,opponent,serve_lob,player,Point,6,6.07,player,lob,18,14,0,1
2026-05-03T17:58:32,Club,singles,player,serve_lob,player,Faute dehors,2,2.89,opponent,smash,19,14,0,1
2026-05-03T17:58:37,Club,singles,player,serve_short,player,Faute dehors,4,3.95,opponent,smash,20,14,0,1
2026-05-03T18:00:49,Club,singles,player,serve_short,player,Faute dehors,16,16.09,opponent,lob,0,0,0,0
2026-05-03T18:00:53,Club,singles,player,serve_lob,opponent,Point,2,2.89,opponent,smash,1,0,0,0
2026-05-03T18:01:10,Club,singles,opponent,serve_short,player,Faute filet,17,15.63,opponent,smash,1,1,0,0
2026-05-03T18:01:12,Club,singles,player,serve_short,player,Faute filet,2,1.22,opponent,drop,2,1,0,0
2026-05-03T18:01:16,Club,singles,player,serve_lob,opponent,Point,2,2.89,opponent,smash,3,1,0,0
2026-05-03T18:01:29,Club,singles,opponent,serve_short,player,Faute filet,15,12.35,opponent,smash,3,2,0,0
2026-05-03T18:01:37,Club,singles,player,serve_short,player,Faute dehors,6,6.53,opponent,smash,4,2,0,0
2026-05-03T18:01:42,Club,singles,player,serve_short,player,Faute dehors,4,4.54,opponent,smash,5,2,0,0
2026-05-03T18:01:52,Club,singles,player,serve_short,opponent,Faute filet,11,8.42,player,smash,6,2,0,0
2026-05-03T18:02:14,Club,singles,opponent,serve_drive,player,Faute dehors,21,21.36,opponent,lob,6,3,0,0
2026-05-03T18:02:27,Club,singles,player,serve_drive,player,Point,11,11.56,player,drop,7,3,0,0
2026-05-03T18:02:34,Club,singles,player,serve_short,player,Faute dehors,6,6.28,opponent,lob,8,3,0,0
2026-05-03T18:02:38,Club,singles,player,serve_drive,player,Faute dehors,2,2.76,opponent,lob,9,3,0,0
2026-05-03T18:02:44,Club,singles,player,serve_short,player,Point,5,4.81,player,smash,10,3,0,0
2026-05-03T18:03:02,Club,singles,player,serve_lob,player,Faute filet,18,17.34,opponent,drop,11,3,0,0
2026-05-03T18:03:04,Club,singles,player,serve_short,player,Faute filet,2,1.22,opponent,drop,12,3,0,0
2026-05-03T18:03:11,Club,singles,player,serve_lob,player,Faute dehors,4,5.40,opponent,smash,13,3,0,0
2026-05-03T18:03:14,Club,singles,player,serve_short,opponent,Faute filet,3,1.84,player,smash,14,3,0,0
2026-05-03T18:03:20,Club,singles,opponent,serve_lob,opponent,Point,5,5.23,opponent,smash,14,4,0,0
2026-05-03T18:03:23,Club,singles,opponent,serve_short,opponent,Faute dehors,2,2.16,player,drive,14,5,0,0
2026-05-03T18:03:28,Club,singles,opponent,serve_short,opponent,Point,3,3.31,opponent,smash,14,6,0,0
2026-05-03T18:03:30,Club,singles,opponent,serve_short,opponent,Faute filet,2,1.37,player,drop,14,7,0,0
2026-05-03T18:03:39,Club,singles,opponent,serve_drive,opponent,Faute dehors,8,7.55,player,smash,14,8,0,0
2026-05-03T18:03:50,Club,singles,opponent,serve_short,opponent,Point,9,9.52,opponent,smash,14,9,0,0
2026-05-03T18:03:53,Club,singles,opponent,serve_short,opponent,Faute dehors,2,2.31,player,drop,14,10,0,0
2026-05-03T18:03:59,Club,singles,opponent,serve_short,opponent,Point,5,4.59,opponent,drop,14,11,0,0
2026-05-03T18:04:09,Club,singles,opponent,serve_lob,opponent,Point,9,9.04,opponent,smash,14,12,0,0
2026-05-03T18:04:14,Club,singles,opponent,serve_short,opponent,Faute dehors,2,2.12,player,drive,14,13,0,0
2026-05-03T18:04:17,Club,singles,opponent,serve_short,player,Point,2,2.22,player,drop,14,14,0,0
2026-05-03T18:04:22,Club,singles,player,serve_short,opponent,Point,4,4.16,opponent,smash,15,14,0,0
2026-05-03T18:04:28,Club,singles,opponent,serve_lob,opponent,Faute filet,6,4.81,player,smash,15,15,0,0
2026-05-03T18:04:37,Club,singles,opponent,serve_drive,opponent,Faute dehors,6,7.22,player,lob,15,16,0,0
2026-05-03T18:04:43,Club,singles,opponent,serve_short,player,Faute filet,7,5.41,opponent,drop,15,17,0,0
2026-05-03T18:04:51,Club,singles,player,serve_drive,player,Faute dehors,6,6.38,opponent,smash,16,17,0,0
2026-05-03T18:05:03,Club,singles,player,serve_lob,player,Point,11,11.03,player,smash,17,17,0,0
2026-05-03T18:05:06,Club,singles,player,serve_lob,opponent,Point,2,2.91,opponent,smash,18,17,0,0
2026-05-03T18:05:15,Club,singles,opponent,serve_short,opponent,Faute filet,8,7.02,player,smash,18,18,0,0
2026-05-03T18:05:25,Club,singles,opponent,serve_short,opponent,Faute dehors,8,9.25,player,lob,18,19,0,0
2026-05-03T18:05:35,Club,singles,opponent,serve_lob,player,Faute dehors,7,8.79,opponent,drop,18,20,0,0
2026-05-03T18:05:46,Club,singles,player,serve_drive,opponent,Point,10,9.47,opponent,smash,19,20,0,0
2026-05-03T18:06:58,Club,singles,opponent,serve_drive,player,Faute dehors,5,5.38,opponent,smash,0,0,0,1
2026-05-03T18:07:03,Club,singles,player,serve_short,opponent,Faute dehors,3,3.67,player,drop,1,0,0,1
2026-05-03T18:07:06,Club,singles,opponent,serve_short,opponent,Faute dehors,2,2.12,player,drive,1,1,0,1
2026-05-03T18:07:12,Club,singles,opponent,serve_drive,player,Faute filet,5,5.01,opponent,smash,1,2,0,1
2026-05-03T18:07:21,Club,singles,player,serve_lob,opponent,Faute dehors,7,8.00,player,smash,2,2,0,1
2026-05-03T18:07:29,Club,singles,opponent,serve_drive,player,Faute filet,7,6.38,opponent,drop,2,3,0,1
2026-05-03T18:07:35,Club,singles,player,serve_lob,opponent,Faute filet,5,5.31,player,drop,3,3,0,1
2026-05-03T18:07:39,Club,singles,opponent,serve_short,opponent,Faute filet,4,3.01,player,lob,3,4,0,1
2026-05-03T18:07:47,Club,singles,opponent,serve_short,opponent,Faute dehors,8,6.63,player,lob,3,5,0,1
2026-05-03T18:08:05,Club,singles,player,serve_lob,player,Point,7,7.71,player,smash,0,0,0,0
2026-05-03T18:08:15,Club,singles,player,serve_lob,opponent,Point,8,9.16,opponent,smash,1,0,0,0
2026-05-03T18:08:21,Club,singles,opponent,serve_drive,player,Point,4,4.69,player,drop,1,1,0,0
2026-05-03T18:08:26,Club,singles,player,serve_short,opponent,Faute dehors,3,3.53,player,lob,2,1,0,0
2026-05-03T18:08:30,Club,singles,opponent,serve_drive,opponent,Point,3,3.31,opponent,smash,2,2,0,0
2026-05-03T18:08:35,Club,singles,opponent,serve_lob,player,Point,2,2.91,player,smash,2,3,0,0
2026-05-03T18:08:39,Club,singles,player,serve_short,player,Point,3,3.68,player,drop,3,3,0,0
2026-05-03T18:08:42,Club,singles,player,serve_short,opponent,Faute filet,3,1.82,player,smash,4,3,0,0
2026-05-03T18:08:49,Club,singles,opponent,serve_short,opponent,Faute filet,6,5.45,player,smash,4,4,0,0
2026-05-03T18:08:59,Club,singles,opponent,serve_lob,player,Faute dehors,9,8.94,opponent,lob,4,5,0,0
2026-05-03T18:09:04,Club,singles,player,serve_lob,opponent,Point,4,4.03,opponent,smash,5,5,0,0
2026-05-03T18:09:08,Club,singles,opponent,serve_drive,player,Faute dehors,3,2.94,opponent,smash,5,6,0,0
2026-05-03T18:09:18,Club,singles,player,serve_drive,player,Faute dehors,8,8.76,opponent,smash,6,6,0,0
2026-05-03T18:09:22,Club,singles,player,serve_drive,player,Faute dehors,4,3.13,opponent,smash,7,6,0,0
2026-05-03T18:09:28,Club,singles,player,serve_short,player,Faute filet,6,4.93,opponent,smash,8,6,0,0
2026-05-03T18:09:29,Club,singles,player,serve_short,opponent,Faute service,1,0.59,player,serve_short,9,6,0,0
2026-05-03T18:09:36,Club,singles,opponent,serve_lob,opponent,Point,5,5.85,opponent,smash,9,7,0,0
2026-05-03T18:09:40,Club,singles,opponent,serve_short,player,Faute filet,3,2.10,opponent,drop,9,8,0,0
2026-05-03T18:09:44,Club,singles,player,serve_lob,opponent,Point,2,2.87,opponent,smash,10,8,0,0
2026-05-03T18:10:00,Club,singles,opponent,serve_lob,player,Point,14,15.09,player,smash,10,9,0,0
2026-05-03T18:10:06,Club,singles,player,serve_lob,opponent,Point,4,4.89,opponent,smash,11,9,0,0
2026-05-03T18:10:09,Club,singles,opponent,serve_short,player,Point,2,2.21,player,drive,11,10,0,0
2026-05-03T18:10:16,Club,singles,player,serve_drive,player,Point,5,5.48,player,smash,12,10,0,0
2026-05-03T18:10:19,Club,singles,player,serve_short,player,Faute dehors,2,2.29,opponent,drop,13,10,0,0
2026-05-03T18:10:24,Club,singles,player,serve_lob,opponent,Point,4,4.02,opponent,smash,14,10,0,0
2026-05-03T18:10:30,Club,singles,opponent,serve_short,opponent,Faute dehors,6,5.28,player,lob,14,11,0,0
2026-05-03T18:10:41,Club,singles,opponent,serve_lob,player,Faute filet,9,8.91,opponent,smash,14,12,0,0
2026-05-03T18:10:44,Club,singles,player,serve_short,player,Faute dehors,2,2.77,opponent,lob,15,12,0,0
2026-05-03T18:11:18,Club,singles,player,serve_short,opponent,Faute filet,33,32.18,player,smash,16,12,0,0
2026-05-03T18:11:25,Club,singles,opponent,serve_short,player,Faute filet,7,5.88,opponent,lob,16,13,0,0
2026-05-03T18:11:30,Club,singles,player,serve_drive,player,Faute dehors,4,3.94,opponent,lob,17,13,0,0
2026-05-03T18:11:37,Club,singles,player,serve_drive,player,Faute filet,8,6.53,opponent,drop,18,13,0,0
2026-05-03T18:11:51,Club,singles,player,serve_short,player,Faute filet,14,12.44,opponent,drop,19,13,0,0
2026-05-03T18:11:53,Club,singles,player,serve_drive,player,Faute filet,2,1.28,opponent,smash,20,13,0,0
2026-05-03T18:12:20,Club,singles,opponent,serve_drive,opponent,Point,9,7.65,opponent,smash,0,0,1,0
2026-05-03T18:12:30,Club,singles,opponent,serve_lob,player,Faute filet,9,9.06,opponent,smash,0,1,1,0
2026-05-03T18:12:39,Club,singles,player,serve_drive,opponent,Point,8,8.57,opponent,smash,1,1,1,0
2026-05-03T18:12:47,Club,singles,opponent,serve_short,opponent,Point,7,6.62,opponent,smash,1,2,1,0
2026-05-03T18:12:58,Club,singles,opponent,serve_lob,player,Faute dehors,9,9.67,opponent,drop,1,3,1,0
2026-05-03T18:13:03,Club,singles,player,serve_lob,player,Faute filet,4,3.59,opponent,drop,2,3,1,0
2026-05-03T18:13:08,Club,singles,player,serve_lob,player,Point,3,3.64,player,smash,3,3,1,0
2026-05-03T18:13:15,Club,singles,player,serve_short,opponent,Faute filet,7,6.37,player,smash,4,3,1,0
2026-05-03T18:13:24,Club,singles,opponent,serve_short,player,Faute filet,9,7.65,opponent,smash,4,4,1,0
2026-05-03T18:13:29,Club,singles,player,serve_lob,player,Faute filet,4,4.36,opponent,drop,5,4,1,0
2026-05-03T18:13:38,Club,singles,player,serve_drive,opponent,Faute dehors,7,7.75,player,smash,6,4,1,0
2026-05-03T18:13:42,Club,singles,opponent,serve_drive,opponent,Point,3,3.09,opponent,smash,6,5,1,0
2026-05-03T18:13:46,Club,singles,opponent,serve_lob,player,Faute filet,3,2.79,opponent,smash,6,6,1,0
2026-05-03T18:13:50,Club,singles,player,serve_lob,player,Faute dehors,2,2.89,opponent,smash,7,6,1,0
2026-05-03T18:13:56,Club,singles,player,serve_short,opponent,Faute filet,5,4.53,player,smash,8,6,1,0
2026-05-03T18:13:59,Club,singles,opponent,serve_short,player,Point,2,2.24,player,drop,8,7,1,0
2026-05-03T18:14:04,Club,singles,player,serve_drive,player,Point,5,4.14,player,smash,9,7,1,0
2026-05-03T18:14:07,Club,singles,player,serve_short,opponent,Faute filet,3,1.80,player,smash,10,7,1,0
2026-05-03T18:14:12,Club,singles,opponent,serve_lob,opponent,Faute filet,4,3.74,player,smash,10,8,1,0
2026-05-03T18:14:18,Club,singles,opponent,serve_short,opponent,Faute filet,6,5.03,player,drop,10,9,1,0
2026-05-03T18:14:34,Club,singles,opponent,serve_short,opponent,Faute dehors,14,14.26,player,smash,10,10,1,0
2026-05-03T18:14:37,Club,singles,opponent,serve_short,opponent,Faute dehors,2,2.14,player,drive,10,11,1,0
2026-05-03T18:14:55,Club,singles,opponent,serve_lob,player,Faute dehors,15,16.53,opponent,drop,10,12,1,0
2026-05-03T18:14:59,Club,singles,player,serve_short,opponent,Point,4,3.21,opponent,smash,11,12,1,0
2026-05-03T18:15:03,Club,singles,opponent,serve_short,opponent,Faute dehors,2,2.39,player,drop,11,13,1,0
2026-05-03T18:15:08,Club,singles,opponent,serve_short,player,Faute filet,5,4.64,opponent,drop,11,14,1,0
2026-05-03T18:15:12,Club,singles,player,serve_short,player,Faute dehors,2,2.17,opponent,drive,12,14,1,0
2026-05-03T18:15:21,Club,singles,player,serve_short,player,Point,7,8.05,player,smash,13,14,1,0
2026-05-03T18:15:25,Club,singles,player,serve_lob,opponent,Faute filet,3,3.39,player,smash,14,14,1,0
2026-05-03T18:15:30,Club,singles,opponent,serve_lob,opponent,Faute dehors,2,3.64,player,lob,14,15,1,0
2026-05-03T18:15:39,Club,singles,opponent,serve_lob,player,Faute dehors,7,8.05,opponent,drop,14,16,1,0
2026-05-03T18:15:44,Club,singles,player,serve_short,player,Faute filet,4,3.43,opponent,drop,15,16,1,0
2026-05-03T18:15:47,Club,singles,player,serve_short,player,Faute dehors,2,2.16,opponent,drive,16,16,1,0
2026-05-03T18:15:57,Club,singles,player,serve_lob,opponent,Faute dehors,3,4.38,player,drop,0,0,0,0
2026-05-03T18:16:02,Club,singles,opponent,serve_short,player,Faute dehors,3,3.54,opponent,smash,0,1,0,0
2026-05-03T18:16:09,Club,singles,player,serve_lob,player,Point,5,6.22,player,smash,1,1,0,0
2026-05-03T18:16:12,Club,singles,player,serve_short,player,Faute dehors,2,2.27,opponent,drop,2,1,0,0
2026-05-03T18:16:19,Club,singles,player,serve_lob,player,Point,5,6.33,player,drop,3,1,0,0
2026-05-03T18:16:24,Club,singles,player,serve_short,opponent,Faute dehors,3,3.15,player,smash,4,1,0,0
2026-05-03T18:16:27,Club,singles,opponent,serve_short,player,Faute filet,3,1.90,opponent,drop,4,2,0,0
2026-05-03T18:16:44,Club,singles,player,serve_short,opponent,Point,16,16.26,opponent,smash,5,2,0,0
2026-05-03T18:16:47,Club,singles,opponent,serve_short,player,Faute filet,3,1.92,opponent,smash,5,3,0,0
2026-05-03T18:16:54,Club,singles,player,serve_lob,player,Faute filet,6,6.11,opponent,drop,6,3,0,0
2026-05-03T18:17:00,Club,singles,player,serve_short,opponent,Point,6,4.36,opponent,smash,7,3,0,0
2026-05-03T18:17:15,Club,singles,opponent,serve_drive,opponent,Faute filet,16,14.18,player,smash,7,4,0,0
2026-05-03T18:17:22,Club,singles,opponent,serve_short,opponent,Point,5,5.25,opponent,smash,7,5,0,0
2026-05-03T18:17:25,Club,singles,opponent,serve_short,opponent,Faute dehors,2,2.31,player,drop,7,6,0,0
2026-05-03T18:17:31,Club,singles,opponent,serve_lob,opponent,Point,5,4.69,opponent,smash,7,7,0,0
2026-05-03T18:17:42,Club,singles,opponent,serve_lob,player,Faute dehors,9,10.11,opponent,lob,7,8,0,0
2026-05-03T18:17:46,Club,singles,player,serve_short,opponent,Faute dehors,3,2.81,player,smash,8,8,0,0
2026-05-03T18:17:52,Club,singles,opponent,serve_short,player,Faute dehors,5,4.28,opponent,drop,8,9,0,0
2026-05-03T18:17:57,Club,singles,player,serve_short,player,Faute dehors,4,4.18,opponent,smash,9,9,0,0
2026-05-03T18:18:02,Club,singles,player,serve_short,player,Faute dehors,4,4.23,opponent,drop,10,9,0,0
2026-05-03T18:18:12,Club,singles,player,serve_drive,player,Point,9,8.82,player,lob,11,9,0,0
2026-05-03T18:18:24,Club,singles,player,serve_lob,opponent,Faute dehors,11,11.26,player,smash,12,9,0,0
2026-05-03T18:18:28,Club,singles,opponent,serve_short,player,Faute filet,3,1.90,opponent,drop,12,10,0,0
2026-05-03T18:18:36,Club,singles,player,serve_lob,player,Faute dehors,6,6.81,opponent,drop,13,10,0,0
2026-05-03T18:18:42,Club,singles,player,serve_drive,player,Faute dehors,4,4.85,opponent,drop,14,10,0,0
2026-05-03T18:18:46,Club,singles,player,serve_short,player,Faute filet,4,3.07,opponent,drop,15,10,0,0
2026-05-03T18:18:52,Club,singles,player,serve_drive,player,Faute dehors,4,5.23,opponent,lob,16,10,0,0
2026-05-03T18:18:58,Club,singles,player,serve_lob,opponent,Point,4,5.40,opponent,smash,17,10,0,0
2026-05-03T18:19:04,Club,singles,opponent,serve_drive,player,Point,4,4.46,player,drop,17,11,0,0
2026-05-03T18:19:12,Club,singles,player,serve_short,player,Faute filet,8,7.42,opponent,lob,18,11,0,0
2026-05-03T18:19:30,Club,singles,player,serve_lob,opponent,Faute filet,15,16.73,player,drop,19,11,0,0
2026-05-03T18:19:35,Club,singles,opponent,serve_short,opponent,Point,3,3.33,opponent,smash,19,12,0,0
2026-05-03T18:19:41,Club,singles,opponent,serve_short,opponent,Faute dehors,6,5.13,player,drop,19,13,0,0
2026-05-03T18:19:49,Club,singles,opponent,serve_short,opponent,Point,7,6.48,opponent,smash,19,14,0,0
2026-05-03T18:19:59,Club,singles,opponent,serve_drive,player,Faute filet,9,8.84,opponent,smash,19,15,0,0
2026-05-03T18:20:00,Club,singles,player,serve_drive,opponent,Faute service,1,0.49,player,serve_drive,20,15,0,0
2026-05-03T18:20:05,Club,singles,opponent,serve_drive,player,Faute dehors,3,3.29,opponent,smash,20,16,0,0
2026-05-03T18:20:17,Club,singles,opponent,serve_drive,opponent,Point,5,4.61,opponent,smash,0,0,1,0
2026-05-03T18:20:27,Club,singles,opponent,serve_drive,opponent,Faute dehors,10,9.64,player,smash,0,1,1,0
2026-05-03T18:20:40,Club,singles,opponent,serve_short,opponent,Faute dehors,12,11.51,player,drop,0,2,1,0
2026-05-03T18:20:53,Club,singles,opponent,serve_short,opponent,Faute dehors,10,10.68,player,lob,0,3,1,0
2026-05-03T18:20:59,Club,singles,opponent,serve_short,opponent,Faute dehors,4,5.25,player,lob,0,4,1,0
2026-05-03T18:21:09,Club,singles,opponent,serve_lob,player,Faute dehors,7,8.31,opponent,smash,0,5,1,0
2026-05-03T18:21:21,Club,singles,player,serve_lob,opponent,Point,12,11.31,opponent,smash,1,5,1,0
2026-05-03T18:21:42,Club,singles,opponent,serve_short,opponent,Faute dehors,18,19.26,player,smash,1,6,1,0
2026-05-03T18:21:46,Club,singles,opponent,serve_lob,opponent,Faute dehors,2,3.63,player,lob,1,7,1,0
2026-05-03T18:21:48,Club,singles,opponent,serve_short,player,Faute service,1,0.45,opponent,serve_short,1,8,1,0
2026-05-03T18:21:52,Club,singles,player,serve_lob,player,Faute dehors,2,2.89,opponent,smash,2,8,1,0
2026-05-03T18:22:02,Club,singles,player,serve_lob,player,Point,7,9.13,player,smash,3,8,1,0
2026-05-03T18:22:06,Club,singles,player,serve_short,opponent,Point,4,3.26,opponent,smash,4,8,1,0
2026-05-03T18:22:28,Club,singles,opponent,serve_short,player,Point,22,20.00,player,smash,4,9,1,0
2026-05-03T18:22:39,Club,singles,player,serve_short,player,Faute dehors,10,10.08,opponent,smash,5,9,1,0
2026-05-03T18:22:47,Club,singles,player,serve_lob,player,Faute dehors,6,7.10,opponent,smash,6,9,1,0
2026-05-03T18:22:54,Club,singles,player,serve_short,player,Faute dehors,6,5.85,opponent,smash,7,9,1,0
2026-05-03T18:23:06,Club,singles,player,serve_short,player,Faute dehors,12,11.26,opponent,smash,8,9,1,0
2026-05-03T18:23:17,Club,singles,player,serve_short,opponent,Point,10,10.30,opponent,smash,9,9,1,0
2026-05-03T18:23:28,Club,singles,opponent,serve_lob,player,Faute filet,9,10.01,opponent,smash,9,10,1,0
2026-05-03T18:23:39,Club,singles,player,serve_short,player,Faute filet,10,9.66,opponent,smash,10,10,1,0
2026-05-03T18:23:42,Club,singles,player,serve_short,player,Faute dehors,2,2.34,opponent,drop,11,10,1,0
2026-05-03T18:23:45,Club,singles,player,serve_drive,opponent,Faute service,1,1.62,player,serve_drive,12,10,1,0
2026-05-03T18:23:53,Club,singles,opponent,serve_drive,opponent,Point,7,7.03,opponent,smash,12,11,1,0
2026-05-03T18:24:04,Club,singles,opponent,serve_lob,player,Point,8,9.36,player,lob,12,12,1,0
2026-05-03T18:24:08,Club,singles,player,serve_lob,opponent,Point,2,2.91,opponent,smash,13,12,1,0
2026-05-03T18:24:12,Club,singles,opponent,serve_short,opponent,Faute dehors,2,2.76,player,lob,13,13,1,0
2026-05-03T18:24:22,Club,singles,opponent,serve_short,player,Faute dehors,9,9.58,opponent,drop,13,14,1,0
2026-05-03T18:24:26,Club,singles,player,serve_lob,player,Faute filet,2,2.24,opponent,smash,14,14,1,0
2026-05-03T18:24:45,Club,singles,player,serve_short,opponent,Point,20,18.06,opponent,smash,15,14,1,0
2026-05-03T18:24:50,Club,singles,opponent,serve_lob,opponent,Faute dehors,2,3.63,player,lob,15,15,1,0
2026-05-03T18:24:57,Club,singles,opponent,serve_short,opponent,Faute dehors,6,6.73,player,drop,15,16,1,0
2026-05-03T18:25:05,Club,singles,opponent,serve_short,opponent,Faute dehors,6,6.23,player,smash,15,17,1,0
2026-05-03T18:25:10,Club,singles,opponent,serve_short,opponent,Point,5,4.13,opponent,drop,15,18,1,0
2026-05-03T18:25:14,Club,singles,opponent,serve_short,player,Faute dehors,3,2.79,opponent,smash,15,19,1,0
2026-05-03T18:25:20,Club,singles,player,serve_drive,player,Faute dehors,4,5.23,opponent,lob,16,19,1,0
2026-05-03T18:25:31,Club,singles,player,serve_lob,player,Faute dehors,8,9.33,opponent,lob,17,19,1,0
2026-05-03T18:25:40,Club,singles,player,serve_short,player,Faute dehors,8,8.62,opponent,smash,18,19,1,0
2026-05-03T18:25:52,Club,singles,player,serve_short,player,Point,9,10.26,player,smash,19,19,1,0
2026-05-03T18:25:59,Club,singles,player,serve_short,player,Faute dehors,6,6.13,opponent,lob,20,19,1,0
2026-05-03T18:26:21,Club,singles,player,serve_short,player,Faute dehors,8,8.14,opponent,drop,0,0,0,0
2026-05-03T18:26:27,Club,singles,player,serve_lob,opponent,Faute filet,5,5.01,player,lob,1,0,0,0
2026-05-03T18:26:37,Club,singles,opponent,serve_lob,player,Faute dehors,9,8.87,opponent,smash,1,1,0,0
2026-05-03T18:26:41,Club,singles,player,serve_short,player,Faute dehors,2,2.12,opponent,drive,2,1,0,0
2026-05-03T18:26:46,Club,singles,player,serve_drive,opponent,Faute filet,5,3.98,player,smash,3,1,0,0
2026-05-03T18:26:54,Club,singles,opponent,serve_short,player,Faute dehors,7,7.36,opponent,drop,3,2,0,0
2026-05-03T18:26:58,Club,singles,player,serve_lob,opponent,Faute filet,3,2.94,player,drop,4,2,0,0
2026-05-03T18:27:04,Club,singles,opponent,serve_short,opponent,Faute dehors,4,4.46,player,drop,4,3,0,0
2026-05-03T18:27:13,Club,singles,opponent,serve_drive,opponent,Faute dehors,8,7.68,player,drop,4,4,0,0
2026-05-03T18:27:21,Club,singles,opponent,serve_short,opponent,Faute filet,8,7.30,player,smash,4,5,0,0
2026-05-03T18:27:24,Club,singles,opponent,serve_short,opponent,Faute dehors,2,2.14,player,drive,4,6,0,0
2026-05-03T18:27:33,Club,singles,opponent,serve_drive,player,Point,6,7.01,player,smash,4,7,0,0
2026-05-03T18:27:39,Club,singles,player,serve_short,player,Faute filet,6,5.54,opponent,smash,5,7,0,0
2026-05-03T18:27:47,Club,singles,player,serve_short,opponent,Point,8,6.57,opponent,smash,6,7,0,0
2026-05-03T18:28:16,Club,singles,opponent,serve_lob,opponent,Point,29,28.05,opponent,smash,6,8,0,0
2026-05-03T18:28:18,Club,singles,opponent,serve_drive,player,Faute service,1,0.50,opponent,serve_drive,6,9,0,0
2026-05-03T18:28:22,Club,singles,player,serve_short,player,Faute dehors,2,2.79,opponent,lob,7,9,0,0
2026-05-03T18:28:37,Club,singles,player,serve_short,opponent,Point,16,14.46,opponent,smash,8,9,0,0
2026-05-03T18:28:44,Club,singles,opponent,serve_short,player,Faute dehors,5,5.76,opponent,lob,8,10,0,0
2026-05-03T18:28:50,Club,singles,player,serve_lob,player,Faute dehors,4,4.60,opponent,smash,9,10,0,0
2026-05-03T18:28:52,Club,singles,player,serve_short,player,Faute filet,2,1.22,opponent,drop,10,10,0,0
2026-05-03T18:29:00,Club,singles,player,serve_drive,player,Faute filet,8,6.90,opponent,smash,11,10,0,0
2026-05-03T18:29:06,Club,singles,player,serve_drive,player,Faute filet,6,5.35,opponent,drop,12,10,0,0
2026-05-03T18:29:15,Club,singles,player,serve_short,player,Faute dehors,8,7.99,opponent,drop,13,10,0,0
2026-05-03T18:29:25,Club,singles,player,serve_short,opponent,Faute dehors,3,3.06,player,smash,0,0,0,0
2026-05-03T18:29:29,Club,singles,opponent,serve_lob,player,Point,2,2.84,player,smash,0,1,0,0
2026-05-03T18:29:33,Club,singles,player,serve_short,opponent,Point,4,3.01,opponent,smash,1,1,0,0
2026-05-03T18:29:39,Club,singles,opponent,serve_short,opponent,Faute dehors,4,4.24,player,drop,1,2,0,0
2026-05-03T18:29:45,Club,singles,opponent,serve_short,opponent,Faute dehors,6,5.30,player,smash,1,3,0,0
2026-05-03T18:29:52,Club,singles,opponent,serve_lob,player,Point,6,6.05,player,smash,1,4,0,0
2026-05-03T18:29:59,Club,singles,player,serve_short,opponent,Faute dehors,5,5.30,player,lob,2,4,0,0
2026-05-03T18:30:04,Club,singles,opponent,serve_short,opponent,Faute dehors,4,3.88,player,lob,2,5,0,0
2026-05-03T18:30:12,Club,singles,opponent,serve_lob,player,Point,6,7.10,player,drop,2,6,0,0
2026-05-03T18:30:17,Club,singles,player,serve_lob,opponent,Faute dehors,3,3.87,player,drop,3,6,0,0
2026-05-03T18:30:27,Club,singles,opponent,serve_lob,player,Point,8,8.21,player,drop,3,7,0,0
2026-05-03T18:30:32,Club,singles,player,serve_short,player,Point,3,3.70,player,drop,4,7,0,0
2026-05-03T18:30:41,Club,singles,player,serve_lob,opponent,Faute dehors,7,8.21,player,smash,5,7,0,0
2026-05-03T18:30:55,Club,singles,opponent,serve_drive,opponent,Faute filet,14,12.93,player,drop,5,8,0,0
2026-05-03T18:31:00,Club,singles,opponent,serve_short,opponent,Faute filet,4,3.01,player,smash,5,9,0,0
2026-05-03T18:31:02,Club,singles,opponent,serve_drive,player,Faute service,1,1.57,opponent,serve_drive,5,10,0,0
2026-05-03T18:31:26,Club,singles,player,serve_drive,opponent,Faute dehors,23,22.46,player,smash,6,10,0,0
2026-05-03T18:31:31,Club,singles,opponent,serve_lob,player,Faute dehors,3,3.81,opponent,smash,6,11,0,0
2026-05-03T18:31:51,Club,singles,player,serve_drive,opponent,Point,18,19.35,opponent,smash,7,11,0,0
2026-05-03T18:31:57,Club,singles,opponent,serve_lob,opponent,Point,3,4.14,opponent,smash,7,12,0,0
2026-05-03T18:32:02,Club,singles,opponent,serve_short,opponent,Faute dehors,4,3.88,player,drop,7,13,0,0
2026-05-03T18:32:10,Club,singles,opponent,serve_lob,opponent,Point,5,6.65,opponent,smash,7,14,0,0
2026-05-03T18:32:28,Club,singles,opponent,serve_lob,opponent,Faute filet,18,17.56,player,drop,7,15,0,0
2026-05-03T18:32:38,Club,singles,opponent,serve_drive,opponent,Faute filet,10,8.25,player,drop,7,16,0,0
2026-05-03T18:32:47,Club,singles,opponent,serve_drive,opponent,Faute dehors,8,7.73,player,smash,7,17,0,0
2026-05-03T18:33:03,Club,singles,opponent,serve_short,player,Faute dehors,17,14.85,opponent,smash,7,18,0,0
2026-05-03T18:33:06,Club,singles,player,serve_short,player,Faute dehors,2,2.14,opponent,drive,8,18,0,0
2026-05-03T18:33:12,Club,singles,player,serve_lob,opponent,Point,4,5.43,opponent,smash,9,18,0,0
2026-05-03T18:33:37,Club,singles,opponent,serve_short,opponent,Faute dehors,24,23.79,player,drop,9,19,0,0
2026-05-03T18:33:42,Club,singles,opponent,serve_lob,opponent,Faute dehors,2,2.89,player,smash,9,20,0,0
2026-05-03T18:34:03,Club,singles,player,serve_lob,opponent,Point,2,2.89,opponent,smash,0,0,0,0
2026-05-03T18:34:11,Club,singles,opponent,serve_short,opponent,Faute dehors,6,6.75,player,drop,0,1,0,0
2026-05-03T18:34:26,Club,singles,opponent,serve_drive,player,Faute dehors,13,13.40,opponent,drop,0,2,0,0
2026-05-03T18:34:29,Club,singles,player,serve_short,player,Faute dehors,2,2.37,opponent,drop,1,2,0,0
2026-05-03T18:34:37,Club,singles,player,serve_short,player,Faute dehors,6,6.58,opponent,smash,2,2,0,0
2026-05-03T18:34:55,Club,singles,player,serve_lob,player,Point,17,17.30,player,smash,3,2,0,0
2026-05-03T18:34:57,Club,singles,player,serve_drive,opponent,Faute service,1,1.50,player,serve_drive,4,2,0,0
2026-05-03T18:35:25,Club,singles,opponent,serve_short,opponent,Faute filet,28,26.13,player,smash,4,3,0,0
2026-05-03T18:35:38,Club,singles,opponent,serve_lob,opponent,Point,13,12.23,opponent,smash,4,4,0,0
2026-05-03T18:35:42,Club,singles,opponent,serve_drive,player,Faute filet,3,2.04,opponent,drop,4,5,0,0
2026-05-03T18:35:45,Club,singles,player,serve_drive,player,Faute dehors,2,2.88,opponent,lob,5,5,0,0
2026-05-03T18:36:00,Club,singles,player,serve_short,player,Point,15,13.55,player,drop,6,5,0,0
2026-05-03T18:36:04,Club,singles,player,serve_lob,opponent,Faute filet,3,3.40,player,smash,7,5,0,0
2026-05-03T18:36:10,Club,singles,opponent,serve_lob,player,Faute dehors,3,4.84,opponent,lob,7,6,0,0
2026-05-03T18:36:18,Club,singles,player,serve_lob,player,Faute dehors,6,6.23,opponent,drop,8,6,0,0
2026-05-03T18:36:23,Club,singles,player,serve_lob,player,Faute filet,4,4.71,opponent,drop,9,6,0,0
2026-05-03T18:36:34,Club,singles,player,serve_lob,player,Point,9,9.24,player,drop,10,6,0,0
2026-05-03T18:36:46,Club,singles,player,serve_lob,opponent,Point,10,11.84,opponent,smash,11,6,0,0
2026-05-03T18:36:53,Club,singles,opponent,serve_lob,opponent,Point,5,4.72,opponent,smash,11,7,0,0
2026-05-03T18:37:03,Club,singles,opponent,serve_lob,opponent,Faute dehors,8,8.75,player,lob,11,8,0,0
2026-05-03T18:37:08,Club,singles,opponent,serve_drive,player,Faute filet,5,3.93,opponent,drop,11,9,0,0
2026-05-03T18:37:22,Club,singles,player,serve_short,opponent,Point,14,13.12,opponent,smash,12,9,0,0
2026-05-03T18:37:29,Club,singles,opponent,serve_lob,opponent,Point,5,6.14,opponent,smash,12,10,0,0
2026-05-03T18:37:33,Club,singles,opponent,serve_drive,player,Faute dehors,3,2.98,opponent,smash,12,11,0,0
2026-05-03T18:37:37,Club,singles,player,serve_lob,opponent,Point,2,2.86,opponent,smash,13,11,0,0
2026-05-03T18:37:54,Club,singles,opponent,serve_lob,player,Point,14,15.30,player,smash,13,12,0,0
2026-05-03T18:38:02,Club,singles,player,serve_lob,player,Faute filet,6,7.03,opponent,smash,14,12,0,0
2026-05-03T18:38:16,Club,singles,player,serve_short,player,Faute filet,14,12.95,opponent,smash,15,12,0,0
2026-05-03T18:38:20,Club,singles,player,serve_short,player,Faute filet,4,3.06,opponent,drop,16,12,0,0
2026-05-03T18:38:24,Club,singles,player,serve_lob,opponent,Faute filet,3,2.76,player,smash,17,12,0,0
2026-05-03T18:38:28,Club,singles,opponent,serve_lob,opponent,Faute dehors,2,2.84,player,smash,17,13,0,0
2026-05-03T18:38:38,Club,singles,opponent,serve_lob,player,Point,10,9.32,player,smash,17,14,0,0
2026-05-03T18:38:41,Club,singles,player,serve_short,player,Faute dehors,2,2.32,opponent,drop,18,14,0,0
2026-05-03T18:38:45,Club,singles,player,serve_drive,opponent,Faute filet,3,2.79,player,drop,19,14,0,0
2026-05-03T18:38:56,Club,singles,opponent,serve_lob,player,Point,8,9.47,player,drop,19,15,0,0
2026-05-03T18:39:04,Club,singles,player,serve_short,player,Faute dehors,8,6.68,opponent,smash,20,15,0,0
2026-05-03T18:44:51,Club,singles,player,serve_short,player,Faute dehors,2,2.36,opponent,drop,0,0,0,0
2026-05-03T18:44:56,Club,singles,player,serve_short,player,Point,5,4.03,player,smash,1,0,0,0
2026-05-03T18:44:57,Club,singles,player,serve_short,opponent,Faute service,1,0.60,player,serve_short,2,0,0,0
2026-05-03T18:45:09,Club,singles,opponent,serve_short,player,Point,10,10.23,player,drop,2,1,0,0
2026-05-03T18:45:12,Club,singles,player,serve_short,player,Faute dehors,2,2.27,opponent,drop,3,1,0,0
2026-05-03T18:45:18,Club,singles,player,serve_lob,player,Faute dehors,4,5.28,opponent,smash,4,1,0,0
2026-05-03T18:45:23,Club,singles,player,serve_short,player,Point,3,3.34,player,smash,5,1,0,0
2026-05-03T18:45:26,Club,singles,player,serve_lob,opponent,Faute filet,3,2.73,player,smash,6,1,0,0
2026-05-03T18:45:42,Club,singles,opponent,serve_drive,player,Faute dehors,13,13.97,opponent,smash,6,2,0,0
2026-05-03T18:45:52,Club,singles,player,serve_lob,player,Point,9,8.92,player,drop,7,2,0,0
2026-05-03T18:46:06,Club,singles,player,serve_short,player,Faute dehors,12,13.72,opponent,lob,8,2,0,0
2026-05-03T18:46:12,Club,singles,player,serve_short,opponent,Faute dehors,5,4.86,player,drop,9,2,0,0
2026-05-03T18:46:17,Club,singles,opponent,serve_short,opponent,Point,3,3.33,opponent,smash,9,3,0,0
2026-05-03T18:46:23,Club,singles,opponent,serve_lob,opponent,Faute dehors,4,4.81,player,drop,9,4,0,0
2026-05-03T18:46:27,Club,singles,opponent,serve_lob,opponent,Faute dehors,2,2.89,player,smash,9,5,0,0
2026-05-03T18:46:33,Club,singles,opponent,serve_drive,opponent,Faute dehors,4,4.53,player,smash,9,6,0,0
2026-05-03T18:46:45,Club,singles,opponent,serve_short,opponent,Point,13,11.51,opponent,drop,9,7,0,0
2026-05-03T18:46:54,Club,singles,opponent,serve_lob,opponent,Faute dehors,6,7.35,player,drop,9,8,0,0
2026-05-03T18:46:59,Club,singles,opponent,serve_short,player,Faute dehors,3,3.62,opponent,drop,9,9,0,0
2026-05-03T18:47:04,Club,singles,player,serve_lob,opponent,Faute dehors,3,4.49,player,drop,10,9,0,0
2026-05-03T18:47:15,Club,singles,opponent,serve_lob,player,Faute filet,9,9.66,opponent,drop,10,10,0,0
2026-05-03T18:47:19,Club,singles,player,serve_drive,opponent,Point,4,3.17,opponent,smash,11,10,0,0
2026-05-03T18:47:22,Club,singles,opponent,serve_drive,player,Faute service,1,1.55,opponent,serve_drive,11,11,0,0
2026-05-03T18:47:33,Club,singles,player,serve_lob,player,Faute filet,10,10.47,opponent,drop,12,11,0,0
2026-05-03T18:47:44,Club,singles,player,serve_short,opponent,Faute filet,11,9.22,player,drop,13,11,0,0
2026-05-03T18:47:49,Club,singles,opponent,serve_lob,opponent,Faute dehors,2,3.78,player,lob,13,12,0,0
2026-05-03T18:47:59,Club,singles,opponent,serve_short,opponent,Faute dehors,8,9.10,player,lob,13,13,0,0
2026-05-03T18:48:13,Club,singles,opponent,serve_short,player,Point,14,12.49,player,smash,13,14,0,0
2026-05-03T18:48:18,Club,singles,player,serve_lob,player,Point,3,3.84,player,drop,14,14,0,0
2026-05-03T18:48:21,Club,singles,player,serve_short,player,Faute dehors,2,2.19,opponent,drive,15,14,0,0
2026-05-03T18:48:24,Club,singles,player,serve_lob,player,Faute filet,2,2.20,opponent,smash,16,14,0,0
2026-05-03T18:48:28,Club,singles,player,serve_drive,opponent,Faute dehors,3,3.37,player,lob,17,14,0,0
2026-05-03T18:48:51,Club,singles,opponent,serve_drive,player,Faute filet,22,21.36,player,lob,17,15,0,0
2026-05-03T18:48:54,Club,singles,player,serve_drive,player,Faute dehors,2,2.04,opponent,smash,18,15,0,0
2026-05-03T18:49:07,Club,singles,player,serve_lob,player,Point,11,11.90,player,lob,19,15,0,0
2026-05-03T18:49:13,Club,singles,player,serve_short,opponent,Faute dehors,5,5.23,player,smash,20,15,0,0
2026-05-03T18:49:17,Club,singles,opponent,serve_short,player,Point,4,3.14,player,smash,20,16,0,0
2026-05-03T18:52:56,Club,singles,player,serve_lob,opponent,Faute dehors,7,9.18,player,drop,0,0,0,0
2026-05-03T18:52:58,Club,singles,opponent,serve_short,player,Faute service,1,0.60,opponent,serve_short,0,1,0,0
2026-05-03T18:53:02,Club,singles,player,serve_lob,opponent,Faute dehors,3,3.88,player,smash,1,1,0,0
2026-05-03T18:53:09,Club,singles,opponent,serve_short,opponent,Point,5,5.07,opponent,smash,1,2,0,0
2026-05-03T18:53:20,Club,singles,opponent,serve_lob,opponent,Faute filet,12,10.32,player,smash,1,3,0,0
2026-05-03T18:53:35,Club,singles,player,serve_short,player,Point,5,4.53,player,smash,0,0,0,0
2026-05-03T18:53:47,Club,singles,player,serve_drive,opponent,Faute filet,11,11.11,player,smash,1,0,0,0
2026-05-03T18:53:52,Club,singles,opponent,serve_lob,player,Faute filet,3,3.47,opponent,drop,1,1,0,0
2026-05-03T18:54:03,Club,singles,player,serve_short,opponent,Faute filet,11,10.22,player,smash,2,1,0,0
2026-05-03T18:54:06,Club,singles,opponent,serve_short,opponent,Faute filet,2,1.30,player,drop,2,2,0,0
2026-05-03T18:54:12,Club,singles,opponent,serve_short,player,Point,4,4.56,player,smash,2,3,0,0
2026-05-03T18:54:15,Club,singles,player,serve_short,player,Faute dehors,2,2.77,opponent,lob,3,3,0,0
2026-05-03T18:54:20,Club,singles,player,serve_lob,player,Faute filet,4,3.98,opponent,smash,4,3,0,0
2026-05-03T18:54:25,Club,singles,player,serve_short,player,Point,3,3.67,player,drop,5,3,0,0
2026-05-03T18:54:39,Club,singles,player,serve_short,opponent,Point,16,12.64,opponent,smash,6,3,0,0
2026-05-03T18:54:53,Club,singles,opponent,serve_lob,player,Faute dehors,11,13.41,opponent,lob,6,4,0,0
2026-05-03T18:55:02,Club,singles,player,serve_short,opponent,Point,8,8.00,opponent,smash,7,4,0,0
2026-05-03T18:55:07,Club,singles,opponent,serve_short,player,Point,4,3.10,player,smash,7,5,0,0
2026-05-03T18:55:10,Club,singles,player,serve_short,opponent,Faute dehors,3,2.59,player,smash,8,5,0,0
2026-05-03T18:55:18,Club,singles,opponent,serve_drive,player,Faute filet,7,6.40,opponent,drop,8,6,0,0
2026-05-03T18:55:44,Club,singles,player,serve_drive,player,Faute dehors,24,25.25,opponent,smash,9,6,0,0
2026-05-03T18:55:50,Club,singles,player,serve_short,player,Faute filet,6,4.98,opponent,smash,10,6,0,0
2026-05-03T18:55:57,Club,singles,player,serve_short,opponent,Faute filet,7,5.97,player,lob,11,6,0,0
2026-05-03T18:56:02,Club,singles,opponent,serve_lob,player,Faute dehors,3,4.15,opponent,smash,11,7,0,0
2026-05-03T18:56:05,Club,singles,player,serve_short,opponent,Faute filet,3,1.79,player,drop,12,7,0,0
2026-05-03T18:56:09,Club,singles,opponent,serve_drive,player,Faute dehors,3,3.11,opponent,drop,12,8,0,0
2026-05-03T18:56:11,Club,singles,player,serve_short,opponent,Faute service,1,0.61,player,serve_short,13,8,0,0
2026-05-03T18:58:17,Club,singles,player,serve_lob,player,Faute filet,10,8.99,opponent,drop,0,0,0,0
2026-05-03T18:58:23,Club,singles,player,serve_short,player,Faute dehors,4,5.23,opponent,lob,1,0,0,0
2026-05-03T18:58:29,Club,singles,player,serve_lob,player,Faute filet,4,4.18,opponent,drop,2,0,0,0
2026-05-03T18:58:31,Club,singles,player,serve_drive,opponent,Faute filet,3,1.88,player,smash,3,0,0,0
2026-05-03T18:58:35,Club,singles,opponent,serve_short,player,Faute filet,3,2.05,opponent,drop,3,1,0,0
2026-05-03T18:58:40,Club,singles,player,serve_short,player,Point,3,4.31,player,smash,4,1,0,0
2026-05-03T18:58:46,Club,singles,player,serve_short,player,Faute dehors,4,4.55,opponent,lob,5,1,0,0
2026-05-03T18:58:51,Club,singles,player,serve_short,opponent,Faute dehors,3,4.12,player,lob,6,1,0,0
2026-05-03T18:58:56,Club,singles,opponent,serve_short,player,Faute dehors,3,3.99,opponent,lob,6,2,0,0
2026-05-03T18:58:58,Club,singles,player,serve_short,player,Faute filet,2,1.14,opponent,drive,7,2,0,0
2026-05-03T18:59:02,Club,singles,player,serve_lob,opponent,Faute filet,3,3.33,player,smash,8,2,0,0
2026-05-03T18:59:07,Club,singles,opponent,serve_short,player,Point,4,3.87,player,smash,8,3,0,0
2026-05-03T18:59:16,Club,singles,player,serve_short,opponent,Faute dehors,7,7.08,player,smash,9,3,0,0
2026-05-03T18:59:18,Club,singles,opponent,serve_short,opponent,Faute filet,2,1.28,player,drop,9,4,0,0
2026-05-03T18:59:22,Club,singles,opponent,serve_drive,opponent,Faute dehors,2,2.76,player,lob,9,5,0,0
2026-05-03T18:59:24,Club,singles,opponent,serve_short,opponent,Faute filet,2,1.15,player,drive,9,6,0,0
2026-05-03T18:59:30,Club,singles,opponent,serve_short,player,Faute filet,5,4.58,opponent,drop,9,7,0,0
2026-05-03T18:59:37,Club,singles,player,serve_drive,opponent,Point,6,5.77,opponent,smash,10,7,0,0
2026-05-03T18:59:42,Club,singles,opponent,serve_lob,opponent,Point,3,4.16,opponent,smash,10,8,0,0
2026-05-03T18:59:48,Club,singles,opponent,serve_lob,opponent,Faute filet,4,4.14,player,smash,10,9,0,0
2026-05-03T18:59:51,Club,singles,opponent,serve_lob,opponent,Faute filet,2,2.42,player,drop,10,10,0,0
2026-05-03T19:00:02,Club,singles,opponent,serve_drive,opponent,Faute dehors,8,9.47,player,lob,10,11,0,0
2026-05-03T19:00:12,Club,singles,opponent,serve_short,opponent,Faute filet,10,9.28,player,drop,10,12,0,0
2026-05-03T19:00:21,Club,singles,opponent,serve_short,player,Faute dehors,7,7.71,opponent,smash,10,13,0,0
2026-05-03T19:00:27,Club,singles,player,serve_drive,player,Faute filet,6,4.34,opponent,drop,11,13,0,0
2026-05-03T19:00:30,Club,singles,player,serve_drive,opponent,Faute dehors,3,2.79,player,smash,12,13,0,0
2026-05-03T19:00:35,Club,singles,opponent,serve_short,opponent,Faute filet,4,2.87,player,lob,12,14,0,0
2026-05-03T19:00:39,Club,singles,opponent,serve_short,opponent,Point,3,3.32,opponent,smash,12,15,0,0
2026-05-03T19:00:55,Club,singles,opponent,serve_short,opponent,Faute dehors,14,15.19,player,smash,12,16,0,0
2026-05-03T19:01:01,Club,singles,opponent,serve_short,player,Faute filet,5,4.51,opponent,smash,12,17,0,0
2026-05-03T19:01:04,Club,singles,player,serve_lob,player,Faute filet,2,2.22,opponent,smash,13,17,0,0
2026-05-03T19:01:12,Club,singles,player,serve_short,player,Faute filet,8,6.15,opponent,lob,14,17,0,0
2026-05-03T19:01:15,Club,singles,player,serve_short,player,Faute dehors,2,2.37,opponent,drop,15,17,0,0
2026-05-03T19:01:29,Club,singles,player,serve_lob,opponent,Faute dehors,11,12.71,player,drop,16,17,0,0
2026-05-03T19:01:33,Club,singles,opponent,serve_lob,opponent,Faute dehors,2,3.61,player,lob,16,18,0,0
2026-05-03T19:01:54,Club,singles,opponent,serve_lob,opponent,Point,17,19.23,opponent,smash,16,19,0,0
2026-05-03T19:02:06,Club,singles,opponent,serve_lob,player,Faute dehors,9,10.47,opponent,smash,16,20,0,0
2026-05-03T19:02:16,Club,singles,player,serve_short,opponent,Point,10,8.92,opponent,smash,17,20,0,0
2026-05-03T19:03:05,Club,singles,player,serve_drive,player,Faute dehors,6,6.67,opponent,lob,0,0,0,0
2026-05-03T19:03:09,Club,singles,player,serve_lob,player,Faute dehors,2,3.61,opponent,lob,1,0,0,0
2026-05-03T19:03:32,Club,singles,player,serve_lob,player,Faute dehors,20,21.28,opponent,drop,2,0,0,0
2026-05-03T19:03:43,Club,singles,player,serve_drive,player,Faute filet,12,10.64,opponent,drop,3,0,0,0
2026-05-03T19:03:46,Club,singles,player,serve_short,player,Faute dehors,2,2.17,opponent,drive,4,0,0,0
2026-05-03T19:03:50,Club,singles,player,serve_lob,opponent,Point,2,3.01,opponent,smash,5,0,0,0
2026-05-03T19:03:55,Club,singles,opponent,serve_short,player,Faute dehors,3,3.52,opponent,lob,5,1,0,0
2026-05-03T19:04:04,Club,singles,player,serve_lob,opponent,Faute dehors,7,7.70,player,drop,6,1,0,0
2026-05-03T19:04:10,Club,singles,opponent,serve_drive,opponent,Faute dehors,4,4.53,player,smash,6,2,0,0
2026-05-03T19:04:17,Club,singles,opponent,serve_lob,opponent,Faute dehors,4,6.09,player,lob,6,3,0,0
2026-05-03T19:04:21,Club,singles,opponent,serve_short,opponent,Faute filet,5,3.26,opponent,lob,6,4,0,0
2026-05-03T19:04:24,Club,singles,opponent,serve_short,opponent,Faute dehors,2,2.19,player,drive,6,5,0,0
2026-05-03T19:04:28,Club,singles,opponent,serve_lob,player,Point,2,2.91,player,smash,6,6,0,0
2026-05-03T19:04:39,Club,singles,player,serve_lob,opponent,Point,10,9.87,opponent,smash,7,6,0,0
2026-05-03T19:04:49,Club,singles,opponent,serve_short,player,Point,8,8.80,player,smash,7,7,0,0
2026-05-03T19:05:08,Club,singles,player,serve_short,opponent,Faute dehors,19,17.63,player,lob,8,7,0,0
2026-05-03T19:05:15,Club,singles,opponent,serve_drive,player,Point,6,5.41,player,smash,8,8,0,0
2026-05-03T19:05:24,Club,singles,player,serve_short,player,Faute dehors,8,8.24,opponent,smash,9,8,0,0
2026-05-03T19:05:29,Club,singles,player,serve_short,player,Faute dehors,4,4.05,opponent,smash,10,8,0,0
2026-05-03T19:05:38,Club,singles,player,serve_short,player,Faute dehors,8,8.19,opponent,lob,11,8,0,0
2026-05-03T19:05:54,Club,singles,player,serve_short,opponent,Point,14,14.55,opponent,smash,12,8,0,0
2026-05-03T19:06:00,Club,singles,opponent,serve_lob,opponent,Point,5,4.81,opponent,drop,12,9,0,0
2026-05-03T19:06:06,Club,singles,opponent,serve_short,opponent,Point,5,5.38,opponent,smash,12,10,0,0
2026-05-03T19:06:12,Club,singles,opponent,serve_short,opponent,Faute dehors,4,4.30,player,drop,12,11,0,0
2026-05-03T19:06:24,Club,singles,player,serve_short,opponent,Faute dehors,5,4.92,player,smash,0,0,0,0
2026-05-03T19:06:28,Club,singles,opponent,serve_lob,player,Point,2,2.86,player,smash,0,1,0,0
2026-05-03T19:06:31,Club,singles,player,serve_lob,player,Faute filet,2,2.17,opponent,smash,1,1,0,0
2026-05-03T19:06:37,Club,singles,player,serve_lob,player,Faute filet,4,4.08,opponent,drop,2,1,0,0
2026-05-03T19:06:50,Club,singles,player,serve_short,opponent,Faute filet,13,12.90,player,drop,3,1,0,0
2026-05-03T19:06:55,Club,singles,opponent,serve_short,player,Faute filet,5,3.77,opponent,smash,3,2,0,0
2026-05-03T19:07:05,Club,singles,player,serve_drive,player,Point,9,8.16,player,drop,4,2,0,0
2026-05-03T19:07:09,Club,singles,player,serve_lob,opponent,Point,2,2.99,opponent,smash,5,2,0,0
2026-05-03T19:07:11,Club,singles,opponent,serve_short,player,Faute service,1,1.67,opponent,serve_short,5,3,0,0
2026-05-03T19:07:19,Club,singles,player,serve_lob,opponent,Faute dehors,5,6.15,player,smash,6,3,0,0
2026-05-03T19:07:26,Club,singles,opponent,serve_lob,opponent,Faute dehors,4,6.26,player,lob,6,4,0,0
2026-05-03T19:07:31,Club,singles,opponent,serve_lob,player,Faute dehors,3,3.96,opponent,smash,6,5,0,0
2026-05-03T19:07:41,Club,singles,player,serve_lob,opponent,Faute dehors,7,8.77,player,drop,7,5,0,0
2026-05-03T19:07:50,Club,singles,opponent,serve_short,player,Faute filet,9,7.95,opponent,smash,7,6,0,0
2026-05-03T19:08:02,Club,singles,player,serve_lob,player,Faute filet,10,10.81,opponent,drop,8,6,0,0
2026-05-03T19:08:06,Club,singles,player,serve_lob,player,Faute filet,4,3.43,opponent,drop,9,6,0,0
2026-05-03T19:08:11,Club,singles,player,serve_short,opponent,Faute dehors,3,3.69,player,drop,10,6,0,0
2026-05-03T19:08:17,Club,singles,opponent,serve_lob,opponent,Faute dehors,4,4.76,player,smash,10,7,0,0
2026-05-03T19:08:26,Club,singles,opponent,serve_short,player,Faute filet,9,7.86,opponent,smash,10,8,0,0
2026-05-03T19:08:31,Club,singles,player,serve_short,opponent,Point,4,3.47,opponent,drop,11,8,0,0
2026-05-03T19:08:45,Club,singles,opponent,serve_drive,player,Faute dehors,15,13.48,opponent,drop,11,9,0,0
2026-05-03T19:08:59,Club,singles,player,serve_short,opponent,Faute dehors,11,13.02,player,lob,12,9,0,0
2026-05-03T19:09:01,Club,singles,opponent,serve_short,player,Faute service,1,0.45,opponent,serve_short,12,10,0,0
2026-05-03T19:09:06,Club,singles,player,serve_drive,player,Faute filet,4,3.66,opponent,smash,13,10,0,0
2026-05-03T19:09:12,Club,singles,player,serve_short,player,Faute filet,6,5.53,opponent,drop,14,10,0,0
2026-05-03T19:09:16,Club,singles,player,serve_lob,opponent,Point,2,2.87,opponent,smash,15,10,0,0
2026-05-03T19:09:25,Club,singles,opponent,serve_lob,player,Faute dehors,7,7.94,opponent,smash,15,11,0,0
2026-05-03T19:09:33,Club,singles,player,serve_drive,opponent,Faute filet,3,2.53,player,smash,0,0,0,0
2026-05-03T19:09:36,Club,singles,opponent,serve_short,opponent,Faute dehors,2,2.19,player,drive,0,1,0,0
2026-05-03T19:09:39,Club,singles,opponent,serve_short,opponent,Faute filet,2,1.27,player,drive,0,2,0,0
2026-05-03T19:09:43,Club,singles,opponent,serve_short,opponent,Point,3,3.27,opponent,smash,0,3,0,0
2026-05-03T19:09:49,Club,singles,opponent,serve_short,opponent,Faute dehors,4,4.13,player,smash,0,4,0,0
2026-05-03T19:09:52,Club,singles,opponent,serve_short,player,Point,2,2.24,player,drop,0,5,0,0
2026-05-03T19:10:01,Club,singles,player,serve_short,player,Faute dehors,8,8.30,opponent,drop,1,5,0,0
2026-05-03T19:10:14,Club,singles,player,serve_lob,player,Point,11,11.42,player,smash,2,5,0,0
2026-05-03T19:10:19,Club,singles,player,serve_short,player,Faute dehors,4,4.56,opponent,smash,3,5,0,0
2026-05-03T19:10:24,Club,singles,player,serve_lob,player,Point,3,3.67,player,smash,4,5,0,0
2026-05-03T19:10:41,Club,singles,player,serve_drive,player,Faute filet,16,15.97,opponent,smash,5,5,0,0
2026-05-03T19:10:44,Club,singles,player,serve_short,opponent,Faute filet,3,1.86,player,drop,6,5,0,0
2026-05-03T19:10:48,Club,singles,opponent,serve_short,player,Faute dehors,3,3.11,opponent,smash,6,6,0,0
2026-05-03T19:10:52,Club,singles,player,serve_lob,player,Faute dehors,2,3.25,opponent,drop,7,6,0,0
2026-05-03T19:10:57,Club,singles,player,serve_short,opponent,Point,4,3.14,opponent,smash,8,6,0,0
2026-05-03T19:11:00,Club,singles,opponent,serve_short,player,Point,2,2.24,player,drive,8,7,0,0
2026-05-03T19:11:18,Club,singles,player,serve_drive,opponent,Faute dehors,17,17.40,player,drop,9,7,0,0
2026-05-03T19:11:26,Club,singles,opponent,serve_lob,opponent,Faute filet,6,6.47,player,smash,9,8,0,0
2026-05-03T19:11:29,Club,singles,opponent,serve_short,opponent,Faute dehors,2,2.17,player,drive,9,9,0,0
2026-05-03T19:11:35,Club,singles,opponent,serve_short,player,Faute filet,5,4.36,opponent,lob,9,10,0,0
2026-05-03T19:11:43,Club,singles,player,serve_lob,opponent,Point,6,6.53,opponent,smash,10,10,0,0
2026-05-03T19:11:48,Club,singles,opponent,serve_short,opponent,Faute filet,6,4.23,player,drop,10,11,0,0
2026-05-03T19:11:58,Club,singles,opponent,serve_short,player,Faute dehors,9,8.97,opponent,drop,10,12,0,0
2026-05-03T19:12:01,Club,singles,player,serve_drive,player,Faute filet,2,1.48,opponent,drop,11,12,0,0
2026-05-03T19:12:02,Club,singles,player,serve_drive,opponent,Faute service,1,0.53,player,serve_drive,12,12,0,0
2026-05-03T19:12:08,Club,singles,opponent,serve_drive,player,Faute filet,5,4.39,opponent,drop,12,13,0,0
2026-05-03T19:12:11,Club,singles,player,serve_short,player,Faute dehors,2,2.28,opponent,drop,13,13,0,0
2026-05-03T19:12:16,Club,singles,player,serve_lob,player,Faute dehors,2,3.62,opponent,lob,14,13,0,0
2026-05-03T19:12:30,Club,singles,player,serve_lob,player,Faute dehors,12,13.81,opponent,lob,15,13,0,0
2026-05-03T19:12:41,Club,singles,player,serve_short,player,Faute dehors,8,9.32,opponent,lob,16,13,0,0
2026-05-03T19:12:49,Club,singles,player,serve_short,opponent,Faute filet,9,6.87,player,smash,17,13,0,0
2026-05-03T19:13:04,Club,singles,opponent,serve_drive,player,Faute dehors,13,13.64,opponent,lob,17,14,0,0
2026-05-03T19:13:09,Club,singles,player,serve_short,player,Faute dehors,4,4.38,opponent,drop,18,14,0,0
2026-05-03T19:13:27,Club,singles,player,serve_short,player,Faute filet,20,17.38,opponent,smash,19,14,0,0
2026-05-03T19:13:31,Club,singles,player,serve_short,opponent,Faute filet,3,2.67,player,drop,20,14,0,0
2026-05-03T19:13:40,Club,singles,opponent,serve_lob,opponent,Faute filet,9,8.13,opponent,drop,20,15,0,0
2026-05-03T19:13:44,Club,singles,opponent,serve_short,player,Faute filet,3,2.00,opponent,drop,20,16,0,0
2026-05-03T19:14:45,Club,singles,player,serve_short,opponent,Faute filet,13,13.39,player,drop,0,0,0,0
2026-05-03T19:14:52,Club,singles,opponent,serve_drive,player,Faute dehors,5,5.98,opponent,lob,0,1,0,0
2026-05-03T19:14:56,Club,singles,player,serve_lob,opponent,Point,2,2.92,opponent,smash,1,1,0,0
2026-05-03T19:15:03,Club,singles,opponent,serve_short,opponent,Faute dehors,6,5.73,player,smash,1,2,0,0
2026-05-03T19:15:07,Club,singles,opponent,serve_lob,opponent,Faute dehors,2,2.91,player,smash,1,3,0,0
2026-05-03T19:15:15,Club,singles,opponent,serve_lob,player,Point,6,6.16,player,smash,1,4,0,0
2026-05-03T19:15:21,Club,singles,player,serve_short,opponent,Faute dehors,5,5.29,player,smash,2,4,0,0
2026-05-03T19:15:26,Club,singles,opponent,serve_lob,player,Faute filet,3,3.58,opponent,drop,2,5,0,0
2026-05-03T19:15:38,Club,singles,player,serve_short,player,Faute dehors,12,11.12,opponent,lob,3,5,0,0
2026-05-03T19:15:56,Club,singles,player,serve_drive,player,Point,17,17.19,player,drop,4,5,0,0
2026-05-03T19:16:02,Club,singles,player,serve_lob,player,Faute dehors,4,4.96,opponent,smash,5,5,0,0
2026-05-03T19:16:06,Club,singles,player,serve_short,player,Faute filet,4,3.41,opponent,smash,6,5,0,0
2026-05-03T19:16:10,Club,singles,player,serve_lob,opponent,Point,2,2.91,opponent,smash,7,5,0,0
2026-05-03T19:16:15,Club,singles,opponent,serve_short,player,Point,4,3.23,player,smash,7,6,0,0
2026-05-03T19:16:41,Club,singles,player,serve_short,player,Point,27,25.72,player,smash,8,6,0,0
2026-05-03T19:16:55,Club,singles,player,serve_short,opponent,Faute dehors,13,12.73,player,drop,9,6,0,0
2026-05-03T19:17:04,Club,singles,opponent,serve_lob,player,Faute dehors,7,7.66,opponent,drop,9,7,0,0
2026-05-03T19:17:23,Club,singles,player,serve_short,player,Point,19,17.64,player,smash,10,7,0,0
2026-05-03T19:17:28,Club,singles,player,serve_short,opponent,Point,4,4.54,opponent,smash,11,7,0,0
2026-05-03T19:17:41,Club,singles,player,serve_lob,player,Faute filet,2,2.19,opponent,smash,0,0,0,0
2026-05-03T19:17:47,Club,singles,player,serve_lob,player,Faute filet,4,4.57,opponent,drop,1,0,0,0
2026-05-03T19:17:59,Club,singles,player,serve_lob,opponent,Faute filet,11,10.91,player,smash,2,0,0,0
2026-05-03T19:18:03,Club,singles,opponent,serve_drive,player,Point,4,3.16,player,smash,2,1,0,0
2026-05-03T19:18:12,Club,singles,player,serve_lob,opponent,Faute filet,9,8.17,player,drop,3,1,0,0
2026-05-03T19:18:18,Club,singles,opponent,serve_lob,player,Faute dehors,5,4.88,opponent,smash,3,2,0,0
2026-05-03T19:18:23,Club,singles,player,serve_short,opponent,Point,4,4.09,opponent,smash,4,2,0,0
2026-05-03T19:18:29,Club,singles,opponent,serve_lob,player,Faute dehors,3,4.17,opponent,smash,4,3,0,0
2026-05-03T19:18:34,Club,singles,player,serve_short,player,Faute filet,4,4.01,opponent,drop,5,3,0,0
2026-05-03T19:18:44,Club,singles,player,serve_drive,player,Point,9,8.93,player,drop,6,3,0,0
2026-05-03T19:18:48,Club,singles,player,serve_lob,player,Faute dehors,2,2.86,opponent,smash,7,3,0,0
2026-05-03T19:18:51,Club,singles,player,serve_drive,player,Point,3,2.97,player,drop,8,3,0,0
2026-05-03T19:19:06,Club,singles,player,serve_lob,player,Faute filet,12,13.30,opponent,drop,9,3,0,0
2026-05-03T19:19:09,Club,singles,player,serve_drive,player,Faute dehors,2,2.38,opponent,drop,10,3,0,0
2026-05-03T19:19:12,Club,singles,player,serve_short,opponent,Faute filet,3,1.84,player,smash,11,3,0,0
2026-05-03T19:19:30,Club,singles,opponent,serve_short,player,Faute filet,17,16.39,opponent,smash,11,4,0,0
2026-05-03T19:19:34,Club,singles,player,serve_lob,opponent,Point,2,2.91,opponent,smash,12,4,0,0
2026-05-03T19:19:40,Club,singles,opponent,serve_lob,player,Faute dehors,5,5.71,opponent,drop,12,5,0,0
2026-05-03T19:19:45,Club,singles,player,serve_lob,player,Faute filet,4,3.78,opponent,drop,13,5,0,0
2026-05-03T19:19:57,Club,singles,player,serve_short,player,Point,5,5.12,player,smash,0,0,0,0
2026-05-03T19:20:12,Club,singles,player,serve_short,player,Faute dehors,14,14.21,opponent,smash,1,0,0,0
2026-05-03T19:20:17,Club,singles,player,serve_short,opponent,Faute dehors,3,3.31,player,smash,2,0,0,0
2026-05-03T19:20:30,Club,singles,opponent,serve_drive,opponent,Faute dehors,12,11.71,player,drop,2,1,0,0
2026-05-03T19:20:38,Club,singles,opponent,serve_drive,player,Faute dehors,7,7.48,opponent,drop,2,2,0,0
2026-05-03T19:20:47,Club,singles,player,serve_lob,opponent,Faute dehors,5,7.33,player,lob,3,2,0,0
2026-05-03T19:20:54,Club,singles,opponent,serve_short,player,Point,6,6.28,player,drop,3,3,0,0
2026-05-03T19:20:57,Club,singles,player,serve_drive,opponent,Faute service,1,1.55,player,serve_drive,4,3,0,0
2026-05-03T19:21:22,Club,singles,opponent,serve_short,player,Faute filet,25,24.24,opponent,drop,4,4,0,0
2026-05-03T19:21:41,Club,singles,player,serve_lob,opponent,Faute filet,19,18.33,player,drop,5,4,0,0
2026-05-03T19:21:46,Club,singles,opponent,serve_drive,player,Faute dehors,3,3.00,opponent,smash,5,5,0,0
2026-05-03T19:21:57,Club,singles,player,serve_lob,opponent,Faute dehors,9,10.49,player,lob,6,5,0,0
2026-05-03T19:21:59,Club,singles,opponent,serve_short,player,Faute service,1,0.62,opponent,serve_short,6,6,0,0
2026-05-03T19:22:02,Club,singles,player,serve_short,player,Faute dehors,2,2.18,opponent,drive,7,6,0,0
2026-05-03T19:22:07,Club,singles,player,serve_short,player,Point,5,4.13,player,drop,8,6,0,0
2026-05-03T19:22:15,Club,singles,player,serve_lob,opponent,Faute dehors,5,6.70,player,lob,9,6,0,0
2026-05-03T19:22:19,Club,singles,opponent,serve_lob,opponent,Faute dehors,2,2.87,player,smash,9,7,0,0
2026-05-03T19:22:27,Club,singles,opponent,serve_short,player,Faute dehors,7,6.48,opponent,drop,9,8,0,0
2026-05-03T19:22:33,Club,singles,player,serve_drive,opponent,Faute dehors,5,5.48,player,drop,10,8,0,0
2026-05-03T19:22:42,Club,singles,opponent,serve_short,opponent,Point,7,7.01,opponent,smash,10,9,0,0
2026-05-03T19:22:45,Club,singles,opponent,serve_short,opponent,Faute dehors,2,2.77,player,lob,10,10,0,0
2026-05-03T19:22:59,Club,singles,player,serve_drive,opponent,Point,4,4.10,opponent,smash,0,0,0,0
2026-05-03T19:23:02,Club,singles,opponent,serve_drive,player,Faute service,1,1.59,opponent,serve_drive,0,1,0,0
2026-05-03T19:23:17,Club,singles,player,serve_short,player,Faute dehors,16,14.27,opponent,drop,1,1,0,0
2026-05-03T19:23:29,Club,singles,player,serve_lob,opponent,Point,10,10.49,opponent,smash,2,1,0,0
2026-05-03T19:23:32,Club,singles,opponent,serve_short,opponent,Faute dehors,2,2.12,player,drive,2,2,0,0
2026-05-03T19:23:34,Club,singles,opponent,serve_short,opponent,Faute filet,2,1.25,player,drop,2,3,0,0
2026-05-03T19:23:39,Club,singles,opponent,serve_drive,opponent,Faute filet,4,3.81,player,drop,2,4,0,0
2026-05-03T19:23:51,Club,singles,opponent,serve_short,opponent,Faute dehors,10,10.06,player,lob,2,5,0,0
2026-05-03T19:23:55,Club,singles,opponent,serve_lob,opponent,Faute dehors,2,2.91,player,smash,2,6,0,0
2026-05-03T19:24:02,Club,singles,opponent,serve_short,player,Point,6,6.10,player,drop,2,7,0,0
2026-05-03T19:24:06,Club,singles,player,serve_short,opponent,Faute dehors,3,3.34,player,smash,3,7,0,0
2026-05-03T19:24:11,Club,singles,opponent,serve_lob,opponent,Faute dehors,2,3.29,player,drop,3,8,0,0
2026-05-03T19:24:14,Club,singles,opponent,serve_short,player,Point,2,2.37,player,drop,3,9,0,0
2026-05-03T19:24:18,Club,singles,player,serve_short,player,Faute dehors,2,2.31,opponent,drop,4,9,0,0
2026-05-03T19:24:21,Club,singles,player,serve_lob,player,Faute filet,2,2.42,opponent,drop,5,9,0,0
2026-05-03T19:24:31,Club,singles,player,serve_lob,player,Point,7,8.64,player,smash,6,9,0,0
2026-05-03T19:24:38,Club,singles,player,serve_lob,player,Faute dehors,6,6.00,opponent,smash,7,9,0,0
2026-05-03T19:24:40,Club,singles,player,serve_short,player,Faute filet,2,1.29,opponent,drop,8,9,0,0
2026-05-03T19:24:47,Club,singles,player,serve_short,player,Faute dehors,6,6.02,opponent,smash,9,9,0,0
2026-05-03T19:24:58,Club,singles,player,serve_drive,player,Faute dehors,2,2.04,opponent,smash,0,0,0,0
2026-05-03T19:25:02,Club,singles,player,serve_drive,player,Faute dehors,2,2.38,opponent,drop,1,0,0,0
2026-05-03T19:25:04,Club,singles,player,serve_drive,player,Faute filet,2,1.31,opponent,smash,2,0,0,0
2026-05-03T19:25:12,Club,singles,player,serve_short,opponent,Faute filet,9,7.03,player,smash,3,0,0,0
2026-05-03T19:25:17,Club,singles,opponent,serve_lob,player,Faute dehors,3,3.84,opponent,drop,3,1,0,0
2026-05-03T19:25:24,Club,singles,player,serve_short,opponent,Point,6,5.93,opponent,smash,4,1,0,0
2026-05-03T19:25:31,Club,singles,opponent,serve_short,player,Faute dehors,5,5.80,opponent,lob,4,2,0,0
2026-05-03T19:25:39,Club,singles,player,serve_drive,player,Faute filet,8,7.35,opponent,drop,5,2,0,0
2026-05-03T19:25:56,Club,singles,player,serve_lob,opponent,Point,14,15.75,opponent,smash,6,2,0,0
2026-05-03T19:26:14,Club,singles,opponent,serve_lob,opponent,Faute dehors,18,16.48,player,smash,6,3,0,0
2026-05-03T19:26:18,Club,singles,opponent,serve_short,opponent,Point,3,3.33,opponent,smash,6,4,0,0
2026-05-03T19:26:25,Club,singles,opponent,serve_lob,opponent,Faute dehors,6,5.99,player,lob,6,5,0,0
2026-05-03T19:26:29,Club,singles,opponent,serve_short,opponent,Faute dehors,2,2.13,player,drive,6,6,0,0
2026-05-03T19:26:39,Club,singles,opponent,serve_drive,player,Point,8,8.55,player,smash,6,7,0,0
2026-05-03T19:26:44,Club,singles,player,serve_short,player,Faute dehors,4,3.96,opponent,drop,7,7,0,0
2026-05-03T19:26:45,Club,singles,player,serve_short,opponent,Faute service,1,0.60,player,serve_short,8,7,0,0
2026-05-03T19:26:51,Club,singles,opponent,serve_short,player,Faute dehors,5,4.46,opponent,smash,8,8,0,0
2026-05-03T19:27:07,Club,singles,player,serve_short,player,Faute dehors,14,15.25,opponent,smash,9,8,0,0
2026-05-03T19:27:21,Club,singles,player,serve_short,opponent,Point,12,12.82,opponent,smash,10,8,0,0
2026-05-03T19:27:27,Club,singles,opponent,serve_short,opponent,Faute dehors,6,5.08,player,smash,10,9,0,0
2026-05-03T19:27:30,Club,singles,opponent,serve_short,opponent,Faute filet,2,1.14,player,drive,10,10,0,0
2026-05-03T19:27:33,Club,singles,opponent,serve_short,player,Faute filet,3,2.07,opponent,drop,10,11,0,0
2026-05-03T19:27:36,Club,singles,player,serve_short,opponent,Faute filet,3,1.84,player,drop,11,11,0,0
2026-05-03T19:27:49,Club,singles,player,serve_short,opponent,Point,6,5.23,opponent,smash,0,0,0,0
2026-05-03T19:28:09,Club,singles,opponent,serve_lob,player,Faute dehors,19,18.71,opponent,smash,0,1,0,0
2026-05-03T19:28:15,Club,singles,player,serve_short,player,Point,5,5.73,player,drop,1,1,0,0
2026-05-03T19:28:22,Club,singles,player,serve_lob,player,Faute filet,6,5.68,opponent,lob,2,1,0,0
2026-05-03T19:28:31,Club,singles,player,serve_short,player,Point,9,8.17,player,smash,3,1,0,0
2026-05-03T19:28:35,Club,singles,player,serve_lob,opponent,Point,2,2.89,opponent,smash,4,1,0,0
2026-05-03T19:28:41,Club,singles,opponent,serve_drive,player,Faute filet,5,4.13,opponent,drop,4,2,0,0
2026-05-03T19:28:47,Club,singles,player,serve_lob,player,Point,5,5.79,player,smash,5,2,0,0
2026-05-03T19:28:58,Club,singles,player,serve_short,player,Point,9,9.60,player,lob,6,2,0,0
2026-05-03T19:29:02,Club,singles,player,serve_short,opponent,Faute filet,3,2.65,player,drop,7,2,0,0
2026-05-03T19:29:07,Club,singles,opponent,serve_short,player,Point,4,4.56,player,smash,7,3,0,0
2026-05-03T19:29:20,Club,singles,player,serve_short,opponent,Faute dehors,11,11.92,player,lob,8,3,0,0
2026-05-03T19:29:24,Club,singles,opponent,serve_lob,opponent,Faute dehors,2,2.90,player,smash,8,4,0,0
2026-05-03T19:29:30,Club,singles,opponent,serve_short,player,Faute dehors,5,4.76,opponent,drop,8,5,0,0
2026-05-03T19:29:43,Club,singles,player,serve_short,opponent,Faute dehors,11,11.26,player,lob,9,5,0,0
2026-05-03T19:29:47,Club,singles,opponent,serve_short,opponent,Faute filet,4,2.86,player,drop,9,6,0,0
2026-05-03T19:29:53,Club,singles,opponent,serve_lob,player,Point,4,5.56,player,drop,9,7,0,0
2026-05-03T19:30:00,Club,singles,player,serve_short,player,Faute dehors,6,5.28,opponent,smash,10,7,0,0
2026-05-03T19:30:04,Club,singles,player,serve_drive,player,Point,3,3.29,player,smash,11,7,0,0
2026-05-03T19:30:35,Club,singles,player,serve_lob,opponent,Point,28,30.44,opponent,smash,12,7,0,0
2026-05-03T19:30:42,Club,singles,opponent,serve_short,player,Point,6,5.68,player,smash,12,8,0,0
2026-05-03T19:31:04,Club,singles,player,serve_drive,opponent,Faute dehors,7,7.04,player,drop,0,0,0,0
2026-05-03T19:31:05,Club,singles,opponent,serve_short,player,Faute service,1,0.60,opponent,serve_short,0,1,0,0
2026-05-03T19:31:08,Club,singles,player,serve_short,player,Faute filet,2,1.17,opponent,drive,1,1,0,0
2026-05-03T19:31:11,Club,singles,player,serve_drive,player,Faute dehors,2,2.44,opponent,drop,2,1,0,0
2026-05-03T19:31:14,Club,singles,player,serve_short,opponent,Faute filet,3,1.72,player,smash,3,1,0,0
2026-05-03T19:31:19,Club,singles,opponent,serve_lob,opponent,Point,3,3.49,opponent,smash,3,2,0,0
2026-05-03T19:31:23,Club,singles,opponent,serve_lob,opponent,Point,3,3.44,opponent,smash,3,3,0,0
2026-05-03T19:31:29,Club,singles,opponent,serve_short,opponent,Faute filet,6,4.93,player,smash,3,4,0,0
2026-05-03T19:31:38,Club,singles,opponent,serve_lob,opponent,Faute dehors,6,7.52,player,lob,3,5,0,0
2026-05-03T19:31:42,Club,singles,opponent,serve_short,player,Faute service,1,0.47,opponent,serve_short,3,6,0,0
2026-05-03T19:31:48,Club,singles,player,serve_lob,player,Point,5,5.37,player,smash,4,6,0,0
2026-05-03T19:31:52,Club,singles,player,serve_lob,opponent,Point,2,2.86,opponent,smash,5,6,0,0
2026-05-03T19:32:09,Club,singles,opponent,serve_lob,opponent,Faute dehors,16,15.86,player,drop,5,7,0,0
2026-05-03T19:32:14,Club,singles,opponent,serve_lob,player,Faute dehors,3,3.63,opponent,smash,5,8,0,0
2026-05-03T19:32:18,Club,singles,player,serve_lob,opponent,Point,2,2.87,opponent,smash,6,8,0,0
2026-05-03T19:32:19,Club,singles,opponent,serve_short,player,Faute service,1,0.45,opponent,serve_short,6,9,0,0
2026-05-03T19:32:27,Club,singles,player,serve_lob,opponent,Faute filet,7,7.35,player,smash,7,9,0,0
2026-05-03T19:32:31,Club,singles,opponent,serve_lob,opponent,Faute filet,2,2.14,player,smash,7,10,0,0
2026-05-03T19:32:36,Club,singles,opponent,serve_lob,player,Faute filet,3,3.34,opponent,smash,7,11,0,0
2026-05-03T19:32:39,Club,singles,player,serve_short,opponent,Faute filet,3,2.07,player,drop,8,11,0,0
2026-05-03T19:33:07,Club,singles,opponent,serve_short,player,Faute dehors,25,26.23,opponent,smash,8,12,0,0
2026-05-03T19:33:16,Club,singles,player,serve_short,opponent,Faute dehors,7,8.19,player,lob,9,12,0,0
2026-05-03T19:33:29,Club,singles,opponent,serve_short,player,Faute dehors,11,11.59,opponent,lob,9,13,0,0
2026-05-03T19:33:38,Club,singles,player,serve_short,player,Faute dehors,6,7.70,opponent,lob,10,13,0,0
2026-05-03T19:33:51,Club,singles,player,serve_short,player,Faute dehors,12,12.52,opponent,lob,11,13,0,0
2026-05-03T19:33:56,Club,singles,player,serve_lob,player,Faute filet,4,4.06,opponent,smash,12,13,0,0
2026-05-03T19:34:01,Club,singles,player,serve_lob,opponent,Faute dehors,3,4.09,player,drop,13,13,0,0
2026-05-03T19:34:06,Club,singles,opponent,serve_drive,opponent,Point,5,3.89,opponent,smash,13,14,0,0
2026-05-03T19:34:14,Club,singles,opponent,serve_drive,opponent,Faute dehors,6,6.54,player,lob,13,15,0,0
2026-05-03T19:34:48,Club,singles,opponent,serve_short,player,Faute dehors,33,32.68,opponent,smash,13,16,0,0
2026-05-03T19:35:06,Club,singles,player,serve_lob,player,Faute filet,16,17.70,opponent,drop,14,16,0,0
2026-05-03T19:35:09,Club,singles,player,serve_short,player,Faute filet,2,1.32,opponent,drive,15,16,0,0
2026-05-03T19:35:19,Club,singles,player,serve_short,opponent,Point,8,9.19,opponent,smash,16,16,0,0
2026-05-03T19:35:26,Club,singles,opponent,serve_short,opponent,Faute filet,8,5.81,player,smash,16,17,0,0
2026-05-03T19:35:32,Club,singles,opponent,serve_short,opponent,Point,5,5.29,opponent,smash,16,18,0,0
2026-05-03T19:35:42,Club,singles,opponent,serve_short,player,Faute dehors,9,8.60,opponent,smash,16,19,0,0
2026-05-03T19:35:48,Club,singles,player,serve_drive,player,Point,5,5.19,player,drop,17,19,0,0
2026-05-03T19:35:57,Club,singles,player,serve_short,opponent,Faute dehors,7,7.83,player,lob,18,19,0,0
2026-05-03T19:36:05,Club,singles,opponent,serve_drive,opponent,Faute dehors,6,6.90,player,lob,18,20,0,0
2026-05-03T19:38:00,Club,singles,player,serve_short,opponent,Faute dehors,3,2.99,player,drop,0,0,0,0
2026-05-03T19:38:04,Club,singles,opponent,serve_short,player,Point,2,2.14,player,drive,0,1,0,0
2026-05-03T19:38:12,Club,singles,player,serve_short,opponent,Faute filet,9,7.48,player,smash,1,1,0,0
2026-05-03T19:38:20,Club,singles,opponent,serve_lob,player,Faute filet,7,6.85,opponent,smash,1,2,0,0
2026-05-03T19:38:37,Club,singles,player,serve_short,player,Point,17,15.49,player,drop,2,2,0,0
2026-05-03T19:38:45,Club,singles,player,serve_short,opponent,Faute dehors,7,7.50,player,lob,3,2,0,0
2026-05-03T19:38:58,Club,singles,opponent,serve_lob,opponent,Point,11,11.42,opponent,smash,3,3,0,0
2026-05-03T19:39:05,Club,singles,opponent,serve_short,player,Point,6,5.74,player,smash,3,4,0,0
2026-05-03T19:39:18,Club,singles,player,serve_lob,opponent,Faute filet,13,11.99,player,smash,4,4,0,0
2026-05-03T19:39:28,Club,singles,opponent,serve_lob,opponent,Faute dehors,8,8.90,player,lob,4,5,0,0
2026-05-03T19:39:38,Club,singles,opponent,serve_short,opponent,Faute filet,10,8.67,player,drop,4,6,0,0
2026-05-03T19:39:54,Club,singles,opponent,serve_short,opponent,Point,13,14.58,opponent,smash,4,7,0,0
2026-05-03T19:39:58,Club,singles,opponent,serve_drive,opponent,Point,3,3.23,opponent,smash,4,8,0,0
2026-05-03T20:19:16,Club,singles,player,serve_lob,player,Point,5,5.77,player,drop,0,0,0,0
2026-05-03T20:19:20,Club,singles,player,serve_drive,player,Point,3,3.31,player,smash,1,0,0,0
2026-05-03T20:19:28,Club,singles,player,serve_lob,opponent,Faute dehors,5,6.64,player,smash,2,0,0,0
2026-05-03T20:19:59,Club,singles,opponent,serve_short,opponent,Faute dehors,32,29.71,player,lob,2,1,0,0
2026-05-03T20:20:04,Club,singles,opponent,serve_short,player,Faute dehors,3,3.31,opponent,smash,2,2,0,0
2026-05-03T20:20:06,Club,singles,player,serve_short,player,Faute filet,2,1.24,opponent,drive,3,2,0,0
2026-05-03T20:20:10,Club,singles,player,serve_drive,player,Faute dehors,2,2.41,opponent,drop,4,2,0,0
2026-05-03T20:20:14,Club,singles,player,serve_lob,opponent,Point,2,2.86,opponent,smash,5,2,0,0
2026-05-03T20:20:18,Club,singles,opponent,serve_short,player,Faute dehors,3,2.59,opponent,smash,5,3,0,0
2026-05-03T20:20:32,Club,singles,player,serve_short,player,Faute dehors,12,13.40,opponent,smash,6,3,0,0
2026-05-03T20:20:37,Club,singles,player,serve_drive,opponent,Faute dehors,3,4.17,player,lob,7,3,0,0
2026-05-03T20:21:00,Club,singles,opponent,serve_short,opponent,Point,21,22.02,opponent,smash,7,4,0,0
2026-05-03T20:21:08,Club,singles,opponent,serve_drive,opponent,Faute dehors,6,6.75,player,drop,7,5,0,0
2026-05-03T20:21:15,Club,singles,opponent,serve_short,player,Faute dehors,5,5.57,opponent,drop,7,6,0,0
2026-05-03T20:21:19,Club,singles,player,serve_drive,player,Faute dehors,2,2.46,opponent,drop,8,6,0,0
2026-05-03T20:21:25,Club,singles,player,serve_short,opponent,Faute filet,7,5.96,player,drop,9,6,0,0
2026-05-03T20:21:31,Club,singles,opponent,serve_short,opponent,Point,5,4.84,opponent,smash,9,7,0,0
2026-05-03T20:21:50,Club,singles,opponent,serve_short,player,Point,18,17.27,player,smash,9,8,0,0
2026-05-03T20:22:00,Club,singles,player,serve_short,opponent,Point,10,8.97,opponent,smash,10,8,0,0
2026-05-03T20:22:06,Club,singles,opponent,serve_lob,player,Faute dehors,5,5.43,opponent,smash,10,9,0,0
2026-05-03T20:22:16,Club,singles,player,serve_lob,player,Faute dehors,6,8.58,opponent,lob,11,9,0,0
2026-05-03T20:22:27,Club,singles,player,serve_short,player,Point,5,4.57,player,smash,0,0,0,0
2026-05-03T20:22:32,Club,singles,player,serve_drive,opponent,Point,4,3.91,opponent,smash,1,0,0,0
2026-05-03T20:22:37,Club,singles,opponent,serve_lob,opponent,Point,3,3.54,opponent,smash,1,1,0,0
2026-05-03T20:22:47,Club,singles,opponent,serve_short,player,Faute dehors,7,8.72,opponent,lob,1,2,0,0
2026-05-03T20:22:52,Club,singles,player,serve_short,player,Faute filet,4,3.81,opponent,smash,2,2,0,0
2026-05-03T20:23:21,Club,singles,player,serve_short,opponent,Faute dehors,27,28.02,player,smash,3,2,0,0
2026-05-03T20:23:26,Club,singles,opponent,serve_short,player,Faute dehors,5,3.92,opponent,smash,3,3,0,0
2026-05-03T20:23:33,Club,singles,player,serve_drive,opponent,Faute dehors,5,5.84,player,smash,4,3,0,0
2026-05-03T20:23:54,Club,singles,opponent,serve_short,opponent,Faute dehors,22,19.20,player,lob,4,4,0,0
2026-05-03T20:24:12,Club,singles,opponent,serve_short,opponent,Faute dehors,16,16.54,player,drop,4,5,0,0
2026-05-03T20:24:16,Club,singles,opponent,serve_short,player,Faute dehors,3,3.04,opponent,smash,4,6,0,0
2026-05-03T20:24:20,Club,singles,player,serve_lob,opponent,Point,2,2.86,opponent,smash,5,6,0,0
2026-05-03T20:24:25,Club,singles,opponent,serve_short,player,Faute dehors,3,3.63,opponent,lob,5,7,0,0
2026-05-03T20:24:32,Club,singles,player,serve_short,player,Faute filet,6,5.66,opponent,smash,6,7,0,0
2026-05-03T20:24:44,Club,singles,player,serve_lob,opponent,Faute filet,11,10.81,player,drop,7,7,0,0
2026-05-03T20:24:47,Club,singles,opponent,serve_short,opponent,Faute dehors,2,2.37,player,drop,7,8,0,0
2026-05-03T20:24:54,Club,singles,opponent,serve_short,player,Faute dehors,5,5.16,opponent,smash,7,9,0,0
2026-05-03T20:24:56,Club,singles,player,serve_short,player,Faute filet,2,1.22,opponent,drive,8,9,0,0
2026-05-03T20:25:04,Club,singles,player,serve_lob,player,Faute dehors,6,7.62,opponent,drop,9,9,0,0
2026-05-03T20:25:30,Club,singles,player,serve_lob,opponent,Faute filet,25,24.31,player,lob,10,9,0,0
2026-05-03T20:25:33,Club,singles,opponent,serve_short,opponent,Faute dehors,2,2.36,player,drop,10,10,0,0
2026-05-03T20:25:45,Club,singles,opponent,serve_drive,player,Faute dehors,9,10.92,opponent,lob,10,11,0,0
2026-05-03T20:25:59,Club,singles,player,serve_short,player,Point,3,3.86,player,smash,0,0,0,0
2026-05-03T20:26:17,Club,singles,player,serve_short,player,Faute dehors,18,16.75,opponent,drop,1,0,0,0
2026-05-03T20:26:19,Club,singles,player,serve_short,player,Faute filet,2,1.15,opponent,drive,2,0,0,0
2026-05-03T20:26:23,Club,singles,player,serve_lob,opponent,Point,2,2.86,opponent,smash,3,0,0,0
2026-05-03T20:26:29,Club,singles,opponent,serve_drive,opponent,Faute dehors,4,4.31,player,drop,3,1,0,0
2026-05-03T20:26:38,Club,singles,opponent,serve_lob,player,Point,8,8.07,player,smash,3,2,0,0
2026-05-03T20:26:43,Club,singles,player,serve_short,player,Faute dehors,4,3.74,opponent,smash,4,2,0,0
2026-05-03T20:27:02,Club,singles,player,serve_lob,player,Faute filet,2,2.17,opponent,smash,5,2,0,0
2026-05-03T20:35:58,Club,singles,player,serve_short,player,Faute filet,4,3.41,opponent,drop,6,2,0,0
2026-05-03T20:36:03,Club,singles,player,serve_short,opponent,Point,4,3.46,opponent,drop,7,2,0,0
2026-05-03T20:36:13,Club,singles,opponent,serve_short,opponent,Point,9,8.59,opponent,smash,7,3,0,0
2026-05-03T20:36:17,Club,singles,opponent,serve_short,player,Faute filet,3,2.71,opponent,drop,7,4,0,0
2026-05-03T20:36:23,Club,singles,player,serve_lob,opponent,Faute dehors,5,5.90,player,smash,8,4,0,0
2026-05-03T20:36:31,Club,singles,opponent,serve_short,player,Point,6,6.28,player,drop,8,5,0,0
2026-05-03T20:36:39,Club,singles,player,serve_short,player,Faute filet,8,7.52,opponent,drop,9,5,0,0
2026-05-03T20:36:51,Club,singles,player,serve_lob,opponent,Point,10,10.36,opponent,smash,10,5,0,0
2026-05-03T20:36:58,Club,singles,opponent,serve_short,opponent,Point,7,6.17,opponent,smash,10,6,0,0
2026-05-03T20:37:07,Club,singles,opponent,serve_lob,opponent,Faute filet,8,8.02,player,lob,10,7,0,0
2026-05-03T20:37:13,Club,singles,opponent,serve_short,opponent,Faute filet,6,4.60,player,lob,10,8,0,0
2026-05-03T20:37:17,Club,singles,opponent,serve_short,opponent,Faute dehors,2,2.78,player,lob,10,9,0,0
2026-05-03T20:37:20,Club,singles,opponent,serve_short,player,Faute filet,3,1.90,opponent,drop,10,10,0,0
2026-05-03T20:37:30,Club,singles,player,serve_short,player,Point,9,8.32,player,smash,11,10,0,0
2026-05-03T20:37:33,Club,singles,player,serve_short,opponent,Faute filet,3,2.72,player,drop,12,10,0,0
2026-05-03T20:37:39,Club,singles,opponent,serve_lob,player,Faute dehors,3,3.93,opponent,drop,12,11,0,0
2026-05-03T20:37:42,Club,singles,player,serve_lob,opponent,Point,2,2.91,opponent,smash,13,11,0,0
2026-05-03T20:37:47,Club,singles,opponent,serve_lob,opponent,Point,3,3.43,opponent,smash,13,12,0,0
2026-05-03T20:37:56,Club,singles,opponent,serve_lob,opponent,Faute dehors,6,7.52,player,drop,13,13,0,0
2026-05-03T20:38:02,Club,singles,opponent,serve_lob,opponent,Faute filet,4,4.73,player,drop,13,14,0,0
2026-05-03T20:38:07,Club,singles,opponent,serve_short,opponent,Faute filet,4,3.73,player,smash,13,15,0,0
2026-05-03T20:38:10,Club,singles,opponent,serve_short,opponent,Faute dehors,2,2.37,player,drop,13,16,0,0
2026-05-03T20:38:17,Club,singles,opponent,serve_short,opponent,Point,5,5.48,opponent,smash,13,17,0,0
2026-05-03T20:38:22,Club,singles,opponent,serve_short,opponent,Faute dehors,4,4.14,player,smash,13,18,0,0
2026-05-03T20:38:27,Club,singles,opponent,serve_lob,opponent,Faute dehors,2,3.61,player,lob,13,19,0,0
2026-05-03T20:38:34,Club,singles,opponent,serve_lob,opponent,Point,5,5.43,opponent,smash,13,20,0,0
2026-05-03T20:42:05,Club,singles,player,serve_short,player,Point,7,5.85,player,smash,0,0,0,0
2026-05-03T20:42:06,Club,singles,player,serve_drive,opponent,Faute service,1,0.53,player,serve_drive,1,0,0,0
2026-05-03T20:42:12,Club,singles,opponent,serve_short,opponent,Faute dehors,4,4.27,player,drop,1,1,0,0
2026-05-03T20:47:26,Club,singles,opponent,serve_lob,opponent,Faute dehors,6,312.24,player,lob,1,2,0,0
2026-05-03T20:47:28,Club,singles,opponent,serve_short,opponent,Faute filet,2,1.31,player,drive,1,3,0,0
2026-05-03T20:47:37,Club,singles,opponent,serve_lob,opponent,Faute filet,8,7.58,player,drop,1,4,0,0
2026-05-03T20:47:43,Club,singles,opponent,serve_short,opponent,Faute dehors,4,4.54,player,smash,1,5,0,0
2026-05-03T20:47:45,Club,singles,opponent,serve_short,opponent,Faute filet,2,1.27,player,drop,1,6,0,0
2026-05-03T20:47:54,Club,singles,opponent,serve_short,player,Point,8,7.10,player,smash,1,7,0,0
2026-05-03T20:47:57,Club,singles,player,serve_lob,player,Faute dehors,2,2.87,opponent,smash,2,7,0,0
2026-05-03T20:48:03,Club,singles,player,serve_short,player,Faute dehors,4,4.76,opponent,lob,3,7,0,0
2026-05-03T20:48:08,Club,singles,player,serve_lob,player,Point,3,3.32,player,smash,4,7,0,0
2026-05-03T20:48:10,Club,singles,player,serve_short,player,Faute filet,2,1.24,opponent,drop,5,7,0,0
2026-05-03T20:48:14,Club,singles,player,serve_lob,opponent,Point,2,2.88,opponent,smash,6,7,0,0
2026-05-03T20:48:16,Club,singles,opponent,serve_short,opponent,Faute filet,2,1.15,player,drive,6,8,0,0
2026-05-03T20:48:23,Club,singles,opponent,serve_drive,player,Faute dehors,5,5.51,opponent,lob,6,9,0,0
2026-05-03T20:48:27,Club,singles,player,serve_short,player,Faute filet,4,3.08,opponent,smash,7,9,0,0
2026-05-03T20:48:37,Club,singles,player,serve_short,player,Faute dehors,8,9.40,opponent,lob,8,9,0,0
2026-05-03T20:48:49,Club,singles,player,serve_lob,player,Point,11,10.39,player,drop,9,9,0,0
2026-05-03T20:48:57,Club,singles,player,serve_lob,player,Faute dehors,6,7.06,opponent,smash,10,9,0,0
2026-05-03T20:49:00,Club,singles,player,serve_short,opponent,Faute filet,3,2.45,player,drop,11,9,0,0
2026-05-03T20:49:27,Club,singles,opponent,serve_drive,player,Faute dehors,27,25.50,opponent,lob,11,10,0,0
2026-05-03T20:49:28,Club,singles,player,serve_short,opponent,Faute service,1,0.61,player,serve_short,12,10,0,0
2026-05-03T20:49:32,Club,singles,opponent,serve_short,opponent,Faute dehors,2,2.16,player,drive,12,11,0,0
2026-05-03T20:49:43,Club,singles,opponent,serve_drive,player,Faute filet,9,9.81,opponent,drop,12,12,0,0
2026-05-03T20:49:49,Club,singles,player,serve_lob,opponent,Faute dehors,5,5.32,player,smash,13,12,0,0
2026-05-03T20:49:55,Club,singles,opponent,serve_short,player,Faute dehors,5,4.77,opponent,drop,13,13,0,0
2026-05-03T20:50:00,Club,singles,player,serve_short,player,Faute filet,4,3.79,opponent,smash,14,13,0,0
2026-05-03T20:50:05,Club,singles,player,serve_drive,opponent,Faute dehors,3,3.98,player,lob,15,13,0,0
2026-05-03T20:50:22,Club,singles,opponent,serve_short,opponent,Point,15,15.91,opponent,smash,15,14,0,0
2026-05-03T20:50:31,Club,singles,opponent,serve_lob,player,Faute dehors,5,7.33,opponent,lob,15,15,0,0
2026-05-03T20:50:42,Club,singles,player,serve_short,opponent,Faute service,1,0.45,player,serve_short,0,0,0,0
2026-05-03T20:50:48,Club,singles,opponent,serve_short,opponent,Point,5,5.34,opponent,smash,0,1,0,0
2026-05-03T20:50:53,Club,singles,opponent,serve_short,opponent,Faute filet,4,2.96,player,drop,0,2,0,0
2026-05-03T20:50:58,Club,singles,opponent,serve_short,player,Faute filet,5,4.76,opponent,drop,0,3,0,0
2026-05-03T20:51:02,Club,singles,player,serve_lob,player,Faute filet,2,2.19,opponent,smash,1,3,0,0
2026-05-03T20:51:08,Club,singles,player,serve_short,player,Point,5,5.20,player,drop,2,3,0,0
2026-05-03T20:51:14,Club,singles,player,serve_drive,player,Point,5,5.25,player,smash,3,3,0,0
2026-05-03T20:51:25,Club,singles,player,serve_lob,player,Point,9,9.78,player,smash,4,3,0,0
2026-05-03T20:51:29,Club,singles,player,serve_drive,opponent,Point,4,3.32,opponent,drop,5,3,0,0
2026-05-03T20:51:38,Club,singles,opponent,serve_lob,opponent,Faute dehors,6,7.70,player,drop,5,4,0,0
2026-05-03T20:51:53,Club,singles,opponent,serve_drive,player,Faute filet,15,13.64,opponent,drop,5,5,0,0
2026-05-03T20:51:58,Club,singles,player,serve_short,player,Point,3,3.86,player,smash,6,5,0,0
2026-05-03T20:52:00,Club,singles,player,serve_drive,player,Faute filet,2,1.29,opponent,smash,7,5,0,0
2026-05-03T20:52:06,Club,singles,player,serve_short,player,Faute dehors,4,4.85,opponent,drop,8,5,0,0
2026-05-03T20:52:15,Club,singles,player,serve_lob,player,Faute dehors,8,8.29,opponent,smash,9,5,0,0
2026-05-03T20:52:25,Club,singles,player,serve_lob,opponent,Faute dehors,7,8.64,player,smash,10,5,0,0
2026-05-03T20:52:30,Club,singles,opponent,serve_short,player,Point,4,3.56,player,drop,10,6,0,0
2026-05-03T20:52:35,Club,singles,player,serve_short,player,Faute dehors,4,4.20,opponent,lob,11,6,0,0
2026-05-03T20:52:54,Club,singles,player,serve_lob,player,Faute filet,20,18.40,opponent,drop,12,6,0,0
2026-05-03T20:52:58,Club,singles,player,serve_lob,opponent,Point,2,2.97,opponent,smash,13,6,0,0
2026-05-03T20:53:09,Club,singles,opponent,serve_short,opponent,Faute dehors,10,9.89,player,lob,13,7,0,0
2026-05-03T20:53:14,Club,singles,opponent,serve_lob,opponent,Point,3,3.56,opponent,smash,13,8,0,0
2026-05-03T20:53:28,Club,singles,opponent,serve_short,opponent,Faute filet,14,12.55,player,drop,13,9,0,0
2026-05-03T20:53:38,Club,singles,opponent,serve_short,opponent,Faute filet,10,9.02,player,drop,13,10,0,0
2026-05-03T20:53:45,Club,singles,opponent,serve_short,player,Point,6,6.05,player,drop,13,11,0,0
2026-05-03T20:54:01,Club,singles,player,serve_lob,opponent,Faute dehors,15,14.36,player,smash,14,11,0,0
2026-05-03T20:54:07,Club,singles,opponent,serve_short,opponent,Point,7,5.25,opponent,drop,14,12,0,0
2026-05-03T20:54:11,Club,singles,opponent,serve_lob,opponent,Faute dehors,2,2.86,player,smash,14,13,0,0
2026-05-03T20:54:21,Club,singles,opponent,serve_short,player,Faute dehors,9,8.78,opponent,smash,14,14,0,0
2026-05-03T20:54:25,Club,singles,player,serve_short,player,Faute dehors,2,2.38,opponent,drop,15,14,0,0
2026-05-03T20:54:31,Club,singles,player,serve_short,player,Faute filet,6,5.32,opponent,drop,16,14,0,0
2026-05-03T20:54:43,Club,singles,player,serve_lob,opponent,Faute dehors,9,10.69,player,smash,17,14,0,0
2026-05-03T20:54:48,Club,singles,opponent,serve_lob,player,Faute dehors,3,4.09,opponent,smash,17,15,0,0
2026-05-03T20:54:54,Club,singles,player,serve_short,opponent,Faute filet,7,5.20,player,smash,18,15,0,0
2026-05-03T20:54:56,Club,singles,opponent,serve_short,player,Faute service,1,0.47,opponent,serve_short,18,16,0,0
2026-05-03T20:55:10,Club,singles,player,serve_short,player,Faute dehors,12,13.20,opponent,smash,19,16,0,0
2026-05-03T20:55:19,Club,singles,player,serve_short,player,Faute dehors,8,8.09,opponent,drop,20,16,0,0
2026-05-03T20:59:45,Club,singles,opponent,serve_short,player,Faute filet,11,11.10,opponent,smash,0,0,1,0
2026-05-03T21:00:08,Club,singles,player,serve_short,player,Faute dehors,20,21.14,opponent,drop,1,0,1,0
2026-05-03T21:00:12,Club,singles,player,serve_lob,opponent,Faute filet,3,3.39,player,smash,2,0,1,0
2026-05-03T21:00:22,Club,singles,opponent,serve_short,player,Faute filet,9,8.47,opponent,drop,2,1,1,0
2026-05-03T21:00:29,Club,singles,player,serve_drive,opponent,Faute dehors,5,5.64,player,lob,3,1,1,0
2026-05-03T21:00:39,Club,singles,opponent,serve_lob,player,Point,8,8.65,player,lob,3,2,1,0
2026-05-03T21:00:47,Club,singles,player,serve_short,opponent,Faute filet,9,7.89,player,drop,4,2,1,0
2026-05-03T21:01:03,Club,singles,opponent,serve_short,player,Faute dehors,15,14.41,opponent,smash,4,3,1,0
2026-05-03T21:01:06,Club,singles,player,serve_short,player,Faute dehors,2,2.17,opponent,drive,5,3,1,0
2026-05-03T21:01:15,Club,singles,player,serve_lob,player,Faute dehors,6,7.45,opponent,lob,6,3,1,0
2026-05-03T21:01:25,Club,singles,player,serve_lob,player,Faute dehors,10,9.68,opponent,smash,7,3,1,0
2026-05-03T21:01:34,Club,singles,player,serve_lob,opponent,Point,6,7.41,opponent,smash,8,3,1,0
2026-05-03T21:01:48,Club,singles,opponent,serve_drive,opponent,Faute filet,14,12.76,player,smash,8,4,1,0
2026-05-03T21:01:54,Club,singles,opponent,serve_lob,opponent,Faute dehors,4,4.61,player,drop,8,5,1,0
2026-05-03T21:01:59,Club,singles,opponent,serve_short,player,Faute dehors,5,3.71,opponent,smash,8,6,1,0
2026-05-03T21:02:11,Club,singles,player,serve_drive,opponent,Faute dehors,13,11.17,player,smash,9,6,1,0
2026-05-03T21:02:19,Club,singles,opponent,serve_lob,opponent,Point,5,6.64,opponent,smash,9,7,1,0
2026-05-03T21:02:27,Club,singles,opponent,serve_lob,player,Faute filet,7,7.33,opponent,drop,9,8,1,0
2026-05-03T21:02:33,Club,singles,player,serve_drive,player,Point,5,4.59,player,drop,10,8,1,0
2026-05-03T21:02:49,Club,singles,player,serve_short,opponent,Faute dehors,17,15.48,player,smash,11,8,1,0
2026-05-03T21:02:51,Club,singles,opponent,serve_short,player,Faute service,1,0.58,opponent,serve_short,11,9,1,0
2026-05-03T21:03:02,Club,singles,player,serve_short,opponent,Point,10,10.54,opponent,smash,12,9,1,0
2026-05-03T21:03:09,Club,singles,opponent,serve_drive,opponent,Faute dehors,4,4.92,player,lob,12,10,1,0
2026-05-03T21:03:13,Club,singles,opponent,serve_short,opponent,Faute filet,4,2.81,player,smash,12,11,1,0
2026-05-03T21:03:21,Club,singles,opponent,serve_short,player,Faute dehors,7,6.80,opponent,drop,12,12,1,0
2026-05-03T21:03:29,Club,singles,player,serve_short,opponent,Faute dehors,9,7.38,player,drop,13,12,1,0
2026-05-03T21:03:33,Club,singles,opponent,serve_drive,player,Faute dehors,3,2.94,opponent,smash,13,13,1,0
2026-05-03T21:03:35,Club,singles,player,serve_short,opponent,Faute service,1,0.60,player,serve_short,14,13,1,0
2026-05-03T21:03:40,Club,singles,opponent,serve_short,opponent,Point,3,3.56,opponent,smash,14,14,1,0
2026-05-03T21:03:44,Club,singles,opponent,serve_drive,player,Point,4,3.18,player,smash,14,15,1,0
2026-05-03T21:03:48,Club,singles,player,serve_short,player,Faute dehors,4,3.57,opponent,drop,15,15,1,0
2026-05-03T21:03:52,Club,singles,player,serve_lob,opponent,Point,2,2.88,opponent,smash,16,15,1,0
2026-05-03T21:04:10,Club,singles,opponent,serve_short,player,Faute dehors,15,16.81,opponent,drop,16,16,1,0
2026-05-03T21:04:18,Club,singles,player,serve_short,player,Point,7,6.73,player,smash,17,16,1,0
2026-05-03T21:04:21,Club,singles,player,serve_short,opponent,Faute service,1,1.67,player,serve_short,18,16,1,0
2026-05-03T21:04:40,Club,singles,opponent,serve_lob,player,Faute filet,19,18.23,opponent,drop,18,17,1,0
2026-05-03T21:04:44,Club,singles,player,serve_lob,opponent,Point,2,2.87,opponent,smash,19,17,1,0
2026-05-03T21:04:56,Club,singles,opponent,serve_short,player,Faute dehors,11,11.09,opponent,lob,19,18,1,0
2026-05-03T21:05:13,Club,singles,player,serve_short,opponent,Point,16,15.86,opponent,smash,20,18,1,0
2026-05-03T21:05:29,Club,singles,opponent,serve_short,player,Point,14,14.91,player,smash,20,19,1,0
2026-05-03T21:08:05,Club,singles,player,serve_short,player,Faute dehors,6,6.57,opponent,lob,0,0,0,0
2026-05-03T21:08:13,Club,singles,player,serve_lob,opponent,Faute dehors,7,7.08,player,smash,1,0,0,0
2026-05-03T21:08:19,Club,singles,opponent,serve_lob,player,Point,4,4.16,player,smash,1,1,0,0
2026-05-03T21:08:23,Club,singles,player,serve_lob,opponent,Point,2,2.89,opponent,smash,2,1,0,0
2026-05-03T21:08:39,Club,singles,opponent,serve_short,opponent,Faute dehors,16,15.00,player,smash,2,2,0,0
2026-05-03T21:08:41,Club,singles,opponent,serve_short,player,Faute service,1,0.60,opponent,serve_short,2,3,0,0
2026-05-03T21:08:51,Club,singles,player,serve_short,opponent,Faute dehors,9,9.37,player,lob,3,3,0,0
2026-05-03T21:09:06,Club,singles,opponent,serve_lob,player,Faute filet,13,14.05,opponent,drop,3,4,0,0
2026-05-03T21:09:10,Club,singles,player,serve_lob,player,Faute dehors,2,2.81,opponent,smash,4,4,0,0
2026-05-03T21:09:21,Club,singles,player,serve_drive,opponent,Point,10,10.25,opponent,smash,5,4,0,0
2026-05-03T21:09:35,Club,singles,opponent,serve_short,player,Point,12,12.68,player,drop,5,5,0,0
2026-05-03T21:09:40,Club,singles,player,serve_short,opponent,Faute dehors,3,3.29,player,smash,6,5,0,0
2026-05-03T21:09:50,Club,singles,opponent,serve_short,opponent,Faute dehors,8,8.08,player,smash,6,6,0,0
2026-05-03T21:09:54,Club,singles,opponent,serve_short,opponent,Faute filet,4,3.14,player,drop,6,7,0,0
2026-05-03T21:09:57,Club,singles,opponent,serve_lob,opponent,Faute filet,2,2.14,player,smash,6,8,0,0
2026-05-03T21:10:00,Club,singles,opponent,serve_short,opponent,Faute filet,2,1.20,player,drive,6,9,0,0
2026-05-03T21:10:08,Club,singles,opponent,serve_lob,player,Faute dehors,7,6.97,opponent,smash,6,10,0,0
2026-05-03T21:10:14,Club,singles,player,serve_short,opponent,Point,6,5.63,opponent,smash,7,10,0,0
2026-05-03T21:10:26,Club,singles,opponent,serve_lob,player,Faute dehors,9,10.78,opponent,smash,7,11,0,0
2026-05-03T21:10:32,Club,singles,player,serve_short,opponent,Point,4,4.39,opponent,smash,8,11,0,0
2026-05-03T21:10:34,Club,singles,opponent,serve_short,player,Faute service,1,0.45,opponent,serve_short,8,12,0,0
2026-05-03T21:10:39,Club,singles,player,serve_lob,player,Faute dehors,4,4.90,opponent,smash,9,12,0,0
2026-05-03T21:10:47,Club,singles,player,serve_short,opponent,Point,6,6.17,opponent,smash,10,12,0,0
2026-05-03T21:10:56,Club,singles,opponent,serve_short,player,Faute dehors,9,8.27,opponent,smash,10,13,0,0
2026-05-03T21:11:04,Club,singles,player,serve_short,player,Faute filet,8,6.42,opponent,lob,11,13,0,0
2026-05-03T21:11:07,Club,singles,player,serve_short,player,Faute dehors,2,2.36,opponent,drop,12,13,0,0
2026-05-03T21:11:14,Club,singles,player,serve_short,opponent,Faute dehors,5,5.82,player,smash,13,13,0,0
2026-05-03T21:11:27,Club,singles,opponent,serve_lob,opponent,Faute dehors,10,11.66,player,lob,13,14,0,0
2026-05-03T21:11:32,Club,singles,opponent,serve_lob,player,Faute dehors,3,4.46,opponent,lob,13,15,0,0
2026-05-03T21:11:41,Club,singles,player,serve_short,player,Point,7,7.32,player,drop,14,15,0,0
2026-05-03T21:11:46,Club,singles,player,serve_drive,player,Faute dehors,4,4.13,opponent,smash,15,15,0,0
2026-05-03T21:12:03,Club,singles,player,serve_short,player,Point,17,15.90,player,smash,16,15,0,0
2026-05-03T21:12:08,Club,singles,player,serve_lob,opponent,Faute dehors,3,4.16,player,smash,17,15,0,0
2026-05-03T21:12:17,Club,singles,opponent,serve_short,player,Point,8,7.73,player,smash,17,16,0,0
2026-05-03T21:12:25,Club,singles,player,serve_drive,player,Faute dehors,6,6.50,opponent,smash,18,16,0,0
2026-05-03T21:12:44,Club,singles,player,serve_short,player,Point,19,18.06,player,drop,19,16,0,0
2026-05-03T21:12:48,Club,singles,player,serve_lob,opponent,Point,2,2.87,opponent,smash,20,16,0,0
2026-05-03T21:13:07,Club,singles,opponent,serve_lob,player,Faute filet,19,18.08,opponent,drop,20,17,0,0
2026-05-03T21:30:35,Club,singles,player,serve_short,player,Faute dehors,8,9.64,opponent,smash,0,0,0,0
2026-05-03T21:30:44,Club,singles,player,serve_drive,player,Faute dehors,8,7.65,opponent,smash,1,0,0,0
2026-05-03T21:30:49,Club,singles,player,serve_short,player,Faute dehors,4,4.04,opponent,drop,2,0,0,0
2026-05-03T21:30:58,Club,singles,player,serve_lob,opponent,Faute dehors,7,7.96,player,lob,3,0,0,0
2026-05-03T21:31:12,Club,singles,opponent,serve_short,player,Faute filet,13,13.02,opponent,drop,3,1,0,0
2026-05-03T21:31:14,Club,singles,player,serve_drive,opponent,Faute service,1,0.52,player,serve_drive,4,1,0,0
2026-05-03T21:31:26,Club,singles,opponent,serve_short,player,Faute dehors,11,10.59,opponent,smash,4,2,0,0
2026-05-03T21:31:38,Club,singles,player,serve_short,opponent,Point,12,11.36,opponent,smash,5,2,0,0
2026-05-03T21:31:47,Club,singles,opponent,serve_lob,opponent,Point,7,7.72,opponent,smash,5,3,0,0
2026-05-03T21:31:52,Club,singles,opponent,serve_lob,opponent,Faute filet,4,4.21,player,smash,5,4,0,0
2026-05-03T21:32:00,Club,singles,opponent,serve_drive,player,Faute filet,7,6.59,opponent,drop,5,5,0,0
2026-05-03T21:32:03,Club,singles,player,serve_short,opponent,Faute filet,3,2.10,player,smash,6,5,0,0
2026-05-03T21:32:05,Club,singles,opponent,serve_short,player,Faute service,1,0.60,opponent,serve_short,6,6,0,0
2026-05-03T21:32:09,Club,singles,player,serve_drive,player,Point,3,2.96,player,smash,7,6,0,0
2026-05-03T21:32:12,Club,singles,player,serve_drive,opponent,Faute service,1,1.59,player,serve_drive,8,6,0,0
2026-05-03T21:32:16,Club,singles,opponent,serve_short,player,Faute dehors,3,3.31,opponent,smash,8,7,0,0
2026-05-03T21:32:20,Club,singles,player,serve_lob,opponent,Point,2,2.89,opponent,smash,9,7,0,0
2026-05-03T21:32:25,Club,singles,opponent,serve_short,opponent,Point,3,3.32,opponent,smash,9,8,0,0
2026-05-03T21:32:29,Club,singles,opponent,serve_short,opponent,Point,3,3.31,opponent,smash,9,9,0,0
2026-05-03T21:32:37,Club,singles,opponent,serve_short,opponent,Faute filet,8,6.74,player,smash,9,10,0,0
2026-05-03T21:32:47,Club,singles,opponent,serve_short,opponent,Faute filet,10,8.34,player,drop,9,11,0,0
2026-05-03T21:33:00,Club,singles,opponent,serve_short,opponent,Faute filet,14,11.75,player,drop,9,12,0,0
2026-05-03T21:33:06,Club,singles,opponent,serve_short,opponent,Faute dehors,4,5.26,player,lob,9,13,0,0
2026-05-03T21:33:10,Club,singles,opponent,serve_short,opponent,Faute dehors,4,3.28,player,smash,9,14,0,0
2026-05-03T21:33:14,Club,singles,opponent,serve_lob,opponent,Faute filet,2,2.18,player,smash,9,15,0,0
2026-05-03T21:33:17,Club,singles,opponent,serve_short,player,Faute filet,3,1.97,opponent,drop,9,16,0,0
2026-05-03T21:33:23,Club,singles,player,serve_drive,player,Faute dehors,4,4.51,opponent,smash,10,16,0,0
2026-05-03T21:33:27,Club,singles,player,serve_lob,opponent,Faute filet,5,3.86,player,smash,11,16,0,0
2026-05-03T21:33:41,Club,singles,opponent,serve_short,player,Point,14,12.65,player,drop,11,17,0,0
2026-05-03T21:33:46,Club,singles,player,serve_lob,player,Faute dehors,4,4.04,opponent,smash,12,17,0,0
2026-05-03T21:33:54,Club,singles,player,serve_lob,player,Point,7,6.61,player,smash,13,17,0,0
2026-05-03T21:33:57,Club,singles,player,serve_short,player,Faute dehors,2,2.19,opponent,drive,14,17,0,0
2026-05-03T21:34:06,Club,singles,player,serve_short,opponent,Faute dehors,7,8.07,player,lob,15,17,0,0
2026-05-03T21:34:19,Club,singles,opponent,serve_lob,opponent,Faute filet,12,11.36,player,drop,15,18,0,0
2026-05-03T21:34:32,Club,singles,opponent,serve_short,opponent,Faute filet,14,11.68,player,drop,15,19,0,0
2026-05-03T21:34:38,Club,singles,opponent,serve_short,opponent,Faute filet,6,4.65,player,drop,15,20,0,0
2026-05-03T21:47:10,Club,singles,player,serve_lob,player,Point,7,7.38,player,drop,0,0,0,0
2026-05-03T21:47:22,Club,singles,player,serve_lob,opponent,Point,10,10.68,opponent,smash,1,0,0,0
2026-05-03T21:47:25,Club,singles,opponent,serve_lob,opponent,Faute filet,2,2.31,player,drop,1,1,0,0
2026-05-03T21:47:38,Club,singles,opponent,serve_drive,player,Faute dehors,11,11.26,opponent,drop,1,2,0,0
2026-05-03T21:47:43,Club,singles,player,serve_lob,player,Faute filet,4,4.59,opponent,smash,2,2,0,0
2026-05-03T21:47:48,Club,singles,player,serve_drive,opponent,Point,4,3.79,opponent,smash,3,2,0,0
2026-05-03T21:47:52,Club,singles,opponent,serve_drive,opponent,Faute filet,4,3.07,player,smash,3,3,0,0
2026-05-03T21:47:57,Club,singles,opponent,serve_short,opponent,Faute dehors,4,3.76,player,smash,3,4,0,0
2026-05-03T21:48:08,Club,singles,opponent,serve_short,player,Faute dehors,9,9.46,opponent,lob,3,5,0,0
2026-05-03T21:48:12,Club,singles,player,serve_lob,opponent,Point,2,2.86,opponent,smash,4,5,0,0
2026-05-03T21:48:18,Club,singles,opponent,serve_lob,opponent,Faute filet,6,5.16,player,drop,4,6,0,0
2026-05-03T21:48:24,Club,singles,opponent,serve_lob,opponent,Faute dehors,4,4.74,player,smash,4,7,0,0
2026-05-03T21:48:28,Club,singles,opponent,serve_short,opponent,Faute dehors,2,2.36,player,drop,4,8,0,0
2026-05-03T21:48:29,Club,singles,opponent,serve_short,player,Faute service,1,0.45,opponent,serve_short,4,9,0,0
2026-05-03T21:48:32,Club,singles,player,serve_short,player,Faute filet,2,1.29,opponent,drop,5,9,0,0
2026-05-03T21:48:44,Club,singles,player,serve_short,player,Faute dehors,12,11.69,opponent,smash,6,9,0,0
2026-05-03T21:48:49,Club,singles,player,serve_drive,player,Point,3,3.66,player,drop,7,9,0,0
2026-05-03T21:48:54,Club,singles,player,serve_lob,opponent,Faute dehors,3,4.06,player,smash,8,9,0,0
2026-05-03T21:49:03,Club,singles,opponent,serve_lob,opponent,Faute dehors,6,7.25,player,smash,8,10,0,0
2026-05-03T21:49:13,Club,singles,opponent,serve_lob,player,Point,8,9.07,player,drop,8,11,0,0
2026-05-03T21:49:17,Club,singles,player,serve_lob,player,Faute dehors,2,3.61,opponent,lob,9,11,0,0
2026-05-03T21:49:27,Club,singles,player,serve_short,opponent,Faute filet,9,8.21,player,drop,10,11,0,0
2026-05-03T21:49:42,Club,singles,opponent,serve_lob,opponent,Point,13,13.92,opponent,smash,10,12,0,0
2026-05-03T21:49:49,Club,singles,opponent,serve_short,opponent,Point,7,6.07,opponent,smash,10,13,0,0
2026-05-03T21:50:01,Club,singles,opponent,serve_lob,player,Faute filet,11,10.36,opponent,drop,10,14,0,0
2026-05-03T21:50:21,Club,singles,player,serve_short,opponent,Faute filet,21,19.15,player,drop,11,14,0,0
2026-05-03T21:50:26,Club,singles,opponent,serve_drive,player,Point,4,4.48,player,smash,11,15,0,0
2026-05-03T21:50:31,Club,singles,player,serve_drive,opponent,Faute dehors,3,3.51,player,lob,12,15,0,0
2026-05-03T21:50:51,Club,singles,opponent,serve_short,player,Point,18,18.97,player,smash,12,16,0,0
2026-05-03T21:51:02,Club,singles,player,serve_short,opponent,Point,10,10.42,opponent,drop,13,16,0,0
2026-05-03T21:51:06,Club,singles,opponent,serve_short,player,Faute filet,3,1.84,opponent,drop,13,17,0,0
2026-05-03T21:51:15,Club,singles,player,serve_lob,opponent,Faute filet,7,7.90,player,drop,14,17,0,0
2026-05-03T21:51:18,Club,singles,opponent,serve_short,player,Faute filet,3,2.05,opponent,drop,14,18,0,0
2026-05-03T21:51:22,Club,singles,player,serve_lob,opponent,Point,2,2.89,opponent,smash,15,18,0,0
2026-05-03T21:51:26,Club,singles,opponent,serve_short,player,Faute dehors,3,2.97,opponent,drop,15,19,0,0
2026-05-03T21:51:32,Club,singles,player,serve_lob,player,Faute dehors,4,4.91,opponent,smash,16,19,0,0
2026-05-03T21:51:41,Club,singles,player,serve_short,player,Point,7,7.63,player,smash,17,19,0,0
2026-05-03T21:51:44,Club,singles,player,serve_short,opponent,Faute filet,3,2.19,player,drop,18,19,0,0
2026-05-03T21:51:48,Club,singles,opponent,serve_short,player,Faute dehors,3,3.33,opponent,smash,18,20,0,0
2026-05-03T21:51:58,Club,singles,player,serve_short,opponent,Point,8,8.47,opponent,smash,19,20,0,0
2026-05-03T21:56:44,Club,singles,player,serve_drive,opponent,Faute filet,13,12.31,player,smash,0,0,0,0
2026-05-03T21:56:50,Club,singles,opponent,serve_lob,player,Faute filet,5,4.73,opponent,smash,0,1,0,0
2026-05-03T21:56:54,Club,singles,player,serve_short,opponent,Faute dehors,3,3.01,player,drop,1,1,0,0
2026-05-03T21:57:04,Club,singles,opponent,serve_lob,opponent,Point,7,8.18,opponent,smash,1,2,0,0
2026-05-03T21:57:11,Club,singles,opponent,serve_short,opponent,Faute filet,8,6.58,player,drop,1,3,0,0
2026-05-03T21:57:15,Club,singles,opponent,serve_short,player,Point,2,2.22,player,drop,1,4,0,0
2026-05-03T21:57:20,Club,singles,player,serve_drive,player,Faute dehors,4,4.24,opponent,drop,2,4,0,0
2026-05-03T21:57:29,Club,singles,player,serve_short,player,Faute dehors,8,7.65,opponent,drop,3,4,0,0
2026-05-03T21:57:32,Club,singles,player,serve_drive,opponent,Faute filet,3,2.45,player,smash,4,4,0,0
2026-05-03T21:57:46,Club,singles,opponent,serve_drive,opponent,Faute dehors,12,12.72,player,lob,4,5,0,0
2026-05-03T21:57:52,Club,singles,opponent,serve_lob,player,Faute filet,5,4.96,opponent,smash,4,6,0,0
2026-05-03T21:58:04,Club,singles,player,serve_drive,opponent,Faute dehors,11,10.82,player,lob,5,6,0,0
2026-05-03T21:58:21,Club,singles,opponent,serve_lob,opponent,Point,13,15.19,opponent,smash,5,7,0,0
2026-05-03T21:58:26,Club,singles,opponent,serve_short,player,Point,4,4.19,player,drop,5,8,0,0
2026-05-03T21:58:38,Club,singles,player,serve_lob,player,Faute filet,10,11.09,opponent,smash,6,8,0,0
2026-05-03T21:59:10,Club,singles,player,serve_lob,opponent,Point,30,31.34,opponent,smash,7,8,0,0
2026-05-03T21:59:14,Club,singles,opponent,serve_short,opponent,Faute dehors,2,2.14,player,drive,7,9,0,0
2026-05-03T21:59:17,Club,singles,opponent,serve_short,player,Faute filet,3,1.92,opponent,drop,7,10,0,0
2026-05-03T21:59:21,Club,singles,player,serve_short,opponent,Faute dehors,3,3.41,player,lob,8,10,0,0
2026-05-03T21:59:28,Club,singles,opponent,serve_lob,player,Point,4,5.09,player,smash,8,11,0,0
2026-05-03T21:59:30,Club,singles,player,serve_short,player,Faute filet,2,1.25,opponent,drop,9,11,0,0
2026-05-03T21:59:38,Club,singles,player,serve_drive,opponent,Point,8,7.51,opponent,smash,10,11,0,0
2026-05-03T21:59:44,Club,singles,opponent,serve_lob,opponent,Point,3,4.16,opponent,smash,10,12,0,0
2026-05-03T21:59:47,Club,singles,opponent,serve_short,player,Point,2,2.39,player,drop,10,13,0,0
2026-05-03T21:59:52,Club,singles,player,serve_short,opponent,Faute dehors,3,3.36,player,lob,11,13,0,0
2026-05-03T21:59:56,Club,singles,opponent,serve_short,player,Point,4,3.41,player,drop,11,14,0,0
2026-05-03T22:00:07,Club,singles,player,serve_short,opponent,Faute filet,12,9.70,opponent,drop,12,14,0,0
2026-05-03T22:00:12,Club,singles,opponent,serve_lob,opponent,Point,3,4.19,opponent,smash,12,15,0,0
2026-05-03T22:00:24,Club,singles,opponent,serve_short,player,Faute filet,11,10.03,opponent,smash,12,16,0,0
2026-05-03T22:00:27,Club,singles,player,serve_short,player,Faute dehors,2,2.32,opponent,drop,13,16,0,0
2026-05-03T22:00:35,Club,singles,player,serve_lob,player,Point,7,7.46,player,smash,14,16,0,0
2026-05-03T22:00:39,Club,singles,player,serve_lob,player,Faute filet,2,2.42,opponent,drop,15,16,0,0
2026-05-03T22:00:45,Club,singles,player,serve_lob,player,Faute dehors,4,4.93,opponent,smash,16,16,0,0
2026-05-03T22:00:47,Club,singles,player,serve_short,player,Faute filet,2,1.08,opponent,drop,17,16,0,0
2026-05-03T22:00:49,Club,singles,player,serve_short,player,Faute filet,2,1.15,opponent,drive,18,16,0,0
2026-05-03T22:01:41,Club,singles,player,serve_short,player,Faute dehors,14,14.23,opponent,lob,0,0,0,0
2026-05-03T22:01:47,Club,singles,player,serve_short,player,Faute dehors,4,4.48,opponent,drop,1,0,0,0
2026-05-03T22:01:56,Club,singles,player,serve_drive,player,Faute dehors,8,7.99,opponent,smash,2,0,0,0
2026-05-03T22:02:01,Club,singles,player,serve_lob,opponent,Faute dehors,3,4.25,player,lob,3,0,0,0
2026-05-03T22:02:04,Club,singles,opponent,serve_short,player,Point,2,2.22,player,drive,3,1,0,0
2026-05-03T22:02:08,Club,singles,player,serve_lob,opponent,Point,2,2.84,opponent,smash,4,1,0,0
2026-05-03T22:02:16,Club,singles,player,serve_short,player,Faute filet,2,1.22,opponent,drop,0,0,0,0
2026-05-03T22:02:22,Club,singles,player,serve_short,player,Point,5,4.63,player,smash,1,0,0,0
2026-05-03T22:02:38,Club,singles,player,serve_short,opponent,Faute filet,15,14.69,player,drop,2,0,0,0
2026-05-03T22:02:43,Club,singles,opponent,serve_drive,player,Faute dehors,3,3.68,opponent,lob,2,1,0,0
2026-05-03T22:02:50,Club,singles,player,serve_lob,player,Point,5,6.40,player,drop,3,1,0,0
2026-05-03T22:02:54,Club,singles,player,serve_short,player,Faute dehors,4,3.27,opponent,smash,4,1,0,0
2026-05-03T22:03:00,Club,singles,player,serve_short,player,Point,5,4.36,player,smash,5,1,0,0
2026-05-03T22:03:08,Club,singles,player,serve_short,player,Faute filet,8,7.28,opponent,smash,6,1,0,0
2026-05-03T22:03:14,Club,singles,player,serve_lob,player,Faute dehors,4,5.46,opponent,lob,7,1,0,0
2026-05-03T22:03:18,Club,singles,player,serve_lob,player,Faute dehors,2,2.89,opponent,smash,8,1,0,0
2026-05-03T22:03:24,Club,singles,player,serve_short,player,Faute dehors,4,4.29,opponent,smash,9,1,0,0
2026-05-03T22:03:33,Club,singles,player,serve_lob,opponent,Faute dehors,7,8.35,player,drop,10,1,0,0
2026-05-03T22:03:48,Club,singles,opponent,serve_lob,opponent,Faute dehors,14,14.24,player,smash,10,2,0,0
2026-05-03T22:03:59,Club,singles,opponent,serve_short,player,Faute dehors,11,9.52,opponent,smash,10,3,0,0
2026-05-03T22:04:03,Club,singles,player,serve_short,player,Faute dehors,2,2.76,opponent,lob,11,3,0,0
2026-05-03T22:04:06,Club,singles,player,serve_drive,player,Faute dehors,2,2.04,opponent,smash,12,3,0,0
2026-05-03T22:04:12,Club,singles,player,serve_lob,player,Faute dehors,4,4.86,opponent,smash,13,3,0,0
2026-05-03T22:04:17,Club,singles,player,serve_drive,player,Faute dehors,4,4.42,opponent,drop,14,3,0,0
2026-05-03T22:04:29,Club,singles,player,serve_drive,player,Faute filet,12,10.64,opponent,drop,15,3,0,0
2026-05-03T22:04:44,Club,singles,player,serve_short,player,Faute filet,18,14.58,opponent,drop,16,3,0,0
2026-05-03T22:04:51,Club,singles,player,serve_lob,player,Faute filet,6,5.58,opponent,drop,17,3,0,0
2026-05-03T22:04:55,Club,singles,player,serve_lob,player,Faute dehors,2,2.86,opponent,smash,18,3,0,0
2026-05-03T22:05:04,Club,singles,player,serve_lob,player,Point,7,8.00,player,smash,19,3,0,0
2026-05-03T22:05:05,Club,singles,player,serve_short,opponent,Faute service,1,0.60,player,serve_short,20,3,0,0
2026-05-03T22:05:12,Club,singles,opponent,serve_lob,player,Faute dehors,3,4.86,opponent,lob,20,4,0,0
2026-05-03T22:13:20,Club,singles,player,serve_short,player,Faute filet,6,4.63,opponent,smash,0,0,0,0
2026-05-03T22:13:23,Club,singles,player,serve_short,opponent,Faute filet,3,2.01,player,drop,1,0,0,0
2026-05-03T22:14:05,Club,singles,player,serve_short,opponent,Point,10,8.97,opponent,smash,0,0,0,0
2026-05-03T22:14:10,Club,singles,opponent,serve_short,opponent,Faute dehors,4,4.06,player,smash,0,1,0,0
2026-05-03T22:14:14,Club,singles,opponent,serve_short,player,Point,2,2.26,player,drop,0,2,0,0
2026-05-03T22:16:00,Club,singles,player,serve_short,player,Faute filet,24,22.65,opponent,drop,0,0,0,0
2026-05-03T22:16:08,Club,singles,player,serve_short,player,Faute dehors,8,6.49,opponent,drop,1,0,0,0
2026-05-03T22:16:11,Club,singles,player,serve_short,opponent,Faute filet,3,1.99,player,drop,2,0,0,0
2026-05-03T22:16:15,Club,singles,opponent,serve_lob,opponent,Faute filet,2,2.37,player,drop,2,1,0,0
2026-05-03T22:16:25,Club,singles,opponent,serve_lob,opponent,Point,9,8.79,opponent,smash,2,2,0,0
2026-05-03T22:16:31,Club,singles,opponent,serve_short,player,Faute filet,5,4.81,opponent,drop,2,3,0,0
2026-05-03T22:16:38,Club,singles,player,serve_short,opponent,Faute dehors,5,5.41,player,drop,3,3,0,0
2026-05-03T22:16:41,Club,singles,opponent,serve_short,player,Faute filet,3,1.97,opponent,drop,3,4,0,0
2026-05-03T22:16:45,Club,singles,player,serve_drive,opponent,Faute dehors,3,3.37,player,lob,4,4,0,0
2026-05-03T22:16:50,Club,singles,opponent,serve_short,player,Faute dehors,3,3.61,opponent,drop,4,5,0,0
2026-05-03T22:16:55,Club,singles,player,serve_lob,opponent,Faute dehors,3,3.88,player,drop,5,5,0,0
2026-05-03T22:17:00,Club,singles,opponent,serve_short,player,Point,4,4.30,player,lob,5,6,0,0
2026-05-03T22:17:09,Club,singles,player,serve_lob,opponent,Faute dehors,5,7.32,player,lob,6,6,0,0
2026-05-03T22:17:19,Club,singles,opponent,serve_lob,player,Faute dehors,7,8.11,opponent,smash,6,7,0,0
2026-05-03T22:17:22,Club,singles,player,serve_lob,player,Faute filet,2,2.27,opponent,drop,7,7,0,0
2026-05-03T22:17:28,Club,singles,player,serve_lob,player,Faute filet,4,4.40,opponent,drop,8,7,0,0
2026-05-03T22:17:35,Club,singles,player,serve_short,player,Faute filet,6,5.93,opponent,drop,9,7,0,0
2026-05-03T22:17:37,Club,singles,player,serve_short,player,Faute filet,2,1.31,opponent,drop,10,7,0,0
2026-05-03T22:17:42,Club,singles,player,serve_short,opponent,Faute filet,5,4.36,player,smash,11,7,0,0
2026-05-03T22:17:49,Club,singles,opponent,serve_lob,player,Point,4,5.05,player,lob,11,8,0,0
2026-05-03T22:17:56,Club,singles,player,serve_drive,player,Faute dehors,6,6.05,opponent,smash,12,8,0,0
2026-05-03T22:18:07,Club,singles,player,serve_short,player,Faute dehors,10,9.96,opponent,drop,13,8,0,0
2026-05-03T22:18:10,Club,singles,player,serve_drive,player,Faute dehors,2,2.07,opponent,smash,14,8,0,0
2026-05-03T22:18:12,Club,singles,player,serve_drive,player,Faute filet,2,1.44,opponent,drop,15,8,0,0
2026-05-03T22:18:27,Club,singles,player,serve_lob,opponent,Point,12,13.53,opponent,smash,16,8,0,0
2026-05-03T22:18:35,Club,singles,opponent,serve_short,player,Point,6,6.85,player,drop,16,9,0,0
2026-05-03T22:18:37,Club,singles,player,serve_short,player,Faute filet,2,1.25,opponent,drop,17,9,0,0
2026-05-03T22:18:48,Club,singles,player,serve_drive,player,Faute filet,10,10.09,opponent,smash,18,9,0,0
2026-05-03T22:18:52,Club,singles,player,serve_lob,opponent,Point,2,2.89,opponent,smash,19,9,0,0
2026-05-03T22:19:06,Club,singles,opponent,serve_lob,player,Point,12,12.75,player,smash,19,10,0,0
2026-05-03T22:19:11,Club,singles,player,serve_short,opponent,Faute dehors,5,4.63,player,drop,20,10,0,0
2026-05-03T22:19:16,Club,singles,opponent,serve_short,player,Faute dehors,3,3.32,opponent,smash,20,11,0,0
2026-05-03T22:24:19,Club,singles,player,serve_lob,opponent,Point,2,2.89,opponent,smash,0,0,0,0
2026-05-03T22:24:22,Club,singles,opponent,serve_drive,player,Faute service,1,1.53,opponent,serve_drive,0,1,0,0
2026-05-03T22:24:28,Club,singles,player,serve_short,player,Point,5,5.08,player,smash,1,1,0,0
2026-05-03T22:24:30,Club,singles,player,serve_drive,player,Faute filet,2,1.27,opponent,smash,2,1,0,0
2026-05-03T22:24:41,Club,singles,player,serve_lob,opponent,Faute dehors,9,9.77,player,lob,3,1,0,0
2026-05-03T22:24:57,Club,singles,opponent,serve_short,opponent,Point,15,14.15,opponent,drop,3,2,0,0
2026-05-03T22:25:03,Club,singles,opponent,serve_short,player,Point,4,4.93,player,drop,3,3,0,0
2026-05-03T22:25:11,Club,singles,player,serve_drive,player,Faute dehors,8,7.55,opponent,lob,4,3,0,0
2026-05-03T22:25:17,Club,singles,player,serve_short,opponent,Faute filet,5,4.64,player,smash,5,3,0,0
2026-05-03T22:25:31,Club,singles,opponent,serve_drive,opponent,Faute dehors,12,12.36,player,smash,5,4,0,0
2026-05-03T22:25:35,Club,singles,opponent,serve_short,opponent,Faute dehors,2,2.77,player,lob,5,5,0,0
2026-05-03T22:25:40,Club,singles,opponent,serve_lob,opponent,Faute filet,4,4.00,player,smash,5,6,0,0
2026-05-03T22:25:48,Club,singles,opponent,serve_drive,opponent,Faute dehors,6,6.70,player,smash,5,7,0,0
2026-05-03T22:25:57,Club,singles,opponent,serve_short,player,Faute dehors,9,8.27,opponent,smash,5,8,0,0
2026-05-03T22:26:00,Club,singles,player,serve_drive,player,Faute filet,2,1.33,opponent,smash,6,8,0,0
2026-05-03T22:26:19,Club,singles,player,serve_drive,player,Faute dehors,18,18.38,opponent,smash,7,8,0,0
2026-05-03T22:26:27,Club,singles,player,serve_drive,opponent,Faute dehors,7,7.18,player,lob,8,8,0,0
2026-05-03T22:26:32,Club,singles,opponent,serve_drive,player,Faute dehors,3,4.00,opponent,lob,8,9,0,0
2026-05-03T22:26:36,Club,singles,player,serve_lob,player,Faute filet,2,2.18,opponent,smash,9,9,0,0
2026-05-03T22:26:43,Club,singles,player,serve_short,player,Faute dehors,6,6.70,opponent,drop,10,9,0,0
2026-05-03T22:26:51,Club,singles,player,serve_lob,player,Faute dehors,6,7.00,opponent,smash,11,9,0,0
2026-05-03T22:26:55,Club,singles,player,serve_lob,opponent,Point,2,2.87,opponent,smash,12,9,0,0
2026-05-03T22:27:00,Club,singles,opponent,serve_short,opponent,Faute dehors,4,4.19,player,drop,12,10,0,0
2026-05-03T22:27:06,Club,singles,opponent,serve_short,opponent,Faute dehors,4,3.94,player,smash,12,11,0,0
2026-05-03T22:27:15,Club,singles,opponent,serve_short,opponent,Point,9,8.52,opponent,smash,12,12,0,0
2026-05-03T22:27:19,Club,singles,opponent,serve_short,player,Faute filet,3,2.00,opponent,drop,12,13,0,0
2026-05-03T22:27:39,Club,singles,player,serve_drive,player,Point,19,19.80,player,smash,13,13,0,0
2026-05-03T22:27:53,Club,singles,player,serve_lob,player,Faute filet,12,12.56,opponent,drop,14,13,0,0
2026-05-03T22:28:01,Club,singles,player,serve_short,opponent,Faute dehors,7,6.85,player,smash,15,13,0,0
2026-05-03T22:28:14,Club,singles,opponent,serve_lob,opponent,Faute filet,12,11.78,player,drop,15,14,0,0
2026-05-03T22:28:18,Club,singles,opponent,serve_lob,opponent,Faute dehors,2,2.88,player,smash,15,15,0,0
2026-05-03T22:28:23,Club,singles,opponent,serve_lob,player,Faute dehors,3,3.82,opponent,smash,15,16,0,0
2026-05-03T22:28:28,Club,singles,player,serve_drive,player,Faute filet,6,3.81,opponent,smash,16,16,0,0
2026-05-03T22:28:38,Club,singles,player,serve_short,opponent,Faute filet,11,9.42,player,drop,17,16,0,0
2026-05-03T22:28:47,Club,singles,opponent,serve_lob,opponent,Point,7,7.94,opponent,smash,17,17,0,0
2026-05-03T22:28:53,Club,singles,opponent,serve_short,opponent,Point,5,4.43,opponent,smash,17,18,0,0
2026-05-03T22:29:03,Club,singles,opponent,serve_short,player,Faute dehors,9,8.42,opponent,smash,17,19,0,0
2026-05-03T22:29:08,Club,singles,player,serve_lob,opponent,Faute dehors,3,3.87,player,drop,18,19,0,0
2026-05-03T22:29:17,Club,singles,opponent,serve_drive,player,Faute dehors,9,7.89,opponent,smash,18,20,0,0
2026-05-03T22:29:21,Club,singles,player,serve_short,player,Faute filet,4,3.04,opponent,drop,19,20,0,0
2026-05-03T22:29:28,Club,singles,player,serve_lob,opponent,Faute filet,5,5.75,player,smash,20,20,0,0
2026-05-03T22:29:37,Club,singles,opponent,serve_short,player,Faute dehors,9,8.32,opponent,smash,20,21,0,0
2026-05-03T22:29:46,Club,singles,player,serve_short,opponent,Faute dehors,7,7.57,player,smash,21,21,0,0
2026-05-03T22:30:09,Club,singles,opponent,serve_lob,opponent,Faute dehors,20,21.73,player,drop,21,22,0,0
2026-05-03T22:42:31,Club,singles,player,serve_lob,opponent,Point,10,10.00,opponent,smash,0,0,0,0
2026-05-03T22:42:37,Club,singles,opponent,serve_short,player,Faute filet,5,4.04,opponent,drop,0,1,0,0
2026-05-03T22:42:40,Club,singles,player,serve_short,player,Faute dehors,2,2.29,opponent,drop,1,1,0,0
2026-05-03T22:42:59,Club,singles,player,serve_short,player,Point,17,18.23,player,drop,2,1,0,0
2026-05-03T22:43:05,Club,singles,player,serve_short,player,Faute dehors,4,4.53,opponent,lob,3,1,0,0
2026-05-03T22:43:15,Club,singles,player,serve_short,player,Point,9,8.97,player,drop,4,1,0,0
2026-05-03T22:43:18,Club,singles,player,serve_short,player,Faute dehors,2,2.28,opponent,drop,5,1,0,0
2026-05-03T22:43:30,Club,singles,player,serve_lob,player,Point,9,10.84,player,drop,6,1,0,0
2026-05-03T22:43:36,Club,singles,player,serve_lob,player,Point,5,5.36,player,drop,7,1,0,0
2026-05-03T22:43:42,Club,singles,player,serve_short,opponent,Point,4,4.56,opponent,smash,8,1,0,0
2026-05-03T22:43:52,Club,singles,opponent,serve_short,opponent,Point,9,8.74,opponent,smash,8,2,0,0
2026-05-03T22:44:05,Club,singles,opponent,serve_short,player,Faute filet,15,12.45,opponent,drop,8,3,0,0
2026-05-03T22:44:12,Club,singles,player,serve_lob,player,Faute dehors,4,5.70,opponent,smash,9,3,0,0
2026-05-03T22:44:16,Club,singles,player,serve_short,opponent,Faute filet,3,2.54,player,drop,10,3,0,0
2026-05-03T22:44:21,Club,singles,opponent,serve_short,opponent,Faute dehors,4,4.11,player,smash,10,4,0,0
2026-05-03T22:44:32,Club,singles,opponent,serve_lob,player,Faute filet,11,9.47,opponent,drop,10,5,0,0
2026-05-03T22:44:35,Club,singles,player,serve_short,player,Faute dehors,2,2.14,opponent,drive,11,5,0,0
2026-05-03T22:44:39,Club,singles,player,serve_lob,opponent,Point,2,2.89,opponent,smash,12,5,0,0
2026-05-03T22:44:43,Club,singles,opponent,serve_lob,player,Faute dehors,3,3.55,opponent,smash,12,6,0,0
2026-05-03T22:44:46,Club,singles,player,serve_drive,player,Faute filet,2,1.42,opponent,drop,13,6,0,0
2026-05-03T22:44:57,Club,singles,player,serve_drive,opponent,Point,10,10.34,opponent,smash,14,6,0,0
2026-05-03T22:45:04,Club,singles,opponent,serve_lob,opponent,Faute dehors,4,6.08,player,lob,14,7,0,0
2026-05-03T22:45:16,Club,singles,opponent,serve_lob,player,Point,10,10.29,player,smash,14,8,0,0
2026-05-03T22:45:20,Club,singles,player,serve_short,player,Point,3,3.34,player,smash,15,8,0,0
2026-05-03T22:45:24,Club,singles,player,serve_drive,player,Point,3,3.01,player,drop,16,8,0,0
2026-05-03T22:45:29,Club,singles,player,serve_short,player,Faute dehors,4,4.16,opponent,drop,17,8,0,0
2026-05-03T22:45:36,Club,singles,player,serve_lob,opponent,Faute filet,5,5.40,player,smash,18,8,0,0
2026-05-03T22:45:42,Club,singles,opponent,serve_lob,opponent,Point,3,4.18,opponent,smash,18,9,0,0
2026-05-03T22:45:51,Club,singles,opponent,serve_drive,opponent,Faute filet,10,8.20,player,drop,18,10,0,0
2026-05-03T22:45:59,Club,singles,opponent,serve_drive,opponent,Faute filet,6,5.82,player,drop,18,11,0,0
2026-05-03T22:46:05,Club,singles,opponent,serve_short,opponent,Point,5,5.79,opponent,smash,18,12,0,0
2026-05-03T22:46:07,Club,singles,opponent,serve_short,player,Faute service,1,0.47,opponent,serve_short,18,13,0,0
2026-05-03T22:46:10,Club,singles,player,serve_short,player,Faute dehors,2,2.18,opponent,drive,19,13,0,0
2026-05-03T22:46:17,Club,singles,player,serve_short,player,Faute dehors,6,5.86,opponent,drop,20,13,0,0
2026-05-03T22:51:30,Club,singles,opponent,serve_short,opponent,Point,7,5.06,opponent,smash,0,0,1,0
2026-05-03T22:51:32,Club,singles,opponent,serve_short,opponent,Faute filet,2,1.29,player,drop,0,1,1,0
2026-05-03T22:51:40,Club,singles,opponent,serve_lob,opponent,Faute filet,6,6.45,player,drop,0,2,1,0
2026-05-03T22:51:53,Club,singles,opponent,serve_lob,player,Faute filet,13,12.36,opponent,drop,0,3,1,0
2026-05-03T22:52:06,Club,singles,player,serve_short,opponent,Point,10,11.33,opponent,smash,1,3,1,0
2026-05-03T22:52:09,Club,singles,opponent,serve_short,opponent,Faute dehors,2,2.34,player,drop,1,4,1,0
2026-05-03T22:52:17,Club,singles,opponent,serve_drive,opponent,Faute filet,6,5.45,player,smash,1,5,1,0
2026-05-03T22:52:28,Club,singles,opponent,serve_short,opponent,Faute filet,10,9.69,player,drop,1,6,1,0
2026-05-03T22:52:55,Club,singles,opponent,serve_short,player,Point,26,25.46,player,smash,1,7,1,0
2026-05-03T22:53:05,Club,singles,player,serve_short,player,Point,9,9.46,player,smash,2,7,1,0
2026-05-03T22:53:17,Club,singles,player,serve_drive,player,Faute dehors,10,10.50,opponent,smash,3,7,1,0
2026-05-03T22:53:24,Club,singles,player,serve_lob,player,Faute dehors,6,5.97,opponent,drop,4,7,1,0
2026-05-03T22:53:28,Club,singles,player,serve_lob,opponent,Point,2,2.90,opponent,smash,5,7,1,0
2026-05-03T22:53:40,Club,singles,opponent,serve_drive,player,Faute filet,13,11.55,opponent,smash,5,8,1,0
2026-05-03T22:53:56,Club,singles,player,serve_drive,player,Faute dehors,16,15.02,opponent,smash,6,8,1,0
2026-05-03T22:54:06,Club,singles,player,serve_lob,opponent,Faute filet,9,8.95,player,smash,7,8,1,0
2026-05-03T22:54:10,Club,singles,opponent,serve_short,player,Faute filet,3,2.08,opponent,drop,7,9,1,0
2026-05-03T22:54:14,Club,singles,player,serve_lob,opponent,Point,2,2.89,opponent,smash,8,9,1,0
2026-05-03T22:54:16,Club,singles,opponent,serve_drive,opponent,Faute filet,2,1.50,player,drop,8,10,1,0
2026-05-03T22:54:24,Club,singles,opponent,serve_short,player,Point,6,6.12,player,lob,8,11,1,0
2026-05-03T22:54:31,Club,singles,player,serve_drive,opponent,Point,6,6.58,opponent,smash,9,11,1,0
2026-05-03T22:54:39,Club,singles,opponent,serve_short,player,Point,8,7.07,player,smash,9,12,1,0
2026-05-03T22:54:42,Club,singles,player,serve_drive,player,Faute filet,2,1.40,opponent,drop,10,12,1,0
2026-05-03T22:54:45,Club,singles,player,serve_short,opponent,Faute service,1,1.64,player,serve_short,11,12,1,0
2026-05-03T22:54:54,Club,singles,opponent,serve_short,player,Faute filet,9,7.98,opponent,smash,11,13,1,0
2026-05-03T22:54:59,Club,singles,player,serve_short,player,Faute dehors,4,4.34,opponent,smash,12,13,1,0
2026-05-03T22:55:05,Club,singles,player,serve_drive,player,Faute filet,6,4.95,opponent,drop,13,13,1,0
2026-05-03T22:55:10,Club,singles,player,serve_short,opponent,Faute dehors,3,3.58,player,drop,14,13,1,0
2026-05-03T22:55:16,Club,singles,opponent,serve_lob,player,Point,4,5.13,player,drop,14,14,1,0
2026-05-03T22:55:21,Club,singles,player,serve_short,player,Point,3,3.55,player,drop,15,14,1,0
2026-05-03T22:55:23,Club,singles,player,serve_short,player,Faute filet,2,1.17,opponent,drive,16,14,1,0
2026-05-03T22:55:34,Club,singles,player,serve_lob,opponent,Faute filet,9,10.14,player,drop,17,14,1,0
2026-05-03T22:55:36,Club,singles,opponent,serve_drive,player,Faute service,1,0.53,opponent,serve_drive,17,15,1,0
2026-05-03T22:55:43,Club,singles,player,serve_lob,opponent,Faute dehors,5,6.45,player,lob,18,15,1,0
2026-05-03T22:56:00,Club,singles,opponent,serve_lob,player,Faute dehors,15,15.20,opponent,smash,18,16,1,0
2026-05-03T22:56:13,Club,singles,player,serve_lob,player,Faute dehors,10,11.80,opponent,lob,19,16,1,0
2026-05-03T22:56:17,Club,singles,player,serve_short,player,Faute dehors,4,3.96,opponent,smash,20,16,1,0
2026-05-03T23:00:37,Club,singles,player,serve_lob,opponent,Point,2,2.89,opponent,smash,0,0,0,0
2026-05-03T23:00:44,Club,singles,opponent,serve_short,player,Faute dehors,5,5.80,opponent,smash,0,1,0,0
2026-05-03T23:00:49,Club,singles,player,serve_drive,player,Faute filet,4,3.69,opponent,smash,1,1,0,0
2026-05-03T23:00:52,Club,singles,player,serve_lob,player,Faute dehors,2,2.89,opponent,smash,2,1,0,0
2026-05-03T23:00:57,Club,singles,player,serve_drive,opponent,Faute filet,6,3.89,opponent,lob,3,1,0,0
2026-05-03T23:00:59,Club,singles,opponent,serve_short,player,Faute service,1,0.45,opponent,serve_short,3,2,0,0
2026-05-03T23:01:05,Club,singles,player,serve_drive,player,Faute dehors,6,5.28,opponent,smash,4,2,0,0
2026-05-03T23:01:08,Club,singles,player,serve_drive,player,Faute dehors,2,2.04,opponent,smash,5,2,0,0
2026-05-03T23:01:12,Club,singles,player,serve_lob,player,Faute filet,2,2.20,opponent,smash,6,2,0,0
2026-05-03T23:01:17,Club,singles,player,serve_drive,opponent,Faute filet,5,4.58,player,smash,7,2,0,0
2026-05-03T23:01:22,Club,singles,opponent,serve_short,player,Point,4,3.21,player,smash,7,3,0,0
2026-05-03T23:01:26,Club,singles,player,serve_short,opponent,Faute dehors,3,3.70,player,drop,8,3,0,0
2026-05-03T23:01:28,Club,singles,opponent,serve_short,player,Faute service,1,0.45,opponent,serve_short,8,4,0,0
2026-05-03T23:01:34,Club,singles,player,serve_short,opponent,Faute filet,5,5.23,player,drop,9,4,0,0
2026-05-03T23:01:45,Club,singles,opponent,serve_lob,opponent,Faute dehors,8,9.22,player,smash,9,5,0,0
2026-05-03T23:01:49,Club,singles,opponent,serve_short,player,Faute dehors,3,3.61,opponent,lob,9,6,0,0
2026-05-03T23:02:03,Club,singles,player,serve_short,opponent,Faute dehors,13,12.32,player,lob,10,6,0,0
2026-05-03T23:02:16,Club,singles,opponent,serve_short,player,Point,12,11.94,player,smash,10,7,0,0
2026-05-03T23:02:24,Club,singles,player,serve_lob,player,Faute filet,8,7.23,opponent,smash,11,7,0,0
2026-05-03T23:02:29,Club,singles,player,serve_lob,opponent,Faute dehors,3,4.19,player,smash,12,7,0,0
2026-05-03T23:02:39,Club,singles,opponent,serve_short,opponent,Point,9,8.83,opponent,smash,12,8,0,0
2026-05-03T23:02:44,Club,singles,opponent,serve_short,player,Point,4,3.26,player,smash,12,9,0,0
2026-05-03T23:02:48,Club,singles,player,serve_lob,opponent,Point,2,2.89,opponent,smash,13,9,0,0
2026-05-03T23:03:07,Club,singles,opponent,serve_short,opponent,Faute dehors,18,18.19,player,lob,13,10,0,0
2026-05-03T23:03:21,Club,singles,opponent,serve_drive,opponent,Faute dehors,14,12.84,player,drop,13,11,0,0
2026-05-03T23:03:26,Club,singles,opponent,serve_short,player,Point,4,4.21,player,drop,13,12,0,0
2026-05-03T23:03:35,Club,singles,player,serve_short,opponent,Faute filet,9,7.11,player,smash,14,12,0,0
2026-05-03T23:03:44,Club,singles,opponent,serve_lob,player,Faute dehors,7,8.63,opponent,drop,14,13,0,0
2026-05-03T23:03:52,Club,singles,player,serve_short,player,Faute dehors,6,6.53,opponent,smash,15,13,0,0
2026-05-03T23:04:02,Club,singles,player,serve_short,opponent,Point,10,8.65,opponent,smash,16,13,0,0
2026-05-03T23:04:27,Club,singles,opponent,serve_lob,player,Faute dehors,23,24.12,opponent,smash,16,14,0,0
2026-05-03T23:04:35,Club,singles,player,serve_drive,opponent,Point,8,7.01,opponent,smash,17,14,0,0
2026-05-03T23:04:41,Club,singles,opponent,serve_short,player,Faute dehors,5,4.61,opponent,smash,17,15,0,0
2026-05-03T23:04:45,Club,singles,player,serve_lob,player,Point,3,3.64,player,smash,18,15,0,0
2026-05-03T23:04:54,Club,singles,player,serve_short,player,Faute filet,8,7.40,opponent,drop,19,15,0,0
2026-05-03T23:05:04,Club,singles,player,serve_drive,player,Faute filet,10,8.80,opponent,smash,20,15,0,0
2026-05-03T23:06:06,Club,singles,player,serve_lob,player,Faute filet,2,2.19,opponent,smash,0,0,0,0
2026-05-03T23:08:17,Club,singles,player,serve_short,opponent,Faute dehors,9,9.63,player,drop,0,0,0,0
2026-05-03T23:08:53,Club,singles,opponent,serve_short,opponent,Point,3,3.36,opponent,smash,0,1,0,0
2026-05-03T23:09:07,Club,singles,opponent,serve_drive,player,Point,14,13.18,player,smash,0,2,0,0
2026-05-03T23:09:14,Club,singles,player,serve_drive,opponent,Point,6,6.03,opponent,smash,1,2,0,0
2026-05-03T23:09:19,Club,singles,opponent,serve_lob,player,Faute dehors,3,4.16,opponent,smash,1,3,0,0
2026-05-03T23:09:24,Club,singles,player,serve_lob,player,Faute dehors,2,3.28,opponent,drop,2,3,0,0
2026-05-03T23:09:30,Club,singles,player,serve_lob,player,Faute dehors,4,5.77,opponent,drop,3,3,0,0
2026-05-03T23:09:35,Club,singles,player,serve_lob,player,Faute filet,4,3.41,opponent,drop,4,3,0,0
2026-05-03T23:09:42,Club,singles,player,serve_short,player,Point,5,5.78,player,smash,5,3,0,0
2026-05-03T23:09:49,Club,singles,player,serve_drive,opponent,Faute filet,7,5.86,player,drop,6,3,0,0
2026-05-03T23:09:56,Club,singles,opponent,serve_short,opponent,Point,5,5.77,opponent,smash,6,4,0,0
2026-05-03T23:10:00,Club,singles,opponent,serve_lob,opponent,Point,3,3.52,opponent,smash,6,5,0,0
2026-05-03T23:10:14,Club,singles,opponent,serve_lob,player,Faute dehors,13,12.24,opponent,drop,6,6,0,0
2026-05-03T23:10:26,Club,singles,player,serve_short,opponent,Faute filet,11,11.02,player,smash,7,6,0,0
2026-05-03T23:10:48,Club,singles,opponent,serve_short,opponent,Faute dehors,22,20.60,player,lob,7,7,0,0
2026-05-03T23:10:54,Club,singles,opponent,serve_short,player,Faute dehors,5,4.89,opponent,lob,7,8,0,0
2026-05-03T23:10:58,Club,singles,player,serve_drive,player,Faute filet,4,3.22,opponent,drop,8,8,0,0
2026-05-03T23:11:02,Club,singles,player,serve_lob,player,Faute dehors,2,2.87,opponent,smash,9,8,0,0
2026-05-03T23:11:07,Club,singles,player,serve_short,opponent,Faute dehors,3,4.01,player,lob,10,8,0,0
2026-05-03T23:11:13,Club,singles,opponent,serve_lob,player,Point,4,4.75,player,smash,10,9,0,0
2026-05-03T23:13:27,Club,singles,player,serve_short,opponent,Faute dehors,15,35.47,player,drop,0,0,0,0
2026-05-03T23:13:38,Club,singles,opponent,serve_lob,player,Point,10,9.89,player,drop,0,1,0,0
2026-05-03T23:13:41,Club,singles,player,serve_short,player,Faute dehors,2,2.29,opponent,drop,1,1,0,0
2026-05-03T23:17:24,Club,singles,player,serve_short,opponent,Faute dehors,5,5.02,player,smash,0,0,0,0
2026-05-03T23:20:12,Elite,singles,opponent,serve_short,player,Point,2,2.19,player,drive,0,1,0,0
2026-05-03T23:20:16,Elite,singles,player,serve_lob,opponent,Faute dehors,3,3.54,player,smash,1,1,0,0
2026-05-03T23:20:22,Elite,singles,opponent,serve_drive,opponent,Point,5,4.96,opponent,smash,1,2,0,0
2026-05-03T23:20:32,Elite,singles,opponent,serve_lob,player,Point,8,8.82,player,smash,1,3,0,0
2026-05-03T23:20:37,Elite,singles,player,serve_lob,player,Faute dehors,2,3.61,opponent,lob,2,3,0,0
2026-05-03T23:20:51,Elite,singles,player,serve_short,player,Faute dehors,4,4.06,opponent,smash,0,0,0,0
2026-05-03T23:20:54,Loisir,singles,player,serve_short,player,Faute filet,2,1.31,opponent,drop,1,0,0,0
2026-05-03T23:21:35,Loisir,singles,player,serve_short,player,Faute dehors,4,4.85,opponent,lob,2,0,0,0
2026-05-03T23:22:56,Loisir,singles,player,serve_short,opponent,Faute dehors,5,4.36,player,smash,3,0,0,0
2026-05-03T23:22:59,Loisir,singles,opponent,serve_short,opponent,Faute filet,2,1.25,player,drop,3,1,0,0
2026-05-03T23:23:03,Loisir,singles,opponent,serve_short,opponent,Faute filet,4,3.01,player,smash,3,2,0,0
2026-05-03T23:23:16,Loisir,singles,opponent,serve_lob,player,Faute filet,11,11.93,opponent,smash,3,3,0,0
2026-05-03T23:23:24,Loisir,singles,player,serve_short,opponent,Point,6,7.03,opponent,smash,4,3,0,0
2026-05-03T23:23:31,Loisir,singles,opponent,serve_drive,player,Faute dehors,5,5.92,opponent,lob,4,4,0,0
2026-05-03T23:23:37,Loisir,singles,player,serve_short,player,Faute dehors,4,5.25,opponent,lob,5,4,0,0
2026-05-03T23:23:40,Loisir,singles,player,serve_short,opponent,Faute service,1,1.67,player,serve_short,6,4,0,0
2026-05-03T23:23:46,Loisir,singles,opponent,serve_short,opponent,Faute dehors,4,4.27,player,drop,6,5,0,0
2026-05-03T23:23:49,Loisir,singles,opponent,serve_short,player,Point,2,2.22,player,drop,6,6,0,0
2026-05-03T23:23:58,Loisir,singles,player,serve_drive,player,Point,7,8.22,player,smash,7,6,0,0
2026-05-03T23:24:02,Loisir,singles,player,serve_short,player,Faute filet,4,3.24,opponent,drop,8,6,0,0
2026-05-03T23:24:06,Loisir,singles,player,serve_lob,player,Faute filet,2,2.05,opponent,smash,9,6,0,0
2026-05-03T23:24:11,Loisir,singles,player,serve_short,opponent,Faute dehors,5,4.69,player,smash,10,6,0,0
2026-05-03T23:24:16,Loisir,singles,opponent,serve_short,opponent,Point,3,3.32,opponent,smash,10,7,0,0
2026-05-03T23:24:22,Loisir,singles,opponent,serve_drive,player,Point,6,5.53,player,smash,10,8,0,0
2026-05-03T23:24:24,Loisir,singles,player,serve_short,opponent,Faute service,1,0.60,player,serve_short,11,8,0,0
2026-05-03T23:24:32,Loisir,singles,opponent,serve_short,player,Point,6,6.31,player,smash,11,9,0,0
2026-05-03T23:24:35,Loisir,singles,player,serve_lob,player,Faute dehors,2,2.91,opponent,smash,12,9,0,0
2026-05-03T23:24:37,Loisir,singles,player,serve_short,opponent,Faute service,1,0.60,player,serve_short,13,9,0,0
2026-05-03T23:24:41,Loisir,singles,opponent,serve_short,player,Faute filet,3,2.34,opponent,drop,13,10,0,0
2026-05-03T23:24:45,Loisir,singles,player,serve_short,opponent,Faute filet,5,2.97,player,smash,14,10,0,0
2026-05-03T23:24:47,Loisir,singles,opponent,serve_short,opponent,Faute filet,2,1.36,player,drop,14,11,0,0
2026-05-03T23:24:57,Loisir,singles,opponent,serve_short,player,Faute filet,11,8.66,opponent,drop,14,12,0,0
2026-05-03T23:25:05,Loisir,singles,player,serve_drive,opponent,Faute dehors,7,7.27,player,smash,15,12,0,0
2026-05-03T23:25:17,Loisir,singles,opponent,serve_short,player,Faute dehors,9,10.10,opponent,lob,15,13,0,0
2026-05-03T23:25:27,Loisir,singles,player,serve_short,opponent,Faute dehors,9,9.82,player,lob,16,13,0,0
2026-05-03T23:25:34,Loisir,singles,opponent,serve_short,player,Faute dehors,5,5.13,opponent,smash,16,14,0,0
2026-05-03T23:25:43,Loisir,singles,player,serve_lob,opponent,Faute filet,7,8.21,player,smash,17,14,0,0
2026-05-03T23:25:47,Loisir,singles,opponent,serve_short,player,Point,4,3.17,player,smash,17,15,0,0
2026-05-03T23:25:52,Loisir,singles,player,serve_lob,player,Faute dehors,2,3.31,opponent,drop,18,15,0,0
2026-05-03T23:25:56,Loisir,singles,player,serve_lob,player,Faute dehors,2,2.87,opponent,smash,19,15,0,0
2026-05-03T23:25:59,Loisir,singles,player,serve_lob,player,Faute dehors,2,2.87,opponent,smash,20,15,0,0
2026-05-03T23:27:15,Club,singles,player,serve_short,opponent,Point,6,7.01,opponent,smash,0,0,0,0
2026-05-03T23:29:13,Club,singles,opponent,serve_short,player,Faute dehors,5,4.71,opponent,smash,0,1,0,0
2026-05-03T23:30:04,Club,singles,player,serve_short,player,Faute dehors,2,2.32,opponent,drop,1,1,0,0
2026-05-03T23:30:27,Club,singles,player,serve_lob,opponent,Faute dehors,21,22.14,player,smash,2,1,0,0
2026-05-03T23:31:52,Club,singles,opponent,serve_short,opponent,Faute dehors,8,7.07,player,smash,2,2,0,0
2026-05-03T23:31:54,Club,singles,opponent,serve_short,player,Faute service,1,0.62,opponent,serve_short,2,3,0,0
2026-05-03T23:32:00,Club,singles,player,serve_lob,opponent,Point,4,4.83,opponent,drop,3,3,0,0
2026-05-03T23:32:11,Club,singles,opponent,serve_lob,opponent,Point,9,9.42,opponent,smash,3,4,0,0
2026-05-03T23:32:21,Club,singles,opponent,serve_lob,player,Point,6,6.94,player,drop,3,5,0,0
2026-05-03T23:33:41,Club,singles,player,serve_lob,opponent,Point,6,6.52,opponent,smash,4,5,0,0
2026-05-03T23:33:53,Club,singles,opponent,serve_short,player,Point,10,10.22,player,drop,4,6,0,0
2026-05-03T23:33:58,Club,singles,player,serve_drive,opponent,Faute filet,5,4.56,player,smash,5,6,0,0
2026-05-03T23:34:03,Club,singles,opponent,serve_lob,opponent,Point,3,3.56,opponent,smash,5,7,0,0
2026-05-03T23:34:08,Club,singles,opponent,serve_short,player,Point,4,3.43,player,drop,5,8,0,0
2026-05-03T23:34:14,Club,singles,player,serve_lob,player,Faute dehors,4,5.30,opponent,drop,6,8,0,0
2026-05-03T23:34:18,Club,singles,player,serve_short,player,Faute dehors,4,3.13,opponent,smash,7,8,0,0
2026-05-03T23:34:33,Club,singles,player,serve_short,opponent,Faute filet,15,14.35,player,drop,8,8,0,0
2026-05-03T23:34:37,Club,singles,opponent,serve_short,player,Faute filet,3,2.44,opponent,smash,8,9,0,0
2026-05-03T23:34:42,Club,singles,player,serve_short,player,Faute dehors,4,4.23,opponent,drop,9,9,0,0
2026-05-03T23:34:50,Club,singles,player,serve_lob,opponent,Faute filet,7,6.88,player,drop,10,9,0,0
2026-05-03T23:35:01,Club,singles,opponent,serve_short,opponent,Faute dehors,8,9.79,player,lob,10,10,0,0
2026-05-03T23:35:04,Club,singles,opponent,serve_short,player,Faute filet,3,1.92,opponent,drop,10,11,0,0
2026-05-03T23:35:11,Club,singles,player,serve_short,opponent,Faute dehors,5,5.67,player,drop,11,11,0,0
2026-05-03T23:35:18,Club,singles,opponent,serve_short,opponent,Faute filet,8,6.20,player,smash,11,12,0,0
2026-05-03T23:35:32,Club,singles,opponent,serve_short,player,Point,14,12.85,player,smash,11,13,0,0
2026-05-03T23:35:39,Club,singles,player,serve_short,player,Point,5,5.62,player,drop,12,13,0,0
2026-05-03T23:35:43,Club,singles,player,serve_short,player,Faute dehors,2,2.76,opponent,lob,13,13,0,0
2026-05-03T23:35:50,Club,singles,player,serve_lob,player,Faute dehors,6,6.63,opponent,smash,14,13,0,0
2026-05-03T23:35:56,Club,singles,player,serve_lob,opponent,Point,4,4.93,opponent,smash,15,13,0,0
2026-05-03T23:36:04,Club,singles,opponent,serve_short,player,Faute filet,7,6.62,opponent,drop,15,14,0,0
2026-05-03T23:36:08,Club,singles,player,serve_lob,player,Faute dehors,2,2.90,opponent,smash,16,14,0,0
2026-05-03T23:36:31,Club,singles,player,serve_lob,opponent,Faute filet,9,8.64,player,lob,0,0,0,0
2026-05-03T23:39:35,Club,singles,opponent,serve_short,player,Faute dehors,15,14.05,opponent,smash,0,1,0,0
2026-05-03T23:39:45,Club,singles,player,serve_lob,player,Point,7,8.59,player,lob,1,1,0,0
2026-05-03T23:40:15,Club,singles,player,serve_drive,player,Faute filet,4,3.21,opponent,drop,2,1,0,0
2026-05-03T23:40:18,Club,singles,player,serve_short,player,Point,1,2.71,player,serve_short,3,1,0,0
2026-05-03T23:42:05,Club,singles,player,serve_short,player,Point,5,5.30,player,drop,4,1,0,0
2026-05-03T23:42:10,Club,singles,player,serve_short,opponent,Faute filet,5,3.94,player,drop,5,1,0,0
2026-05-03T23:42:14,Club,singles,opponent,serve_short,player,Faute dehors,3,2.94,opponent,drop,5,2,0,0
2026-05-03T23:42:20,Club,singles,player,serve_short,opponent,Faute dehors,5,5.36,player,smash,6,2,0,0
2026-05-03T23:42:25,Club,singles,opponent,serve_short,opponent,Faute filet,4,3.73,player,smash,6,3,0,0
2026-05-03T23:42:32,Club,singles,opponent,serve_lob,opponent,Point,5,5.25,opponent,smash,6,4,0,0
2026-05-03T23:42:44,Club,singles,opponent,serve_lob,player,Point,10,10.65,player,smash,6,5,0,0
2026-05-03T23:42:53,Club,singles,player,serve_short,player,Faute dehors,8,8.02,opponent,lob,7,5,0,0
2026-05-03T23:43:02,Club,singles,player,serve_lob,player,Faute filet,8,8.18,opponent,drop,8,5,0,0
2026-05-03T23:43:06,Club,singles,player,serve_lob,opponent,Point,2,2.89,opponent,smash,9,5,0,0
2026-05-03T23:43:15,Club,singles,opponent,serve_short,opponent,Faute dehors,8,8.41,player,lob,9,6,0,0
2026-05-03T23:43:28,Club,singles,opponent,serve_short,player,Faute filet,11,11.12,opponent,smash,9,7,0,0
2026-05-03T23:43:44,Club,singles,player,serve_lob,opponent,Point,14,15.54,opponent,smash,10,7,0,0
2026-05-03T23:43:52,Club,singles,opponent,serve_lob,player,Faute dehors,5,6.55,opponent,drop,10,8,0,0
2026-05-03T23:44:07,Club,singles,player,serve_short,player,Faute dehors,12,13.94,opponent,lob,11,8,0,0
2026-05-03T23:44:10,Club,singles,player,serve_drive,player,Faute dehors,2,2.02,opponent,smash,12,8,0,0
2026-05-03T23:44:19,Club,singles,player,serve_short,player,Faute dehors,8,7.58,opponent,smash,13,8,0,0
2026-05-03T23:44:21,Club,singles,player,serve_drive,player,Faute filet,2,1.39,opponent,drop,14,8,0,0
2026-05-03T23:44:26,Club,singles,player,serve_short,opponent,Faute filet,5,4.41,player,smash,15,8,0,0
2026-05-03T23:44:35,Club,singles,opponent,serve_short,opponent,Faute filet,8,7.27,player,drop,15,9,0,0
2026-05-03T23:44:41,Club,singles,opponent,serve_lob,opponent,Faute dehors,4,5.33,player,drop,15,10,0,0
2026-05-03T23:44:51,Club,singles,opponent,serve_drive,player,Point,8,8.06,player,smash,15,11,0,0
2026-05-03T23:44:56,Club,singles,player,serve_lob,player,Point,3,4.51,player,drop,16,11,0,0
2026-05-03T23:45:24,Club,singles,player,serve_short,player,Faute dehors,26,26.61,opponent,smash,17,11,0,0
2026-05-03T23:45:31,Club,singles,player,serve_short,player,Point,7,6.23,player,smash,18,11,0,0
2026-05-04T17:37:11,Club,singles,player,serve_drive,opponent,Faute filet,3,1.99,player,drop,0,0,0,0
2026-05-04T17:37:19,Club,singles,opponent,serve_drive,player,Faute filet,7,6.57,opponent,drop,0,1,0,0
2026-05-04T17:37:22,Club,singles,player,serve_short,player,Faute filet,2,1.30,opponent,drop,1,1,0,0
2026-05-04T17:37:32,Club,singles,player,serve_lob,opponent,Point,8,9.08,opponent,smash,2,1,0,0
2026-05-04T17:37:39,Club,singles,opponent,serve_lob,opponent,Point,5,6.63,opponent,smash,2,2,0,0
2026-05-04T17:37:43,Club,singles,opponent,serve_short,opponent,Faute dehors,2,2.74,player,lob,2,3,0,0
2026-05-04T17:37:47,Club,singles,opponent,serve_lob,opponent,Faute dehors,2,2.89,player,smash,2,4,0,0
2026-05-04T17:37:50,Club,singles,opponent,serve_short,opponent,Faute filet,2,1.24,player,drop,2,5,0,0
2026-05-04T17:37:54,Club,singles,opponent,serve_short,player,Faute filet,3,2.76,opponent,drop,2,6,0,0
2026-05-04T17:38:14,Club,singles,player,serve_lob,player,Point,19,19.23,player,lob,3,6,0,0
2026-05-04T17:38:20,Club,singles,player,serve_drive,player,Faute filet,6,5.07,opponent,drop,4,6,0,0
2026-05-04T17:41:03,Club,singles,player,serve_short,opponent,Point,12,162.18,opponent,lob,5,6,0,0
2026-05-04T17:41:07,Club,singles,opponent,serve_short,player,Point,2,2.24,player,drop,5,7,0,0
2026-05-04T17:41:17,Club,singles,player,serve_drive,opponent,Faute dehors,9,9.34,player,smash,6,7,0,0
2026-05-04T17:41:23,Club,singles,opponent,serve_short,opponent,Faute filet,6,4.23,player,smash,6,8,0,0
2026-05-04T17:41:30,Club,singles,opponent,serve_lob,opponent,Point,5,6.23,opponent,smash,6,9,0,0
2026-05-04T17:41:39,Club,singles,opponent,serve_short,opponent,Point,7,7.77,opponent,smash,6,10,0,0
2026-05-04T17:41:44,Club,singles,opponent,serve_lob,player,Faute dehors,3,3.89,opponent,drop,6,11,0,0
2026-05-04T17:41:52,Club,singles,player,serve_drive,opponent,Faute dehors,7,7.02,player,smash,7,11,0,0
2026-05-04T17:42:09,Club,singles,opponent,serve_short,player,Point,16,15.52,player,smash,7,12,0,0
2026-05-04T17:42:12,Club,singles,player,serve_short,opponent,Faute filet,3,2.42,player,smash,8,12,0,0
2026-05-04T17:42:20,Club,singles,opponent,serve_short,opponent,Faute filet,6,6.28,player,smash,8,13,0,0
2026-05-04T17:42:27,Club,singles,opponent,serve_drive,player,Faute dehors,5,5.78,opponent,smash,8,14,0,0
2026-05-04T17:42:31,Club,singles,player,serve_drive,opponent,Faute dehors,3,2.79,player,smash,9,14,0,0
2026-05-04T17:42:38,Club,singles,opponent,serve_short,opponent,Faute dehors,6,6.02,player,smash,9,15,0,0
2026-05-04T17:42:43,Club,singles,opponent,serve_short,opponent,Faute dehors,4,4.06,player,smash,9,16,0,0
2026-05-04T17:42:48,Club,singles,opponent,serve_short,opponent,Point,5,3.99,opponent,drop,9,17,0,0
2026-05-04T17:42:54,Club,singles,opponent,serve_short,player,Faute dehors,5,4.69,opponent,drop,9,18,0,0
2026-05-04T17:43:06,Club,singles,player,serve_short,player,Point,13,11.30,player,drop,10,18,0,0
2026-05-04T17:43:15,Club,singles,player,serve_short,player,Faute dehors,8,8.04,opponent,drop,11,18,0,0
2026-05-04T17:43:27,Club,singles,player,serve_lob,player,Faute dehors,10,10.76,opponent,drop,12,18,0,0
2026-05-04T17:43:33,Club,singles,player,serve_short,opponent,Faute filet,5,4.75,player,drop,13,18,0,0
2026-05-04T17:43:41,Club,singles,opponent,serve_short,opponent,Faute dehors,6,6.43,player,lob,13,19,0,0
2026-05-04T17:43:50,Club,singles,opponent,serve_lob,player,Point,8,8.50,player,smash,13,20,0,0
2026-05-04T17:44:00,Club,singles,player,serve_short,player,Faute filet,10,8.54,opponent,drop,14,20,0,0
2026-05-04T17:44:10,Club,singles,player,serve_short,opponent,Faute filet,11,9.14,player,drop,15,20,0,0
2026-05-04T17:45:01,Club,singles,player,serve_short,player,Faute filet,2,1.35,opponent,drop,0,0,0,0
2026-05-04T17:45:05,Club,singles,player,serve_short,player,Point,1,3.15,player,serve_short,1,0,0,0
2026-05-04T17:47:02,Club,singles,player,serve_short,opponent,Faute dehors,7,8.00,player,drop,2,0,0,0
2026-05-04T17:47:06,Club,singles,opponent,serve_lob,player,Faute filet,3,2.82,opponent,drop,2,1,0,0
2026-05-04T17:47:18,Club,singles,player,serve_lob,player,Faute dehors,10,11.10,opponent,drop,3,1,0,0
2026-05-04T17:47:26,Club,singles,player,serve_short,opponent,Faute dehors,9,7.68,player,smash,4,1,0,0
2026-05-04T17:47:36,Club,singles,opponent,serve_lob,player,Point,8,7.96,player,smash,4,2,0,0
2026-05-04T17:47:39,Club,singles,player,serve_lob,player,Faute dehors,2,2.86,opponent,smash,5,2,0,0
2026-05-04T17:47:51,Club,singles,player,serve_drive,player,Point,11,10.60,player,smash,6,2,0,0
2026-05-04T17:48:00,Club,singles,player,serve_short,opponent,Faute dehors,9,8.36,player,smash,7,2,0,0
2026-05-04T17:48:03,Club,singles,opponent,serve_short,opponent,Faute filet,2,1.12,player,drive,7,3,0,0
2026-05-04T17:48:05,Club,singles,opponent,serve_short,opponent,Faute filet,2,1.16,player,drive,7,4,0,0
2026-05-04T17:48:17,Club,singles,opponent,serve_short,opponent,Faute dehors,10,10.44,player,smash,7,5,0,0
2026-05-04T17:48:22,Club,singles,opponent,serve_drive,player,Faute filet,5,4.19,opponent,smash,7,6,0,0
2026-05-04T17:48:26,Club,singles,player,serve_lob,opponent,Point,2,2.92,opponent,smash,8,6,0,0
2026-05-04T17:48:29,Club,singles,opponent,serve_short,opponent,Faute filet,2,1.34,player,drive,8,7,0,0
2026-05-04T17:48:36,Club,singles,opponent,serve_short,player,Point,6,6.69,player,drop,8,8,0,0
2026-05-04T17:48:57,Club,singles,player,serve_short,player,Faute dehors,20,19.86,opponent,smash,9,8,0,0
2026-05-04T17:49:02,Club,singles,player,serve_drive,player,Faute dehors,4,3.77,opponent,smash,10,8,0,0
2026-05-04T17:49:23,Club,singles,player,serve_lob,opponent,Faute filet,19,19.80,player,drop,11,8,0,0
2026-05-04T17:49:26,Club,singles,opponent,serve_short,player,Faute filet,3,2.12,opponent,drop,11,9,0,0
2026-05-04T17:49:30,Club,singles,player,serve_lob,opponent,Point,2,2.89,opponent,smash,12,9,0,0
2026-05-04T17:49:33,Club,singles,opponent,serve_drive,player,Faute service,1,1.62,opponent,serve_drive,12,10,0,0
2026-05-04T17:49:43,Club,singles,player,serve_short,opponent,Point,8,8.58,opponent,smash,13,10,0,0
2026-05-04T17:50:02,Club,singles,opponent,serve_short,player,Point,20,18.40,player,lob,13,11,0,0
2026-05-04T17:50:06,Club,singles,player,serve_short,player,Point,3,3.33,player,smash,14,11,0,0
2026-05-04T17:50:12,Club,singles,player,serve_short,player,Faute dehors,4,4.85,opponent,lob,15,11,0,0
2026-05-04T17:50:26,Club,singles,player,serve_short,player,Faute dehors,12,12.22,opponent,lob,16,11,0,0
2026-05-04T17:50:32,Club,singles,player,serve_short,opponent,Point,6,5.69,opponent,smash,17,11,0,0
2026-05-04T17:50:37,Club,singles,opponent,serve_lob,opponent,Faute dehors,2,3.63,player,lob,17,12,0,0
2026-05-04T17:50:42,Club,singles,opponent,serve_short,opponent,Faute dehors,4,3.85,player,smash,17,13,0,0
2026-05-04T17:50:46,Club,singles,opponent,serve_short,opponent,Faute filet,4,2.96,player,drop,17,14,0,0
2026-05-04T17:51:01,Club,singles,opponent,serve_lob,opponent,Point,13,13.73,opponent,smash,17,15,0,0
2026-05-04T17:51:06,Club,singles,opponent,serve_short,player,Faute filet,5,3.99,opponent,smash,17,16,0,0
2026-05-04T17:51:13,Club,singles,player,serve_short,player,Faute filet,6,5.22,opponent,drop,18,16,0,0
2026-05-04T17:51:23,Club,singles,player,serve_short,player,Faute filet,12,9.62,opponent,smash,19,16,0,0
2026-05-04T17:51:28,Club,singles,player,serve_short,player,Faute dehors,4,4.17,opponent,drop,20,16,0,0
2026-05-04T18:25:31,Club,singles,player,serve_short,opponent,Faute dehors,7,6.70,player,drop,0,0,0,0
2026-05-04T18:25:39,Club,singles,opponent,serve_drive,opponent,Faute dehors,6,6.54,player,smash,0,1,0,0
2026-05-04T18:25:56,Club,singles,opponent,serve_short,player,Point,14,15.66,player,smash,0,2,0,0
2026-05-04T18:26:13,Club,singles,player,serve_short,player,Point,17,16.44,player,smash,1,2,0,0
2026-05-04T18:26:27,Club,singles,player,serve_lob,opponent,Faute dehors,11,13.03,player,drop,2,2,0,0
2026-05-04T18:26:31,Club,singles,opponent,serve_short,player,Faute filet,3,2.05,opponent,drop,2,3,0,0
2026-05-04T18:26:37,Club,singles,player,serve_lob,player,Point,5,5.74,player,smash,3,3,0,0
2026-05-04T18:26:42,Club,singles,player,serve_drive,opponent,Faute filet,5,3.99,player,smash,4,3,0,0
2026-05-04T18:26:47,Club,singles,opponent,serve_lob,player,Faute filet,3,3.37,opponent,drop,4,4,0,0
2026-05-04T18:26:55,Club,singles,player,serve_short,player,Faute dehors,8,6.90,opponent,smash,5,4,0,0
2026-05-04T18:27:04,Club,singles,player,serve_short,opponent,Faute filet,9,7.80,player,drop,6,4,0,0
2026-05-04T18:27:07,Club,singles,opponent,serve_short,opponent,Faute dehors,2,2.16,player,drive,6,5,0,0
2026-05-04T18:27:13,Club,singles,opponent,serve_short,player,Point,6,4.47,player,smash,6,6,0,0
2026-05-04T18:27:20,Club,singles,player,serve_drive,player,Faute dehors,6,5.84,opponent,drop,7,6,0,0
2026-05-04T18:27:23,Club,singles,player,serve_lob,opponent,Point,2,2.89,opponent,smash,8,6,0,0
2026-05-04T18:27:32,Club,singles,opponent,serve_short,opponent,Faute filet,8,7.03,player,drop,8,7,0,0
2026-05-04T18:27:37,Club,singles,opponent,serve_short,player,Point,4,3.96,player,drop,8,8,0,0
2026-05-04T18:27:44,Club,singles,player,serve_drive,player,Point,7,6.26,player,smash,9,8,0,0
2026-05-04T18:27:48,Club,singles,player,serve_drive,opponent,Faute dehors,3,2.84,player,smash,10,8,0,0
2026-05-04T18:27:53,Club,singles,opponent,serve_lob,opponent,Faute dehors,2,3.32,player,drop,10,9,0,0
2026-05-04T18:27:57,Club,singles,opponent,serve_lob,opponent,Faute dehors,2,2.87,player,smash,10,10,0,0
2026-05-04T18:28:03,Club,singles,opponent,serve_lob,player,Faute filet,5,5.21,opponent,smash,10,11,0,0
2026-05-04T18:28:06,Club,singles,player,serve_short,opponent,Faute filet,3,2.02,player,smash,11,11,0,0
2026-05-04T18:28:10,Club,singles,opponent,serve_drive,player,Faute filet,3,2.54,opponent,smash,11,12,0,0
2026-05-04T18:28:15,Club,singles,player,serve_drive,opponent,Faute dehors,5,4.57,player,lob,12,12,0,0
2026-05-04T18:28:19,Club,singles,opponent,serve_short,player,Faute filet,3,2.52,opponent,smash,12,13,0,0
2026-05-04T18:28:24,Club,singles,player,serve_lob,opponent,Faute dehors,3,4.36,player,lob,13,13,0,0
2026-05-04T18:45:28,Club,singles,player,serve_short,player,Faute filet,5,3.60,player,drop,0,0,0,0
2026-05-04T18:45:32,Club,singles,player,serve_drive,opponent,Faute filet,3,2.56,player,drop,1,0,0,0
2026-05-04T18:45:35,Club,singles,opponent,serve_short,player,Point,2,2.39,player,drop,1,1,0,0
2026-05-04T18:45:48,Club,singles,player,serve_short,player,Faute dehors,12,11.57,opponent,smash,2,1,0,0
2026-05-04T18:46:00,Club,singles,player,serve_lob,player,Faute filet,12,11.47,opponent,smash,3,1,0,0
2026-05-04T18:46:05,Club,singles,player,serve_short,opponent,Point,4,4.07,opponent,smash,4,1,0,0
2026-05-04T18:46:19,Club,singles,opponent,serve_short,opponent,Faute dehors,12,12.22,player,drop,4,2,0,0
2026-05-04T18:46:29,Club,singles,opponent,serve_short,opponent,Point,9,9.18,opponent,smash,4,3,0,0
2026-05-04T18:46:34,Club,singles,opponent,serve_lob,opponent,Faute dehors,2,3.29,player,drop,4,4,0,0
2026-05-04T18:46:38,Club,singles,opponent,serve_short,opponent,Point,3,3.33,opponent,smash,4,5,0,0
2026-05-04T18:46:42,Club,singles,opponent,serve_short,opponent,Faute dehors,2,2.75,player,lob,4,6,0,0
2026-05-04T18:46:53,Club,singles,opponent,serve_short,opponent,Point,9,9.85,opponent,smash,4,7,0,0
2026-05-04T18:46:59,Club,singles,opponent,serve_lob,player,Point,4,4.11,player,smash,4,8,0,0
2026-05-04T18:47:04,Club,singles,player,serve_short,opponent,Point,4,4.24,opponent,smash,5,8,0,0
2026-05-04T18:47:09,Club,singles,opponent,serve_short,opponent,Point,5,3.72,opponent,smash,5,9,0,0
2026-05-04T18:47:14,Club,singles,opponent,serve_short,opponent,Faute dehors,4,3.61,player,drop,5,10,0,0
2026-05-04T18:47:18,Club,singles,opponent,serve_lob,player,Faute filet,3,3.56,opponent,drop,5,11,0,0
2026-05-04T18:47:23,Club,singles,player,serve_lob,player,Faute filet,4,3.84,opponent,drop,6,11,0,0
2026-05-04T18:47:31,Club,singles,player,serve_lob,player,Faute filet,6,6.53,opponent,drop,7,11,0,0
2026-05-04T18:47:36,Club,singles,player,serve_lob,player,Point,5,4.54,player,smash,8,11,0,0
2026-05-04T18:47:42,Club,singles,player,serve_short,player,Point,5,4.91,player,smash,9,11,0,0
2026-05-04T18:47:45,Club,singles,player,serve_short,player,Faute dehors,2,2.12,opponent,drive,10,11,0,0
2026-05-04T18:47:52,Club,singles,player,serve_drive,opponent,Point,6,5.81,opponent,smash,11,11,0,0
2026-05-04T18:48:00,Club,singles,opponent,serve_short,opponent,Faute filet,8,7.20,player,smash,11,12,0,0
2026-05-04T18:48:05,Club,singles,opponent,serve_lob,opponent,Faute filet,4,3.66,player,drop,11,13,0,0
2026-05-04T18:48:11,Club,singles,opponent,serve_short,player,Faute filet,5,4.06,opponent,drop,11,14,0,0
2026-05-04T18:48:15,Club,singles,player,serve_lob,player,Faute dehors,2,3.81,opponent,lob,12,14,0,0
2026-05-04T18:48:20,Club,singles,player,serve_short,player,Point,3,3.36,player,smash,13,14,0,0
2026-05-04T18:48:24,Club,singles,player,serve_lob,player,Faute dehors,2,3.64,opponent,lob,14,14,0,0
2026-05-04T18:48:28,Club,singles,player,serve_short,player,Faute filet,4,3.12,opponent,drop,15,14,0,0
2026-05-04T18:48:35,Club,singles,player,serve_short,opponent,Faute dehors,5,5.77,player,lob,16,14,0,0
2026-05-04T18:48:46,Club,singles,opponent,serve_drive,opponent,Point,9,9.37,opponent,smash,16,15,0,0
2026-05-04T18:48:49,Club,singles,opponent,serve_short,player,Faute filet,3,1.84,opponent,smash,16,16,0,0
2026-05-04T18:48:56,Club,singles,player,serve_lob,player,Faute dehors,6,6.10,opponent,smash,17,16,0,0
2026-05-04T18:49:04,Club,singles,player,serve_lob,opponent,Faute dehors,5,6.63,player,smash,18,16,0,0
2026-05-04T18:49:08,Club,singles,opponent,serve_short,opponent,Faute filet,4,3.11,player,drop,18,17,0,0
2026-05-04T18:49:15,Club,singles,opponent,serve_short,opponent,Point,7,5.68,opponent,smash,18,18,0,0
2026-05-04T18:49:20,Club,singles,opponent,serve_short,player,Faute filet,5,4.03,opponent,drop,18,19,0,0
2026-05-04T18:49:24,Club,singles,player,serve_short,opponent,Faute dehors,3,3.18,player,drop,19,19,0,0
2026-05-04T18:49:37,Club,singles,player,serve_short,player,Faute dehors,8,8.54,opponent,lob,0,0,0,0
2026-05-04T18:49:46,Club,singles,player,serve_lob,player,Faute filet,8,7.43,opponent,drop,1,0,0,0
2026-05-04T18:49:52,Club,singles,player,serve_drive,opponent,Faute dehors,5,5.49,player,smash,2,0,0,0
2026-05-04T18:49:59,Club,singles,opponent,serve_short,player,Point,6,5.74,player,smash,2,1,0,0
2026-05-04T18:50:02,Club,singles,player,serve_short,opponent,Faute filet,3,2.14,player,smash,3,1,0,0
2026-05-04T18:50:06,Club,singles,opponent,serve_short,opponent,Faute dehors,2,2.78,player,lob,3,2,0,0
2026-05-04T18:50:11,Club,singles,opponent,serve_drive,opponent,Faute filet,4,3.71,player,drop,3,3,0,0
2026-05-04T18:50:17,Club,singles,opponent,serve_short,opponent,Faute dehors,4,4.09,player,drop,3,4,0,0
2026-05-04T18:50:24,Club,singles,opponent,serve_short,opponent,Faute filet,8,6.68,player,drop,3,5,0,0
2026-05-04T18:50:31,Club,singles,opponent,serve_lob,player,Faute dehors,5,5.82,opponent,smash,3,6,0,0
2026-05-04T18:50:36,Club,singles,player,serve_short,player,Faute dehors,4,3.12,opponent,smash,4,6,0,0
2026-05-04T18:50:40,Club,singles,player,serve_short,player,Faute filet,4,2.92,opponent,drop,5,6,0,0
2026-05-04T18:50:46,Club,singles,player,serve_short,opponent,Faute dehors,5,5.48,player,drop,6,6,0,0
2026-05-04T18:50:52,Club,singles,opponent,serve_short,player,Faute dehors,5,4.69,opponent,smash,6,7,0,0
2026-05-04T18:50:55,Club,singles,player,serve_lob,player,Faute filet,2,2.19,opponent,smash,7,7,0,0
2026-05-04T18:50:57,Club,singles,player,serve_short,opponent,Faute service,1,0.62,player,serve_short,8,7,0,0
2026-05-04T18:51:03,Club,singles,opponent,serve_short,opponent,Point,5,4.66,opponent,smash,8,8,0,0
2026-05-04T18:51:07,Club,singles,opponent,serve_lob,player,Point,2,2.86,player,smash,8,9,0,0
2026-05-04T18:51:17,Club,singles,player,serve_short,opponent,Faute dehors,9,9.06,player,smash,9,9,0,0
2026-05-04T18:51:32,Club,singles,opponent,serve_short,opponent,Faute dehors,14,13.91,player,smash,9,10,0,0
2026-05-04T18:51:37,Club,singles,opponent,serve_drive,player,Faute dehors,3,3.21,opponent,smash,9,11,0,0
2026-05-04T18:51:41,Club,singles,player,serve_short,player,Point,3,3.66,player,drop,10,11,0,0
2026-05-04T18:51:58,Club,singles,player,serve_short,player,Faute filet,16,15.64,opponent,drop,11,11,0,0
2026-05-04T18:52:05,Club,singles,player,serve_drive,player,Faute filet,6,5.72,opponent,drop,12,11,0,0
2026-05-04T18:52:11,Club,singles,player,serve_short,opponent,Faute dehors,5,4.98,player,drop,13,11,0,0
2026-05-04T18:52:14,Club,singles,opponent,serve_short,player,Faute dehors,3,2.59,opponent,smash,13,12,0,0
2026-05-04T18:52:18,Club,singles,player,serve_short,player,Faute dehors,2,2.35,opponent,drop,14,12,0,0
2026-05-04T18:52:25,Club,singles,player,serve_short,opponent,Faute dehors,7,6.72,player,smash,15,12,0,0
2026-05-04T18:52:35,Club,singles,opponent,serve_short,player,Point,8,8.00,player,smash,15,13,0,0
2026-05-04T18:52:43,Club,singles,player,serve_lob,player,Faute filet,6,7.20,opponent,drop,16,13,0,0
2026-05-04T18:52:46,Club,singles,player,serve_short,player,Faute dehors,2,2.37,opponent,drop,17,13,0,0
2026-05-04T18:52:51,Club,singles,player,serve_short,opponent,Faute dehors,3,4.01,player,lob,18,13,0,0
2026-05-04T18:52:57,Club,singles,opponent,serve_short,opponent,Point,5,4.56,opponent,smash,18,14,0,0
2026-05-04T18:53:07,Club,singles,opponent,serve_lob,player,Point,8,8.82,player,smash,18,15,0,0
2026-05-04T18:53:10,Club,singles,player,serve_short,player,Faute dehors,2,2.11,opponent,drive,19,15,0,0
2026-05-04T18:53:14,Club,singles,player,serve_short,opponent,Point,4,3.25,opponent,smash,20,15,0,0
2026-05-04T18:53:27,Club,singles,opponent,serve_short,opponent,Faute dehors,10,11.25,player,smash,20,16,0,0
2026-05-04T18:53:36,Club,singles,opponent,serve_short,opponent,Faute filet,8,7.55,player,smash,20,17,0,0
2026-05-04T18:53:44,Club,singles,opponent,serve_short,opponent,Point,7,7.50,opponent,smash,20,18,0,0
2026-05-04T18:54:08,Club,singles,opponent,serve_lob,player,Faute dehors,19,22.31,opponent,drop,20,19,0,0
2026-05-04T18:56:34,Club,singles,player,serve_short,player,Faute filet,2,1.27,opponent,drop,0,0,0,0
2026-05-04T18:56:52,Club,singles,player,serve_short,player,Faute dehors,16,16.48,opponent,smash,1,0,0,0
2026-05-04T18:56:59,Club,singles,player,serve_short,player,Faute dehors,6,5.78,opponent,drop,2,0,0,0
2026-05-04T18:57:10,Club,singles,player,serve_lob,player,Faute filet,12,10.67,opponent,smash,3,0,0,0
2026-05-04T18:57:12,Club,singles,player,serve_short,opponent,Faute service,1,0.63,player,serve_short,4,0,0,0
2026-05-04T18:57:15,Club,singles,opponent,serve_drive,opponent,Faute filet,2,1.44,player,drop,4,1,0,0
2026-05-04T18:57:26,Club,singles,opponent,serve_lob,opponent,Faute dehors,8,9.64,player,drop,4,2,0,0
2026-05-04T18:57:31,Club,singles,opponent,serve_lob,opponent,Faute dehors,4,4.15,player,smash,4,3,0,0
2026-05-04T18:57:37,Club,singles,opponent,serve_short,player,Faute dehors,5,5.42,opponent,lob,4,4,0,0
2026-05-04T18:57:49,Club,singles,player,serve_lob,player,Point,9,10.27,player,smash,5,4,0,0
2026-05-04T18:57:56,Club,singles,player,serve_short,opponent,Faute filet,7,6.57,player,drop,6,4,0,0
2026-05-04T18:58:05,Club,singles,opponent,serve_lob,player,Faute dehors,7,7.52,opponent,lob,6,5,0,0
2026-05-04T18:58:07,Club,singles,player,serve_short,opponent,Faute service,1,0.47,player,serve_short,7,5,0,0
2026-05-04T18:58:11,Club,singles,opponent,serve_short,opponent,Point,3,3.34,opponent,smash,7,6,0,0
2026-05-04T18:58:15,Club,singles,opponent,serve_drive,player,Faute dehors,3,3.04,opponent,smash,7,7,0,0
2026-05-04T18:58:19,Club,singles,player,serve_lob,opponent,Point,2,2.90,opponent,smash,8,7,0,0
2026-05-04T18:58:25,Club,singles,opponent,serve_short,player,Point,4,4.08,player,smash,8,8,0,0
2026-05-04T18:58:42,Club,singles,player,serve_short,opponent,Faute filet,19,16.74,player,drop,9,8,0,0
2026-05-04T18:58:45,Club,singles,opponent,serve_short,opponent,Faute filet,2,1.17,player,drive,9,9,0,0
2026-05-04T18:58:46,Club,singles,opponent,serve_short,player,Faute service,1,0.60,opponent,serve_short,9,10,0,0
2026-05-04T18:59:01,Club,singles,player,serve_short,opponent,Point,14,13.60,opponent,smash,10,10,0,0
2026-05-04T18:59:05,Club,singles,opponent,serve_short,player,Faute filet,3,2.70,opponent,drop,10,11,0,0
2026-05-04T18:59:11,Club,singles,player,serve_short,player,Faute dehors,4,4.53,opponent,smash,11,11,0,0
2026-05-04T18:59:13,Club,singles,player,serve_short,player,Faute filet,2,1.20,opponent,drop,12,11,0,0
2026-05-04T18:59:16,Club,singles,player,serve_short,opponent,Faute filet,3,2.06,player,drop,13,11,0,0
2026-05-04T18:59:22,Club,singles,opponent,serve_lob,player,Faute filet,5,4.66,opponent,drop,13,12,0,0
2026-05-04T18:59:24,Club,singles,player,serve_short,opponent,Faute service,1,0.60,player,serve_short,14,12,0,0
2026-05-04T18:59:27,Club,singles,opponent,serve_short,player,Point,2,2.24,player,drop,14,13,0,0
2026-05-04T18:59:32,Club,singles,player,serve_drive,opponent,Faute dehors,3,3.67,player,drop,15,13,0,0
2026-05-04T18:59:36,Club,singles,opponent,serve_short,player,Faute dehors,3,3.33,opponent,smash,15,14,0,0
2026-05-04T18:59:42,Club,singles,player,serve_short,opponent,Faute dehors,5,4.98,player,lob,16,14,0,0
2026-05-04T18:59:46,Club,singles,opponent,serve_short,player,Faute filet,3,2.49,opponent,drop,16,15,0,0
2026-05-04T18:59:52,Club,singles,player,serve_short,player,Faute filet,6,5.63,opponent,drop,17,15,0,0
2026-05-04T18:59:56,Club,singles,player,serve_lob,player,Point,1,2.49,player,serve_lob,18,15,0,0
2026-05-04T18:59:59,Club,singles,player,serve_lob,player,Faute filet,2,2.28,opponent,drop,19,15,0,0
2026-05-04T19:00:14,Club,singles,player,serve_drive,player,Faute filet,14,14.20,opponent,drop,20,15,0,0
2026-05-04T19:07:56,Club,singles,player,serve_lob,player,Faute dehors,4,5.75,opponent,drop,0,0,0,0
2026-05-04T19:07:58,Club,singles,player,serve_short,opponent,Faute service,1,0.60,player,serve_short,1,0,0,0
2026-05-04T19:08:02,Club,singles,opponent,serve_short,opponent,Faute filet,4,2.88,player,smash,1,1,0,0
2026-05-04T19:08:10,Club,singles,opponent,serve_short,player,Faute dehors,7,6.99,opponent,drop,1,2,0,0
2026-05-04T19:08:17,Club,singles,player,serve_short,opponent,Faute dehors,5,5.28,player,drop,2,2,0,0
2026-05-04T19:08:23,Club,singles,opponent,serve_lob,opponent,Faute dehors,4,5.41,player,smash,2,3,0,0
2026-05-04T19:08:37,Club,singles,opponent,serve_lob,opponent,Point,11,12.13,opponent,smash,2,4,0,0
2026-05-04T19:08:45,Club,singles,opponent,serve_short,player,Point,6,6.91,player,lob,2,5,0,0
2026-05-04T19:08:50,Club,singles,player,serve_drive,player,Faute dehors,4,4.16,opponent,smash,3,5,0,0
2026-05-04T19:08:55,Club,singles,player,serve_lob,opponent,Faute dehors,3,4.16,player,smash,4,5,0,0
2026-05-04T19:08:57,Club,singles,opponent,serve_drive,player,Faute service,1,0.53,opponent,serve_drive,4,6,0,0
2026-05-04T19:09:02,Club,singles,player,serve_drive,player,Faute filet,6,4.09,opponent,drop,5,6,0,0
2026-05-04T19:09:19,Club,singles,player,serve_drive,player,Point,15,16.13,player,smash,6,6,0,0
2026-05-04T19:09:28,Club,singles,player,serve_drive,opponent,Point,8,7.51,opponent,smash,7,6,0,0
2026-05-04T19:09:37,Club,singles,opponent,serve_drive,player,Faute filet,9,8.06,opponent,drop,7,7,0,0
2026-05-04T19:09:42,Club,singles,player,serve_short,player,Faute dehors,4,4.19,opponent,drop,8,7,0,0
2026-05-04T19:09:51,Club,singles,player,serve_lob,player,Faute dehors,6,7.65,opponent,smash,9,7,0,0
2026-05-04T19:10:03,Club,singles,player,serve_drive,opponent,Faute dehors,11,11.23,player,drop,10,7,0,0
2026-05-04T19:10:18,Club,singles,opponent,serve_drive,opponent,Faute filet,16,14.34,player,smash,10,8,0,0
2026-05-04T19:10:21,Club,singles,opponent,serve_short,opponent,Faute filet,2,1.22,player,drive,10,9,0,0
2026-05-04T19:10:26,Club,singles,opponent,serve_lob,opponent,Point,3,4.14,opponent,smash,10,10,0,0
2026-05-04T19:10:35,Club,singles,opponent,serve_drive,opponent,Faute filet,8,7.70,player,drop,10,11,0,0
2026-05-04T19:11:12,Club,singles,player,serve_short,player,Faute dehors,10,11.22,opponent,smash,0,0,0,0
2026-05-04T19:11:29,Club,singles,player,serve_lob,player,Faute dehors,10,11.21,opponent,drop,1,0,0,0
2026-05-04T19:11:31,Club,singles,player,serve_short,opponent,Faute service,1,0.64,player,serve_short,2,0,0,0
2026-05-04T19:11:34,Club,singles,opponent,serve_short,opponent,Faute dehors,2,2.17,player,drive,2,1,0,0
2026-05-04T19:11:38,Club,singles,opponent,serve_short,opponent,Faute filet,4,2.96,player,drop,2,2,0,0
2026-05-04T19:11:41,Club,singles,opponent,serve_short,opponent,Faute filet,2,1.32,player,drop,2,3,0,0
2026-05-04T19:12:00,Club,singles,opponent,serve_short,player,Point,18,18.18,player,smash,2,4,0,0
2026-05-04T19:12:07,Club,singles,player,serve_short,opponent,Faute filet,7,6.11,player,drop,3,4,0,0
2026-05-04T19:12:11,Club,singles,opponent,serve_lob,opponent,Faute dehors,2,2.82,player,smash,3,5,0,0
2026-05-04T19:12:14,Club,singles,opponent,serve_short,player,Faute filet,3,1.72,opponent,drop,3,6,0,0
2026-05-04T19:12:17,Club,singles,player,serve_short,player,Faute dehors,2,2.12,opponent,drive,4,6,0,0
2026-05-04T19:12:22,Club,singles,player,serve_drive,opponent,Faute dehors,5,3.84,player,smash,5,6,0,0
2026-05-04T19:12:27,Club,singles,opponent,serve_short,opponent,Faute filet,4,3.81,player,smash,5,7,0,0
2026-05-04T19:12:38,Club,singles,opponent,serve_drive,opponent,Faute filet,12,9.69,player,smash,5,8,0,0
2026-05-04T19:12:42,Club,singles,opponent,serve_short,player,Point,2,2.17,player,drive,5,9,0,0
2026-05-04T19:12:48,Club,singles,player,serve_short,opponent,Point,6,5.03,opponent,smash,6,9,0,0
2026-05-04T19:12:51,Club,singles,opponent,serve_lob,opponent,Faute filet,2,2.22,player,smash,6,10,0,0
2026-05-04T19:13:04,Club,singles,opponent,serve_lob,opponent,Faute dehors,10,11.50,player,lob,6,11,0,0
2026-05-04T19:13:08,Club,singles,opponent,serve_short,opponent,Faute filet,4,2.89,player,drop,6,12,0,0
2026-05-04T19:13:13,Club,singles,opponent,serve_short,player,Point,4,4.19,player,drop,6,13,0,0
2026-05-04T19:13:18,Club,singles,player,serve_short,opponent,Faute filet,5,3.68,player,smash,7,13,0,0
2026-05-04T19:13:28,Club,singles,opponent,serve_drive,player,Faute filet,9,8.60,opponent,drop,7,14,0,0
2026-05-04T19:13:32,Club,singles,player,serve_short,player,Faute filet,4,3.37,opponent,drop,8,14,0,0
2026-05-04T19:13:39,Club,singles,player,serve_lob,opponent,Point,6,6.31,opponent,drop,9,14,0,0
2026-05-04T19:13:54,Club,singles,opponent,serve_lob,player,Faute filet,15,13.52,opponent,drop,9,15,0,0
2026-05-04T19:14:00,Club,singles,player,serve_drive,opponent,Point,4,4.54,opponent,smash,10,15,0,0
2026-05-04T19:14:20,Club,singles,player,serve_short,player,Faute dehors,10,10.24,opponent,drop,0,0,0,0
2026-05-04T19:14:29,Club,singles,player,serve_lob,player,Point,7,8.69,player,smash,1,0,0,0
2026-05-04T19:14:47,Club,singles,player,serve_short,opponent,Point,18,17.12,opponent,smash,2,0,0,0
2026-05-04T19:14:55,Club,singles,opponent,serve_lob,opponent,Faute dehors,6,6.30,player,smash,2,1,0,0
2026-05-04T19:14:57,Club,singles,opponent,serve_short,player,Faute service,1,0.60,opponent,serve_short,2,2,0,0
2026-05-04T19:14:58,Club,singles,player,serve_short,opponent,Faute service,1,0.60,player,serve_short,3,2,0,0
2026-05-04T19:15:00,Club,singles,opponent,serve_drive,player,Faute service,1,0.53,opponent,serve_drive,3,3,0,0
2026-05-04T19:15:10,Club,singles,player,serve_short,player,Point,9,9.02,player,smash,4,3,0,0
2026-05-04T19:15:17,Club,singles,player,serve_short,player,Faute dehors,6,6.10,opponent,smash,5,3,0,0
2026-05-04T19:15:20,Club,singles,player,serve_short,player,Faute filet,2,1.34,opponent,drop,6,3,0,0
2026-05-04T19:15:27,Club,singles,player,serve_short,player,Point,7,6.35,player,smash,7,3,0,0
2026-05-04T19:15:33,Club,singles,player,serve_short,player,Point,5,5.20,player,lob,8,3,0,0
2026-05-04T19:15:37,Club,singles,player,serve_lob,player,Faute dehors,2,2.89,opponent,smash,9,3,0,0
2026-05-04T19:15:43,Club,singles,player,serve_short,player,Faute dehors,6,5.26,opponent,smash,10,3,0,0
2026-05-04T19:15:56,Club,singles,player,serve_lob,player,Faute dehors,10,11.25,opponent,smash,11,3,0,0
2026-05-04T19:15:59,Club,singles,player,serve_drive,opponent,Point,2,2.16,opponent,smash,12,3,0,0
2026-05-04T19:16:05,Club,singles,opponent,serve_lob,opponent,Faute dehors,4,4.78,player,smash,12,4,0,0
2026-05-04T19:16:20,Club,singles,opponent,serve_lob,player,Point,14,14.40,player,drop,12,5,0,0
2026-05-04T19:16:29,Club,singles,player,serve_lob,opponent,Faute dehors,5,7.33,player,lob,13,5,0,0
2026-05-04T19:16:33,Club,singles,opponent,serve_lob,opponent,Faute dehors,2,2.87,player,smash,13,6,0,0
2026-05-04T19:16:37,Club,singles,opponent,serve_lob,opponent,Faute filet,4,3.56,player,smash,13,7,0,0
2026-05-04T19:16:44,Club,singles,opponent,serve_short,player,Faute filet,7,5.71,opponent,smash,13,8,0,0
2026-05-04T19:16:51,Club,singles,player,serve_lob,opponent,Faute dehors,5,5.38,player,smash,14,8,0,0
2026-05-04T19:16:58,Club,singles,opponent,serve_lob,player,Point,6,6.21,player,smash,14,9,0,0
2026-05-04T19:17:10,Club,singles,player,serve_short,player,Faute dehors,10,10.61,opponent,drop,15,9,0,0
2026-05-04T19:17:15,Club,singles,player,serve_drive,opponent,Faute dehors,5,4.46,player,smash,16,9,0,0
2026-05-04T19:17:19,Club,singles,opponent,serve_short,player,Faute filet,3,2.59,opponent,smash,16,10,0,0
2026-05-04T19:17:23,Club,singles,player,serve_lob,player,Faute filet,4,3.46,opponent,lob,17,10,0,0
2026-05-04T19:17:27,Club,singles,player,serve_drive,player,Faute dehors,2,2.04,opponent,smash,18,10,0,0
2026-05-04T19:17:31,Club,singles,player,serve_short,opponent,Point,4,3.92,opponent,smash,19,10,0,0
2026-05-04T19:17:40,Club,singles,opponent,serve_short,player,Faute dehors,7,7.38,opponent,smash,19,11,0,0
2026-05-04T19:17:48,Club,singles,player,serve_short,opponent,Faute dehors,7,6.60,player,smash,20,11,0,0
2026-05-04T19:17:52,Club,singles,opponent,serve_short,opponent,Point,5,3.61,opponent,smash,20,12,0,0
2026-05-04T19:17:56,Club,singles,opponent,serve_short,opponent,Faute filet,4,2.75,player,lob,20,13,0,0
2026-05-04T19:18:02,Club,singles,opponent,serve_drive,player,Point,4,3.91,player,smash,20,14,0,0
2026-05-04T19:18:58,Club,singles,player,serve_short,opponent,Point,4,4.15,opponent,smash,0,0,0,0
2026-05-04T19:19:06,Club,singles,opponent,serve_lob,player,Point,6,6.59,player,smash,0,1,0,0
2026-05-04T19:19:10,Club,singles,player,serve_lob,player,Faute dehors,2,2.88,opponent,smash,1,1,0,0
2026-05-04T19:19:15,Club,singles,player,serve_drive,opponent,Faute filet,5,4.41,player,drop,2,1,0,0
2026-05-04T19:19:17,Club,singles,opponent,serve_short,player,Faute service,1,0.59,opponent,serve_short,2,2,0,0
2026-05-04T19:19:21,Club,singles,player,serve_short,player,Faute dehors,2,2.76,opponent,lob,3,2,0,0
2026-05-04T19:21:38,Club,singles,player,serve_short,player,Point,5,5.33,player,drop,0,0,0,0
2026-05-04T19:22:11,Club,singles,player,serve_short,opponent,Point,6,6.67,opponent,drop,1,0,0,0
2026-05-04T19:22:18,Club,singles,opponent,serve_short,player,Faute dehors,5,5.43,opponent,drop,1,1,0,0
2026-05-04T19:22:22,Club,singles,player,serve_lob,player,Faute dehors,2,3.62,opponent,lob,2,1,0,0
2026-05-04T19:22:30,Club,singles,player,serve_lob,opponent,Point,6,6.81,opponent,drop,3,1,0,0
2026-05-04T19:22:32,Club,singles,opponent,serve_short,player,Faute service,1,0.48,opponent,serve_short,3,2,0,0
2026-05-04T19:22:36,Club,singles,player,serve_lob,opponent,Point,2,2.89,opponent,smash,4,2,0,0
2026-05-04T19:22:41,Club,singles,opponent,serve_short,opponent,Faute dehors,4,4.54,player,smash,4,3,0,0
2026-05-04T19:22:50,Club,singles,opponent,serve_short,player,Point,8,7.02,player,smash,4,4,0,0
2026-05-04T19:23:55,Club,singles,player,serve_short,player,Faute dehors,2,2.11,opponent,drive,0,0,0,0
2026-05-04T19:24:04,Club,singles,player,serve_lob,player,Point,7,7.49,player,drop,1,0,0,0
2026-05-04T19:31:38,Club,singles,player,serve_drive,player,Point,5,453.20,player,lob,2,0,0,0
2026-05-04T19:31:43,Club,singles,player,serve_short,opponent,Point,4,4.18,opponent,smash,3,0,0,0
2026-05-04T19:32:00,Club,singles,opponent,serve_short,player,Faute dehors,17,15.22,opponent,smash,3,1,0,0
2026-05-04T19:32:03,Club,singles,player,serve_short,opponent,Faute filet,3,2.49,player,drop,4,1,0,0
2026-05-04T19:32:08,Club,singles,opponent,serve_lob,player,Faute dehors,3,3.72,opponent,drop,4,2,0,0
2026-05-04T19:32:15,Club,singles,player,serve_short,player,Point,7,5.98,player,smash,5,2,0,0
2026-05-04T19:32:32,Club,singles,player,serve_short,opponent,Point,16,15.62,opponent,smash,6,2,0,0
2026-05-04T19:32:39,Club,singles,opponent,serve_short,player,Faute filet,7,5.93,opponent,drop,6,3,0,0
2026-05-04T19:32:43,Club,singles,player,serve_lob,player,Point,1,2.46,player,serve_lob,7,3,0,0
2026-05-04T19:32:47,Club,singles,player,serve_lob,opponent,Point,2,2.86,opponent,smash,8,3,0,0
2026-05-04T19:32:59,Club,singles,opponent,serve_lob,opponent,Point,9,10.72,opponent,smash,8,4,0,0
2026-05-04T19:33:01,Club,singles,opponent,serve_drive,opponent,Faute filet,2,1.47,player,drop,8,5,0,0
2026-05-04T19:33:13,Club,singles,opponent,serve_lob,opponent,Faute dehors,8,10.32,player,lob,8,6,0,0
2026-05-04T19:33:23,Club,singles,opponent,serve_short,opponent,Faute filet,10,8.58,player,smash,8,7,0,0
2026-05-04T19:33:26,Club,singles,opponent,serve_short,opponent,Faute dehors,2,2.34,player,drop,8,8,0,0
2026-05-04T19:33:32,Club,singles,opponent,serve_short,player,Faute dehors,5,5.12,opponent,smash,8,9,0,0
2026-05-04T19:33:38,Club,singles,player,serve_short,player,Faute filet,6,4.41,opponent,drop,9,9,0,0
2026-05-04T19:33:51,Club,singles,player,serve_short,player,Faute dehors,12,11.72,opponent,smash,10,9,0,0
2026-05-04T19:34:49,Club,singles,player,serve_short,opponent,Point,58,57.82,opponent,smash,11,9,0,0
2026-05-04T19:35:02,Club,singles,opponent,serve_lob,player,Faute filet,13,11.69,opponent,smash,11,10,0,0
2026-05-04T19:35:08,Club,singles,player,serve_short,opponent,Faute dehors,5,4.85,player,smash,12,10,0,0
2026-05-04T19:35:11,Club,singles,opponent,serve_short,opponent,Faute dehors,2,2.12,player,drive,12,11,0,0
2026-05-04T19:35:16,Club,singles,opponent,serve_short,player,Faute dehors,3,3.69,opponent,lob,12,12,0,0
2026-05-04T19:35:20,Club,singles,player,serve_lob,opponent,Faute filet,3,2.82,player,drop,13,12,0,0
2026-05-04T19:35:27,Club,singles,opponent,serve_lob,opponent,Faute dehors,4,5.38,player,lob,13,13,0,0
2026-05-04T19:35:33,Club,singles,opponent,serve_short,opponent,Faute dehors,6,5.09,player,smash,13,14,0,0
2026-05-04T19:35:35,Club,singles,opponent,serve_short,player,Faute service,1,0.47,opponent,serve_short,13,15,0,0
2026-05-04T19:35:38,Club,singles,player,serve_lob,player,Faute filet,2,2.05,opponent,smash,14,15,0,0
2026-05-04T19:35:44,Club,singles,player,serve_lob,opponent,Faute dehors,3,4.86,player,lob,15,15,0,0
2026-05-04T19:35:51,Club,singles,opponent,serve_short,player,Point,6,5.83,player,smash,15,16,0,0
2026-05-04T19:35:59,Club,singles,player,serve_lob,opponent,Faute dehors,7,7.75,player,smash,16,16,0,0
2026-05-04T19:36:05,Club,singles,opponent,serve_short,opponent,Point,5,4.66,opponent,smash,16,17,0,0
2026-05-04T19:36:13,Club,singles,opponent,serve_lob,opponent,Point,5,6.16,opponent,smash,16,18,0,0
2026-05-04T19:36:30,Club,singles,player,serve_short,opponent,Faute filet,7,6.87,player,drop,0,0,0,0
2026-05-04T19:36:36,Club,singles,opponent,serve_short,player,Faute dehors,5,4.89,opponent,drop,0,1,0,0
2026-05-04T19:36:38,Club,singles,player,serve_short,player,Faute filet,2,1.17,opponent,drive,1,1,0,0
2026-05-04T19:36:47,Club,singles,player,serve_short,opponent,Faute filet,9,7.71,player,smash,2,1,0,0
2026-05-04T19:36:54,Club,singles,opponent,serve_short,player,Point,6,5.10,player,smash,2,2,0,0
2026-05-04T19:36:58,Club,singles,player,serve_short,opponent,Faute dehors,3,3.14,player,drop,3,2,0,0
2026-05-04T19:37:23,Club,singles,opponent,serve_short,player,Point,22,24.20,player,drop,3,3,0,0
2026-05-04T19:37:28,Club,singles,player,serve_short,opponent,Point,4,4.19,opponent,smash,4,3,0,0
2026-05-04T19:37:50,Club,singles,opponent,serve_lob,opponent,Point,19,20.81,opponent,smash,4,4,0,0
2026-05-04T19:37:57,Club,singles,opponent,serve_short,opponent,Point,5,5.30,opponent,smash,4,5,0,0
2026-05-04T19:38:04,Club,singles,opponent,serve_short,player,Faute filet,7,5.56,opponent,drop,4,6,0,0
2026-05-04T19:38:07,Club,singles,player,serve_drive,opponent,Faute filet,3,2.79,player,drop,5,6,0,0
2026-05-04T19:38:11,Club,singles,opponent,serve_short,player,Point,2,2.40,player,drive,5,7,0,0
2026-05-04T19:38:16,Club,singles,player,serve_short,opponent,Point,4,4.28,opponent,smash,6,7,0,0
2026-05-04T19:38:19,Club,singles,opponent,serve_drive,player,Faute filet,3,1.97,opponent,smash,6,8,0,0
2026-05-04T19:38:31,Club,singles,player,serve_short,player,Faute filet,10,10.12,opponent,drop,7,8,0,0
2026-05-04T19:38:36,Club,singles,player,serve_drive,opponent,Faute dehors,5,4.78,player,smash,8,8,0,0
2026-05-04T19:38:43,Club,singles,opponent,serve_short,player,Point,4,4.47,player,smash,8,9,0,0
2026-05-04T19:38:54,Club,singles,player,serve_lob,player,Faute filet,11,10.57,player,smash,9,9,0,0
2026-05-04T19:39:02,Club,singles,player,serve_short,player,Faute dehors,6,7.04,opponent,smash,10,9,0,0
2026-05-04T19:39:13,Club,singles,player,serve_short,player,Point,9,9.27,player,lob,11,9,0,0
2026-05-04T19:39:29,Club,singles,player,serve_drive,player,Faute dehors,14,15.12,opponent,lob,12,9,0,0
2026-05-04T19:39:34,Club,singles,player,serve_short,player,Point,5,4.33,player,smash,13,9,0,0
2026-05-04T19:39:37,Club,singles,player,serve_short,player,Faute dehors,2,2.16,opponent,drive,14,9,0,0
2026-05-04T19:39:41,Club,singles,player,serve_lob,player,Point,1,2.46,player,serve_lob,15,9,0,0
2026-05-04T19:39:48,Club,singles,player,serve_lob,opponent,Point,6,6.67,opponent,smash,16,9,0,0
2026-05-04T19:39:51,Club,singles,opponent,serve_short,player,Faute service,1,1.66,opponent,serve_short,16,10,0,0
2026-05-04T19:39:55,Club,singles,player,serve_short,player,Faute dehors,2,2.19,opponent,drive,17,10,0,0
2026-05-04T19:40:01,Club,singles,player,serve_short,opponent,Faute filet,7,5.88,player,drop,18,10,0,0
2026-05-04T19:40:06,Club,singles,opponent,serve_short,player,Point,4,3.19,player,smash,18,11,0,0
2026-05-04T19:40:12,Club,singles,player,serve_short,player,Point,5,4.70,player,smash,19,11,0,0
2026-05-04T19:40:14,Club,singles,player,serve_short,opponent,Faute filet,3,1.79,player,drop,20,11,0,0
2026-05-04T19:40:24,Club,singles,opponent,serve_drive,player,Faute dehors,7,7.81,opponent,lob,20,12,0,0
2026-05-04T20:21:30,Club,singles,player,serve_short,opponent,Point,4,3.16,opponent,smash,0,0,0,0
2026-05-04T20:21:37,Club,singles,opponent,serve_lob,player,Point,4,4.93,player,drop,0,1,0,0
2026-05-04T20:21:41,Club,singles,player,serve_short,player,Faute filet,4,2.84,opponent,drop,1,1,0,0
2026-05-04T20:21:46,Club,singles,player,serve_short,opponent,Point,6,4.45,opponent,smash,2,1,0,0
2026-05-04T20:21:53,Club,singles,opponent,serve_short,player,Faute filet,7,5.80,opponent,lob,2,2,0,0
2026-05-04T20:22:06,Club,singles,player,serve_short,opponent,Faute filet,13,12.12,player,smash,3,2,0,0
2026-05-04T20:22:10,Club,singles,opponent,serve_short,player,Faute filet,3,2.67,opponent,drop,3,3,0,0
2026-05-04T20:22:14,Club,singles,player,serve_drive,player,Point,3,3.01,player,drop,4,3,0,0
2026-05-04T20:22:23,Club,singles,player,serve_short,opponent,Faute filet,9,8.03,player,drop,5,3,0,0
2026-05-04T20:22:28,Club,singles,opponent,serve_lob,opponent,Point,3,4.17,opponent,smash,5,4,0,0
2026-05-04T20:22:35,Club,singles,opponent,serve_short,player,Faute dehors,5,5.64,opponent,drop,5,5,0,0
2026-05-04T20:22:44,Club,singles,player,serve_lob,player,Faute dehors,6,7.88,opponent,smash,6,5,0,0
2026-05-04T20:22:52,Club,singles,player,serve_drive,player,Faute dehors,6,6.46,opponent,lob,7,5,0,0
2026-05-04T20:22:58,Club,singles,player,serve_short,opponent,Faute dehors,5,5.60,player,drop,8,5,0,0
2026-05-04T20:23:09,Club,singles,opponent,serve_drive,opponent,Faute dehors,8,9.18,player,drop,8,6,0,0
2026-05-04T20:23:16,Club,singles,opponent,serve_short,player,Point,6,5.87,player,smash,8,7,0,0
2026-05-04T20:23:20,Club,singles,player,serve_lob,player,Faute dehors,2,3.26,opponent,drop,9,7,0,0
2026-05-04T20:23:30,Club,singles,player,serve_short,opponent,Faute dehors,9,8.81,player,smash,10,7,0,0
2026-05-04T20:23:36,Club,singles,opponent,serve_lob,player,Faute filet,5,5.41,opponent,smash,10,8,0,0
2026-05-04T20:24:03,Club,singles,player,serve_lob,opponent,Point,24,25.63,opponent,smash,11,8,0,0
2026-05-04T20:24:23,Club,singles,opponent,serve_drive,player,Faute dehors,17,18.66,opponent,drop,11,9,0,0
2026-05-04T20:24:25,Club,singles,player,serve_short,player,Faute filet,2,1.24,opponent,drive,12,9,0,0
2026-05-04T20:24:27,Club,singles,player,serve_short,opponent,Faute service,1,0.61,player,serve_short,13,9,0,0
2026-05-04T20:24:35,Club,singles,opponent,serve_short,opponent,Faute dehors,6,6.76,player,lob,13,10,0,0
2026-05-04T20:24:36,Club,singles,opponent,serve_short,player,Faute service,1,0.47,opponent,serve_short,13,11,0,0
2026-05-04T20:24:46,Club,singles,player,serve_drive,player,Faute filet,10,8.62,opponent,smash,14,11,0,0
2026-05-04T20:25:07,Club,singles,player,serve_short,opponent,Faute filet,23,20.40,player,smash,15,11,0,0
2026-05-04T20:25:12,Club,singles,opponent,serve_lob,player,Faute filet,3,3.40,opponent,smash,15,12,0,0
2026-05-04T20:25:17,Club,singles,player,serve_short,player,Faute dehors,4,4.31,opponent,drop,16,12,0,0
2026-05-04T20:25:25,Club,singles,player,serve_drive,player,Faute dehors,8,7.12,opponent,smash,17,12,0,0
2026-05-04T20:25:41,Club,singles,player,serve_lob,opponent,Faute dehors,13,14.67,player,smash,18,12,0,0
2026-05-04T20:25:54,Club,singles,opponent,serve_lob,opponent,Point,11,12.17,opponent,smash,18,13,0,0
2026-05-04T20:25:57,Club,singles,opponent,serve_drive,opponent,Faute filet,2,1.49,player,drop,18,14,0,0
2026-05-04T20:26:03,Club,singles,opponent,serve_lob,opponent,Faute dehors,4,4.13,player,smash,18,15,0,0
2026-05-04T20:26:11,Club,singles,opponent,serve_short,player,Faute dehors,7,7.42,opponent,smash,18,16,0,0
2026-05-04T20:26:13,Club,singles,player,serve_short,player,Faute filet,2,1.12,opponent,drop,19,16,0,0
2026-05-04T20:26:17,Club,singles,player,serve_lob,opponent,Point,2,2.87,opponent,smash,20,16,0,0
2026-05-04T20:26:26,Club,singles,player,serve_short,player,Faute dehors,2,2.76,opponent,lob,0,0,0,0
2026-05-04T20:26:34,Club,singles,player,serve_short,player,Faute dehors,6,7.24,opponent,lob,1,0,0,0
2026-05-04T20:26:44,Club,singles,player,serve_short,opponent,Faute dehors,9,9.39,player,smash,2,0,0,0
2026-05-04T20:26:49,Club,singles,opponent,serve_drive,player,Faute dehors,3,3.31,opponent,smash,2,1,0,0
2026-05-04T20:26:56,Club,singles,player,serve_short,opponent,Point,6,6.16,opponent,smash,3,1,0,0
2026-05-04T20:26:59,Club,singles,opponent,serve_short,opponent,Faute filet,2,1.17,player,drive,3,2,0,0
2026-05-04T20:27:13,Club,singles,opponent,serve_lob,opponent,Faute filet,14,12.60,player,drop,3,3,0,0
2026-05-04T20:27:18,Club,singles,opponent,serve_short,opponent,Point,3,3.33,opponent,smash,3,4,0,0
2026-05-04T20:27:23,Club,singles,opponent,serve_lob,player,Faute dehors,3,4.15,opponent,smash,3,5,0,0
2026-05-04T20:27:33,Club,singles,player,serve_short,player,Faute dehors,10,9.45,opponent,lob,4,5,0,0
2026-05-04T20:27:41,Club,singles,player,serve_short,opponent,Point,8,7.02,opponent,drop,5,5,0,0
2026-05-04T20:27:53,Club,singles,opponent,serve_lob,player,Faute filet,10,9.22,player,smash,5,6,0,0
2026-05-04T20:27:56,Club,singles,player,serve_drive,opponent,Faute dehors,3,2.67,player,smash,6,6,0,0
2026-05-04T20:28:12,Club,singles,opponent,serve_short,opponent,Faute filet,18,14.68,player,drop,6,7,0,0
2026-05-04T20:28:19,Club,singles,opponent,serve_lob,player,Point,4,5.39,player,smash,6,8,0,0
2026-05-04T20:28:37,Club,singles,player,serve_short,player,Faute dehors,16,17.16,opponent,lob,7,8,0,0
2026-05-04T20:28:39,Club,singles,player,serve_drive,player,Faute filet,2,1.44,opponent,drop,8,8,0,0
2026-05-04T20:28:47,Club,singles,player,serve_lob,opponent,Faute dehors,7,7.08,player,smash,9,8,0,0
2026-05-04T20:28:52,Club,singles,opponent,serve_lob,opponent,Faute dehors,2,3.61,player,lob,9,9,0,0
2026-05-04T20:29:06,Club,singles,opponent,serve_short,player,Faute dehors,13,12.54,opponent,drop,9,10,0,0
2026-05-04T20:29:19,Club,singles,player,serve_short,opponent,Faute filet,13,11.62,player,smash,10,10,0,0
2026-05-04T20:34:26,Club,singles,player,serve_lob,player,Point,5,4.63,player,smash,0,0,0,0
2026-05-04T20:34:38,Club,singles,player,serve_drive,opponent,Point,12,11.38,opponent,smash,1,0,0,0
2026-05-04T20:34:44,Club,singles,opponent,serve_lob,opponent,Point,3,4.19,opponent,smash,1,1,0,0
2026-05-04T20:35:00,Club,singles,opponent,serve_lob,opponent,Faute filet,16,15.65,player,smash,1,2,0,0
2026-05-04T20:35:05,Club,singles,opponent,serve_short,player,Faute dehors,3,3.48,opponent,lob,1,3,0,0
2026-05-04T20:35:33,Club,singles,player,serve_short,player,Point,3,27.32,player,smash,2,3,0,0
2026-05-04T20:44:22,Club,singles,player,serve_short,player,Faute dehors,6,6.24,opponent,smash,3,3,0,0
2026-05-04T20:44:37,Club,singles,player,serve_short,player,Faute dehors,14,14.81,opponent,lob,4,3,0,0
2026-05-04T20:44:51,Club,singles,player,serve_drive,player,Faute dehors,12,12.49,opponent,smash,5,3,0,0
2026-05-04T20:44:55,Club,singles,player,serve_short,opponent,Faute dehors,3,3.62,player,lob,6,3,0,0
2026-05-04T20:45:02,Club,singles,opponent,serve_short,player,Faute dehors,5,5.66,opponent,smash,6,4,0,0
2026-05-04T20:45:06,Club,singles,player,serve_lob,opponent,Point,2,2.91,opponent,smash,7,4,0,0
2026-05-04T20:45:16,Club,singles,opponent,serve_short,opponent,Faute dehors,8,9.00,player,lob,7,5,0,0
2026-05-04T20:45:26,Club,singles,opponent,serve_short,player,Faute filet,9,8.77,opponent,drop,7,6,0,0
2026-05-04T20:45:31,Club,singles,player,serve_short,opponent,Point,4,3.20,opponent,smash,8,6,0,0
2026-05-04T20:45:35,Club,singles,opponent,serve_lob,opponent,Faute dehors,2,2.88,player,smash,8,7,0,0
2026-05-04T20:45:36,Club,singles,opponent,serve_short,player,Faute service,1,0.49,opponent,serve_short,8,8,0,0
2026-05-04T20:45:41,Club,singles,player,serve_drive,opponent,Point,4,3.80,opponent,smash,9,8,0,0
2026-05-04T20:45:44,Club,singles,opponent,serve_short,opponent,Faute filet,2,1.08,player,drop,9,9,0,0
2026-05-04T20:45:53,Club,singles,opponent,serve_short,player,Faute filet,11,8.57,opponent,drop,9,10,0,0
2026-05-04T20:46:06,Club,singles,player,serve_short,player,Faute dehors,12,11.43,opponent,smash,10,10,0,0
2026-05-04T20:46:35,Club,singles,player,serve_drive,opponent,Point,28,28.34,opponent,smash,11,10,0,0
2026-05-04T20:46:41,Club,singles,opponent,serve_short,player,Faute filet,5,4.49,opponent,drop,11,11,0,0
2026-05-04T20:46:44,Club,singles,player,serve_lob,player,Faute filet,2,2.17,opponent,smash,12,11,0,0
2026-05-04T20:46:48,Club,singles,player,serve_lob,opponent,Point,2,2.90,opponent,smash,13,11,0,0
2026-05-04T20:46:52,Club,singles,opponent,serve_short,opponent,Faute dehors,2,2.32,player,drop,13,12,0,0
2026-05-04T20:47:00,Club,singles,opponent,serve_short,opponent,Point,9,7.57,opponent,smash,13,13,0,0
2026-05-04T20:47:05,Club,singles,opponent,serve_short,player,Faute dehors,3,3.31,opponent,smash,13,14,0,0
2026-05-04T20:47:13,Club,singles,player,serve_lob,opponent,Faute dehors,5,6.63,player,smash,14,14,0,0
2026-05-04T20:47:24,Club,singles,opponent,serve_short,opponent,Faute dehors,12,10.62,player,smash,14,15,0,0
2026-05-04T20:47:29,Club,singles,opponent,serve_drive,opponent,Faute dehors,4,3.19,player,smash,14,16,0,0
2026-05-04T20:47:37,Club,singles,opponent,serve_lob,player,Point,6,7.39,player,drop,14,17,0,0
2026-05-04T20:47:45,Club,singles,player,serve_short,opponent,Point,8,6.66,opponent,smash,15,17,0,0
2026-05-04T20:47:52,Club,singles,opponent,serve_short,player,Point,6,5.73,player,drop,15,18,0,0
2026-05-04T20:48:00,Club,singles,player,serve_lob,player,Faute dehors,6,6.59,opponent,smash,16,18,0,0
2026-05-04T20:48:23,Club,singles,player,serve_short,player,Faute dehors,2,2.16,opponent,drive,0,0,0,0
2026-05-04T20:48:26,Club,singles,player,serve_short,opponent,Faute filet,3,1.92,player,drop,1,0,0,0
2026-05-04T20:48:34,Club,singles,opponent,serve_short,player,Point,6,6.23,player,smash,1,1,0,0
2026-05-04T20:48:42,Club,singles,player,serve_lob,player,Point,7,7.77,player,smash,2,1,0,0
2026-05-04T20:48:47,Club,singles,player,serve_short,opponent,Faute dehors,3,3.37,player,smash,3,1,0,0
2026-05-04T20:48:53,Club,singles,opponent,serve_lob,opponent,Point,5,5.28,opponent,smash,3,2,0,0
2026-05-04T20:49:00,Club,singles,opponent,serve_drive,player,Faute filet,7,5.36,opponent,smash,3,3,0,0
2026-05-04T20:49:06,Club,singles,player,serve_lob,player,Faute dehors,4,4.81,opponent,lob,4,3,0,0
2026-05-04T20:49:10,Club,singles,player,serve_short,opponent,Faute dehors,3,3.75,player,drop,5,3,0,0
2026-05-04T20:49:17,Club,singles,opponent,serve_drive,player,Faute filet,5,5.00,opponent,smash,5,4,0,0
2026-05-04T20:49:21,Club,singles,player,serve_lob,player,Faute filet,4,3.31,opponent,drop,6,4,0,0
2026-05-04T20:49:24,Club,singles,player,serve_drive,opponent,Point,2,2.12,opponent,smash,7,4,0,0
2026-05-04T20:49:28,Club,singles,opponent,serve_short,player,Point,4,3.09,player,smash,7,5,0,0
2026-05-04T20:49:36,Club,singles,player,serve_short,player,Point,7,6.72,player,drop,8,5,0,0
2026-05-04T20:49:47,Club,singles,player,serve_short,opponent,Faute dehors,9,9.77,player,lob,9,5,0,0
2026-05-04T20:49:54,Club,singles,opponent,serve_short,opponent,Faute filet,8,6.20,player,smash,9,6,0,0
2026-05-04T20:49:58,Club,singles,opponent,serve_short,player,Point,2,2.24,player,drop,9,7,0,0
2026-05-04T20:50:05,Club,singles,player,serve_short,player,Faute filet,8,6.77,opponent,drop,10,7,0,0
2026-05-04T20:50:09,Club,singles,player,serve_short,player,Faute dehors,2,2.18,opponent,drive,11,7,0,0
2026-05-04T20:50:13,Club,singles,player,serve_short,player,Faute filet,4,3.38,opponent,smash,12,7,0,0
2026-05-04T20:50:18,Club,singles,player,serve_short,opponent,Point,4,3.56,opponent,smash,13,7,0,0
2026-05-04T20:50:21,Club,singles,opponent,serve_short,opponent,Faute dehors,2,2.31,player,drop,13,8,0,0
2026-05-04T20:50:32,Club,singles,opponent,serve_lob,opponent,Faute filet,10,9.40,player,lob,13,9,0,0
2026-05-04T20:50:36,Club,singles,opponent,serve_lob,player,Faute filet,3,2.81,opponent,drop,13,10,0,0
2026-05-04T20:50:46,Club,singles,player,serve_drive,player,Point,9,8.78,player,lob,14,10,0,0
2026-05-04T20:52:08,Club,singles,player,serve_lob,player,Point,1,81.17,player,serve_lob,15,10,0,0
2026-05-04T20:52:12,Club,singles,player,serve_lob,opponent,Point,2,2.87,opponent,smash,16,10,0,0
2026-05-04T20:52:28,Club,singles,opponent,serve_lob,player,Faute filet,15,14.10,opponent,smash,16,11,0,0
2026-05-04T20:52:31,Club,singles,player,serve_lob,opponent,Point,2,2.89,opponent,smash,17,11,0,0
2026-05-04T20:52:39,Club,singles,opponent,serve_short,player,Point,8,6.62,player,lob,17,12,0,0
2026-05-04T20:52:42,Club,singles,player,serve_short,opponent,Faute filet,3,2.11,player,lob,18,12,0,0
2026-05-04T20:52:47,Club,singles,opponent,serve_lob,player,Faute filet,3,3.33,opponent,smash,18,13,0,0
2026-05-04T20:52:56,Club,singles,player,serve_short,opponent,Faute filet,9,7.78,player,lob,19,13,0,0
2026-05-04T20:53:06,Club,singles,opponent,serve_short,opponent,Faute dehors,8,8.61,player,lob,19,14,0,0
2026-05-04T20:53:10,Club,singles,opponent,serve_short,player,Faute dehors,3,3.53,opponent,lob,19,15,0,0
2026-05-04T20:53:22,Club,singles,player,serve_lob,player,Faute filet,10,10.89,opponent,drop,20,15,0,0
2026-05-04T21:03:21,Club,singles,opponent,serve_drive,opponent,Faute dehors,2,2.41,player,drop,0,0,1,0
2026-05-04T21:03:24,Club,singles,opponent,serve_short,opponent,Faute dehors,2,2.14,player,drive,0,1,1,0
2026-05-04T21:03:28,Club,singles,opponent,serve_drive,opponent,Faute dehors,2,2.74,player,lob,0,2,1,0
2026-05-04T21:03:30,Club,singles,opponent,serve_short,player,Faute service,1,0.47,opponent,serve_short,0,3,1,0
2026-05-04T21:03:57,Club,singles,player,serve_lob,player,Point,21,25.98,player,drop,1,3,1,0
2026-05-04T21:04:01,Club,singles,player,serve_drive,player,Faute filet,4,3.29,opponent,smash,2,3,1,0
2026-05-04T21:04:08,Club,singles,player,serve_short,opponent,Point,6,5.70,opponent,drop,3,3,1,0
2026-05-04T21:04:13,Club,singles,opponent,serve_short,opponent,Point,5,3.96,opponent,smash,3,4,1,0
2026-05-04T21:04:17,Club,singles,opponent,serve_short,opponent,Faute dehors,2,2.34,player,drop,3,5,1,0
2026-05-04T21:04:25,Club,singles,opponent,serve_lob,player,Point,6,7.24,player,smash,3,6,1,0
2026-05-04T21:04:28,Club,singles,player,serve_lob,player,Faute filet,2,2.22,opponent,smash,4,6,1,0
2026-05-04T21:04:33,Club,singles,player,serve_lob,opponent,Faute dehors,3,3.66,player,smash,5,6,1,0
2026-05-04T21:04:45,Club,singles,opponent,serve_lob,opponent,Faute dehors,12,11.33,player,smash,5,7,1,0
2026-05-04T21:04:50,Club,singles,opponent,serve_lob,player,Faute filet,3,3.71,opponent,drop,5,8,1,0
2026-05-04T21:04:58,Club,singles,player,serve_short,player,Faute dehors,6,6.83,opponent,drop,6,8,1,0
2026-05-04T21:05:01,Club,singles,player,serve_short,player,Faute filet,4,2.19,opponent,smash,7,8,1,0
2026-05-04T21:05:06,Club,singles,player,serve_drive,opponent,Point,4,3.34,opponent,drop,8,8,1,0
2026-05-04T21:05:12,Club,singles,opponent,serve_lob,opponent,Point,5,5.23,opponent,smash,8,9,1,0
2026-05-04T21:05:25,Club,singles,opponent,serve_short,opponent,Faute dehors,12,11.76,player,drop,8,10,1,0
2026-05-04T21:05:40,Club,singles,opponent,serve_short,player,Faute filet,15,13.83,opponent,drop,8,11,1,0
2026-05-04T21:05:47,Club,singles,player,serve_short,player,Faute dehors,6,6.18,opponent,lob,9,11,1,0
2026-05-04T21:06:02,Club,singles,player,serve_short,player,Faute dehors,12,13.15,opponent,smash,10,11,1,0
2026-05-04T21:06:05,Club,singles,player,serve_short,player,Faute dehors,2,2.15,opponent,drive,11,11,1,0
2026-05-04T21:06:09,Club,singles,player,serve_lob,player,Faute dehors,2,2.89,opponent,smash,12,11,1,0
2026-05-04T21:06:14,Club,singles,player,serve_short,player,Faute filet,6,4.81,opponent,smash,13,11,1,0
2026-05-04T21:06:27,Club,singles,player,serve_drive,player,Faute dehors,12,11.71,opponent,smash,14,11,1,0
2026-05-04T21:06:30,Club,singles,player,serve_short,opponent,Faute filet,3,2.17,player,drop,15,11,1,0
2026-05-04T21:06:33,Club,singles,opponent,serve_short,player,Faute service,1,1.67,opponent,serve_short,15,12,1,0
2026-05-04T21:06:38,Club,singles,player,serve_short,player,Point,5,3.78,player,smash,16,12,1,0
2026-05-04T21:06:45,Club,singles,player,serve_lob,opponent,Faute filet,7,6.27,player,drop,17,12,1,0
2026-05-04T21:06:49,Club,singles,opponent,serve_short,opponent,Faute dehors,2,2.77,player,lob,17,13,1,0
2026-05-04T21:06:57,Club,singles,opponent,serve_short,opponent,Faute filet,8,6.38,player,smash,17,14,1,0
2026-05-04T21:07:01,Club,singles,opponent,serve_short,opponent,Point,3,3.31,opponent,smash,17,15,1,0
2026-05-04T21:07:23,Club,singles,opponent,serve_lob,opponent,Faute dehors,20,20.75,player,drop,17,16,1,0
2026-05-04T21:07:28,Club,singles,opponent,serve_short,opponent,Faute dehors,4,3.71,player,drop,17,17,1,0
2026-05-04T21:07:32,Club,singles,opponent,serve_short,player,Point,2,2.20,player,drive,17,18,1,0
2026-05-04T21:07:48,Club,singles,player,serve_drive,player,Point,15,15.31,player,drop,18,18,1,0
2026-05-04T21:07:57,Club,singles,player,serve_short,player,Faute dehors,6,7.72,opponent,lob,19,18,1,0
2026-05-04T21:08:03,Club,singles,player,serve_short,opponent,Faute filet,7,5.31,player,drop,20,18,1,0
2026-05-04T21:08:08,Club,singles,opponent,serve_lob,player,Faute dehors,3,4.18,opponent,smash,20,19,1,0
2026-05-04T21:10:36,Club,singles,player,serve_lob,player,Point,3,3.76,player,smash,0,0,0,0
2026-05-04T21:10:45,Club,singles,player,serve_drive,opponent,Point,6,7.25,opponent,smash,1,0,0,0
2026-05-04T21:10:50,Club,singles,opponent,serve_lob,opponent,Faute dehors,2,3.61,player,lob,1,1,0,0
2026-05-04T21:10:56,Club,singles,opponent,serve_drive,player,Point,2,5.03,player,drop,1,2,0,0
2026-05-04T21:22:09,Club,singles,player,serve_short,opponent,Faute filet,3,2.18,player,drop,0,0,0,0
2026-05-04T21:22:21,Club,singles,opponent,serve_short,opponent,Faute filet,12,10.47,player,drop,0,1,0,0
2026-05-04T21:22:37,Club,singles,opponent,serve_drive,opponent,Faute filet,16,14.86,player,smash,0,2,0,0
2026-05-04T21:22:40,Club,singles,opponent,serve_lob,opponent,Faute filet,2,2.41,player,drop,0,3,0,0
2026-05-04T21:22:53,Club,singles,opponent,serve_short,opponent,Faute filet,12,10.98,player,smash,0,4,0,0
2026-05-04T21:22:55,Club,singles,opponent,serve_short,player,Faute service,1,0.64,opponent,serve_short,0,5,0,0
2026-05-04T21:22:59,Club,singles,player,serve_drive,player,Faute filet,4,3.97,opponent,drop,1,5,0,0
2026-05-04T21:23:08,Club,singles,player,serve_short,opponent,Faute dehors,7,7.40,player,smash,2,5,0,0
2026-05-04T21:23:12,Club,singles,opponent,serve_short,player,Faute dehors,3,2.59,opponent,smash,2,6,0,0
2026-05-04T21:23:17,Club,singles,player,serve_short,player,Faute dehors,4,4.20,opponent,smash,3,6,0,0
2026-05-04T21:23:26,Club,singles,player,serve_short,opponent,Faute dehors,7,8.05,player,lob,4,6,0,0
2026-05-04T21:23:34,Club,singles,opponent,serve_short,opponent,Faute dehors,6,6.54,player,lob,4,7,0,0
2026-05-04T21:23:39,Club,singles,opponent,serve_short,player,Faute dehors,3,3.71,opponent,lob,4,8,0,0
2026-05-04T21:23:43,Club,singles,player,serve_short,opponent,Faute filet,5,3.39,player,drop,5,8,0,0
2026-05-04T21:23:50,Club,singles,opponent,serve_lob,opponent,Faute dehors,4,5.75,player,drop,5,9,0,0
2026-05-04T21:23:56,Club,singles,opponent,serve_drive,player,Faute filet,5,4.57,opponent,smash,5,10,0,0
2026-05-04T21:24:00,Club,singles,player,serve_short,opponent,Faute dehors,3,3.13,player,smash,6,10,0,0
2026-05-04T21:24:08,Club,singles,opponent,serve_drive,opponent,Faute filet,8,7.25,player,smash,6,11,0,0
2026-05-04T21:24:22,Club,singles,opponent,serve_short,opponent,Faute dehors,12,12.21,player,smash,6,12,0,0
2026-05-04T21:24:27,Club,singles,opponent,serve_short,player,Point,4,3.93,player,smash,6,13,0,0
2026-05-04T21:24:31,Club,singles,player,serve_lob,player,Faute dehors,2,2.87,opponent,smash,7,13,0,0
2026-05-04T21:24:35,Club,singles,player,serve_lob,player,Faute dehors,2,2.91,opponent,smash,8,13,0,0
2026-05-04T21:24:41,Club,singles,player,serve_lob,opponent,Faute dehors,5,5.74,player,smash,9,13,0,0
2026-05-04T21:24:53,Club,singles,opponent,serve_short,opponent,Point,13,10.62,opponent,smash,9,14,0,0
2026-05-04T21:24:58,Club,singles,opponent,serve_short,opponent,Faute dehors,4,4.07,player,lob,9,15,0,0
2026-05-04T21:25:02,Club,singles,opponent,serve_short,player,Faute filet,3,1.90,opponent,drop,9,16,0,0
2026-05-04T21:25:04,Club,singles,player,serve_short,player,Faute filet,2,1.34,opponent,drop,10,16,0,0
2026-05-04T21:25:13,Club,singles,player,serve_short,opponent,Faute filet,9,7.81,player,drop,11,16,0,0
2026-05-04T21:25:36,Club,singles,opponent,serve_short,player,Faute filet,23,22.26,opponent,drop,11,17,0,0
2026-05-04T21:25:41,Club,singles,player,serve_short,opponent,Faute filet,5,3.72,player,smash,12,17,0,0
2026-05-04T21:26:12,Elite,singles,opponent,serve_short,player,Point,30,30.38,player,smash,12,18,0,0
2026-05-04T21:26:30,Elite,singles,player,serve_lob,opponent,Faute dehors,15,16.50,player,lob,13,18,0,0
2026-05-04T21:26:49,Elite,singles,opponent,serve_short,opponent,Faute dehors,18,17.62,player,lob,13,19,0,0
2026-05-04T21:26:55,Elite,singles,opponent,serve_lob,opponent,Faute dehors,4,5.36,player,drop,13,20,0,0
2026-05-04T21:41:49,Club,singles,opponent,serve_drive,opponent,Point,3,3.01,opponent,smash,0,0,0,1
2026-05-04T21:41:51,Club,singles,opponent,serve_drive,opponent,Faute filet,2,1.44,player,drop,0,1,0,1
2026-05-04T21:42:04,Club,singles,opponent,serve_short,opponent,Faute dehors,12,11.63,player,lob,0,2,0,1
2026-05-04T21:42:06,Club,singles,opponent,serve_short,player,Faute service,1,0.62,opponent,serve_short,0,3,0,1
2026-05-04T21:42:09,Club,singles,player,serve_short,player,Faute dehors,2,2.15,opponent,drive,1,3,0,1
2026-05-04T21:42:21,Club,singles,player,serve_lob,player,Point,9,10.44,player,smash,2,3,0,1
2026-05-04T21:42:26,Club,singles,player,serve_short,player,Faute dehors,4,4.14,opponent,smash,3,3,0,1
2026-05-04T21:42:41,Club,singles,player,serve_lob,player,Faute dehors,14,13.72,opponent,lob,4,3,0,1
2026-05-04T21:42:51,Club,singles,player,serve_lob,opponent,Point,10,9.69,opponent,smash,5,3,0,1
2026-05-04T21:43:04,Club,singles,opponent,serve_lob,player,Point,12,11.96,player,lob,5,4,0,1
2026-05-04T21:43:08,Club,singles,player,serve_drive,player,Faute filet,4,2.49,opponent,drop,6,4,0,1
2026-05-04T21:43:14,Club,singles,player,serve_short,player,Point,5,5.41,player,smash,7,4,0,1
2026-05-04T21:43:31,Club,singles,player,serve_lob,opponent,Point,16,15.23,opponent,smash,8,4,0,1
2026-05-04T21:43:35,Club,singles,opponent,serve_lob,player,Point,2,2.82,player,smash,8,5,0,1
2026-05-04T21:43:38,Club,singles,player,serve_lob,opponent,Point,2,2.87,opponent,smash,9,5,0,1
2026-05-04T21:43:50,Club,singles,opponent,serve_short,opponent,Point,11,10.82,opponent,smash,9,6,0,1
2026-05-04T21:43:56,Club,singles,opponent,serve_lob,player,Point,4,4.02,player,smash,9,7,0,1
2026-05-04T21:44:10,Club,singles,player,serve_drive,player,Point,13,13.24,player,drop,10,7,0,1
2026-05-04T21:44:13,Club,singles,player,serve_short,opponent,Faute service,1,1.65,player,serve_short,11,7,0,1
2026-05-04T21:45:02,Club,singles,player,serve_short,opponent,Faute dehors,3,3.45,player,smash,0,0,0,0
2026-05-04T21:50:57,Club,singles,player,serve_short,player,Faute dehors,2,2.16,opponent,drive,0,0,0,0
2026-05-04T21:51:05,Club,singles,player,serve_short,player,Faute dehors,6,7.01,opponent,drop,1,0,0,0
2026-05-04T21:51:13,Club,singles,player,serve_short,opponent,Faute dehors,7,6.60,player,smash,2,0,0,0
2026-05-04T21:51:19,Club,singles,opponent,serve_short,player,Point,6,5.07,player,smash,2,1,0,0
2026-05-04T21:51:31,Club,singles,player,serve_lob,player,Point,9,10.51,player,drop,3,1,0,0
2026-05-04T21:51:40,Club,singles,player,serve_short,opponent,Faute filet,9,8.07,player,drop,4,1,0,0
2026-05-04T21:51:46,Club,singles,opponent,serve_short,opponent,Faute dehors,4,4.93,player,drop,4,2,0,0
2026-05-04T21:51:54,Club,singles,opponent,serve_lob,player,Point,6,6.34,player,smash,4,3,0,0
2026-05-04T21:52:03,Club,singles,player,serve_short,player,Point,9,8.59,player,smash,5,3,0,0
2026-05-04T21:52:05,Club,singles,player,serve_drive,opponent,Faute service,1,0.52,player,serve_drive,6,3,0,0
2026-05-04T21:52:09,Club,singles,opponent,serve_short,opponent,Faute dehors,2,2.78,player,lob,6,4,0,0
2026-05-04T21:52:12,Club,singles,opponent,serve_drive,player,Faute filet,3,2.49,opponent,smash,6,5,0,0
2026-05-04T21:52:27,Club,singles,player,serve_lob,player,Faute filet,14,13.99,opponent,smash,7,5,0,0
2026-05-04T21:52:34,Club,singles,player,serve_short,player,Faute filet,8,6.13,opponent,smash,8,5,0,0
2026-05-04T21:52:40,Club,singles,player,serve_short,opponent,Faute filet,5,4.64,player,smash,9,5,0,0
2026-05-04T21:52:45,Club,singles,opponent,serve_lob,player,Faute dehors,3,4.14,opponent,smash,9,6,0,0
2026-05-04T21:52:58,Club,singles,player,serve_drive,player,Faute filet,12,11.97,opponent,drop,10,6,0,0
2026-05-04T21:53:05,Club,singles,player,serve_short,opponent,Point,6,5.86,opponent,smash,11,6,0,0
2026-05-04T21:53:13,Club,singles,opponent,serve_short,opponent,Point,7,7.00,opponent,smash,11,7,0,0
2026-05-04T21:53:29,Club,singles,opponent,serve_drive,opponent,Faute dehors,16,14.53,player,smash,11,8,0,0
2026-05-04T21:53:38,Club,singles,opponent,serve_drive,opponent,Point,7,7.28,opponent,smash,11,9,0,0
2026-05-04T21:53:45,Club,singles,opponent,serve_short,player,Faute filet,7,6.54,opponent,drop,11,10,0,0
2026-05-04T21:54:06,Club,singles,player,serve_short,player,Faute dehors,18,19.25,opponent,lob,12,10,0,0
2026-05-04T21:54:21,Club,singles,player,serve_short,player,Point,15,14.11,player,lob,13,10,0,0
2026-05-04T21:54:30,Club,singles,player,serve_lob,opponent,Faute dehors,7,8.20,player,lob,14,10,0,0
2026-05-04T21:54:36,Club,singles,opponent,serve_short,player,Faute dehors,5,4.76,opponent,drop,14,11,0,0
2026-05-04T21:54:43,Club,singles,player,serve_drive,opponent,Point,6,5.71,opponent,smash,15,11,0,0
2026-05-04T21:54:49,Club,singles,opponent,serve_lob,player,Faute dehors,3,4.86,opponent,lob,15,12,0,0
2026-05-04T21:54:54,Club,singles,player,serve_short,player,Faute dehors,4,3.96,opponent,drop,16,12,0,0
2026-05-04T21:55:02,Club,singles,player,serve_short,opponent,Point,8,7.30,opponent,smash,17,12,0,0
2026-05-04T21:55:04,Club,singles,opponent,serve_drive,player,Faute service,1,0.53,opponent,serve_drive,17,13,0,0
2026-05-04T21:55:16,Club,singles,player,serve_drive,player,Faute dehors,12,11.69,opponent,smash,18,13,0,0
2026-05-04T21:55:22,Club,singles,player,serve_drive,player,Faute filet,6,4.79,opponent,drop,19,13,0,0
2026-05-04T21:55:29,Club,singles,player,serve_short,opponent,Faute dehors,5,5.46,player,drop,20,13,0,0
2026-05-04T21:55:34,Club,singles,opponent,serve_short,player,Faute filet,5,3.76,opponent,drop,20,14,0,0
2026-05-04T21:57:09,Club,singles,player,serve_short,opponent,Point,4,3.17,opponent,smash,0,0,0,0
2026-05-04T21:57:14,Club,singles,opponent,serve_drive,player,Faute filet,5,4.03,opponent,drop,0,1,0,0
2026-05-04T21:59:17,Club,singles,player,serve_short,opponent,Faute dehors,5,5.10,player,smash,0,0,0,0
2026-05-04T21:59:36,Club,singles,opponent,serve_drive,player,Point,18,17.91,player,drop,0,1,0,0
2026-05-04T21:59:40,Club,singles,player,serve_short,player,Point,3,3.29,player,smash,1,1,0,0
2026-05-04T21:59:45,Club,singles,player,serve_short,opponent,Faute dehors,3,3.66,player,drop,2,1,0,0
2026-05-04T21:59:50,Club,singles,opponent,serve_lob,opponent,Point,3,4.18,opponent,smash,2,2,0,0
2026-05-04T22:00:00,Club,singles,opponent,serve_drive,player,Point,8,8.48,player,drop,2,3,0,0
2026-05-04T22:00:07,Club,singles,player,serve_drive,opponent,Faute dehors,5,5.98,player,lob,3,3,0,0
2026-05-04T22:00:15,Club,singles,opponent,serve_lob,player,Faute dehors,5,6.36,opponent,smash,3,4,0,0
2026-05-04T22:00:21,Club,singles,player,serve_lob,player,Point,5,5.13,player,drop,4,4,0,0
2026-05-04T22:01:24,Club,singles,player,serve_short,player,Faute dehors,12,12.81,opponent,lob,0,0,0,0
2026-05-04T22:01:34,Club,singles,player,serve_short,opponent,Faute dehors,9,8.93,player,drop,1,0,0,0
2026-05-04T22:01:40,Club,singles,opponent,serve_lob,player,Point,4,4.49,player,smash,1,1,0,0
2026-05-04T22:01:43,Club,singles,player,serve_lob,opponent,Point,2,2.89,opponent,smash,2,1,0,0
2026-05-04T22:01:55,Club,singles,opponent,serve_short,player,Faute filet,11,10.43,opponent,drop,2,2,0,0
2026-05-04T22:02:08,Club,singles,player,serve_short,player,Point,13,12.07,player,smash,3,2,0,0
2026-05-04T22:03:27,Club,singles,player,serve_lob,opponent,Point,2,2.92,opponent,smash,0,0,0,0
2026-05-04T22:03:34,Club,singles,opponent,serve_short,player,Faute filet,7,5.43,opponent,drop,0,1,0,0
2026-05-04T22:03:36,Club,singles,player,serve_short,player,Faute filet,2,1.32,opponent,drop,1,1,0,0
2026-05-04T22:03:45,Club,singles,player,serve_short,player,Faute filet,8,7.27,opponent,drop,2,1,0,0
2026-05-04T22:03:46,Club,singles,player,serve_short,opponent,Faute service,1,0.60,player,serve_short,3,1,0,0
2026-05-04T22:03:51,Club,singles,opponent,serve_drive,opponent,Faute filet,4,3.94,player,drop,3,2,0,0
2026-05-04T22:04:01,Club,singles,opponent,serve_short,player,Faute filet,9,8.91,opponent,smash,3,3,0,0
2026-05-04T22:04:09,Club,singles,player,serve_short,player,Faute dehors,6,6.44,opponent,drop,4,3,0,0
2026-05-04T22:04:14,Club,singles,player,serve_lob,opponent,Point,2,3.24,opponent,drop,5,3,0,0
2026-05-04T22:04:22,Club,singles,opponent,serve_short,opponent,Point,7,5.88,opponent,smash,5,4,0,0
2026-05-04T22:04:26,Club,singles,opponent,serve_lob,opponent,Point,3,3.18,opponent,smash,5,5,0,0
2026-05-04T22:04:32,Club,singles,opponent,serve_drive,player,Faute dehors,5,4.83,opponent,smash,5,6,0,0
2026-05-04T22:04:36,Club,singles,player,serve_short,opponent,Faute dehors,3,2.92,player,smash,6,6,0,0
2026-05-04T22:04:43,Club,singles,opponent,serve_lob,opponent,Faute filet,6,6.16,player,drop,6,7,0,0
2026-05-04T22:04:49,Club,singles,opponent,serve_short,player,Point,4,4.08,player,smash,6,8,0,0
2026-05-04T22:04:52,Club,singles,player,serve_short,opponent,Faute filet,3,2.52,player,drop,7,8,0,0
2026-05-04T22:04:56,Club,singles,opponent,serve_short,opponent,Faute filet,2,1.77,player,drop,7,9,0,0
2026-05-04T22:05:00,Club,singles,opponent,serve_short,opponent,Point,3,3.63,opponent,drop,7,10,0,0
2026-05-04T22:05:06,Club,singles,opponent,serve_drive,player,Point,4,4.53,player,smash,7,11,0,0
2026-05-04T22:05:18,Club,singles,player,serve_short,opponent,Faute dehors,11,8.91,player,smash,8,11,0,0
2026-05-04T22:05:23,Club,singles,opponent,serve_lob,player,Faute filet,5,3.91,opponent,drop,8,12,0,0
2026-05-04T22:24:16,Club,singles,player,serve_short,opponent,Faute dehors,3,4.02,player,lob,0,0,0,0
2026-05-04T22:24:29,Club,singles,opponent,serve_short,opponent,Faute dehors,12,11.87,player,lob,0,1,0,0
2026-05-04T22:28:39,Club,singles,player,serve_short,player,Point,23,22.67,player,drop,0,0,0,0
2026-05-04T22:28:42,Club,singles,player,serve_short,opponent,Faute filet,3,2.37,player,smash,1,0,0,0
2026-05-04T22:28:51,Club,singles,opponent,serve_lob,opponent,Faute dehors,8,7.93,player,smash,1,1,0,0
2026-05-04T22:28:55,Club,singles,opponent,serve_lob,opponent,Faute filet,2,2.45,player,drop,1,2,0,0
2026-05-04T22:29:01,Club,singles,opponent,serve_lob,opponent,Faute dehors,4,4.70,player,smash,1,3,0,0
2026-05-04T22:29:16,Club,singles,opponent,serve_lob,player,Faute dehors,13,13.62,opponent,drop,1,4,0,0
2026-05-04T22:29:20,Club,singles,player,serve_short,player,Faute dehors,2,2.75,opponent,lob,2,4,0,0
2026-05-04T22:29:23,Club,singles,player,serve_short,opponent,Faute dehors,3,2.92,player,drop,3,4,0,0
2026-05-04T22:29:38,Club,singles,opponent,serve_short,player,Faute filet,13,13.33,opponent,drop,3,5,0,0
2026-05-04T22:29:42,Club,singles,player,serve_lob,player,Faute dehors,2,2.87,opponent,smash,4,5,0,0
2026-05-04T22:29:45,Club,singles,player,serve_short,player,Faute dehors,2,2.14,opponent,drive,5,5,0,0
2026-05-04T22:29:55,Club,singles,player,serve_short,opponent,Faute filet,11,9.44,player,drop,6,5,0,0
2026-05-04T22:30:07,Club,singles,opponent,serve_short,player,Faute dehors,11,10.02,opponent,smash,6,6,0,0
2026-05-04T22:30:10,Club,singles,player,serve_drive,opponent,Faute filet,3,1.82,player,smash,7,6,0,0
2026-05-04T22:30:13,Club,singles,opponent,serve_drive,player,Faute filet,3,2.07,opponent,drop,7,7,0,0
2026-05-04T22:30:17,Club,singles,player,serve_short,player,Faute filet,4,3.27,opponent,drop,8,7,0,0
2026-05-04T22:30:21,Club,singles,player,serve_lob,opponent,Point,2,2.89,opponent,smash,9,7,0,0
2026-05-04T22:30:24,Club,singles,opponent,serve_short,opponent,Faute dehors,2,2.14,player,drive,9,8,0,0
2026-05-04T22:30:28,Club,singles,opponent,serve_lob,player,Point,2,2.94,player,smash,9,9,0,0
2026-05-04T22:30:32,Club,singles,player,serve_short,opponent,Faute dehors,3,2.60,player,smash,10,9,0,0
2026-05-04T22:31:10,Club,singles,player,serve_short,player,Faute filet,6,5.88,opponent,smash,0,0,0,0
2026-05-04T22:31:16,Club,singles,player,serve_short,opponent,Faute filet,5,4.69,player,drop,1,0,0,0
2026-05-04T22:31:20,Club,singles,opponent,serve_short,opponent,Faute filet,4,3.09,player,smash,1,1,0,0
2026-05-04T22:31:34,Club,singles,opponent,serve_short,player,Faute filet,13,12.64,opponent,smash,1,2,0,0
2026-05-04T22:31:51,Club,singles,player,serve_short,opponent,Point,18,15.75,opponent,smash,2,2,0,0
2026-05-04T22:31:54,Club,singles,opponent,serve_lob,opponent,Faute filet,2,2.19,player,smash,2,3,0,0
2026-05-04T22:31:58,Club,singles,opponent,serve_short,player,Faute dehors,3,2.92,opponent,smash,2,4,0,0
2026-05-04T22:32:08,Club,singles,player,serve_short,opponent,Faute dehors,9,8.72,player,lob,3,4,0,0
2026-05-04T22:32:13,Club,singles,opponent,serve_short,opponent,Faute dehors,4,3.59,player,drop,3,5,0,0
2026-05-04T22:32:18,Club,singles,opponent,serve_lob,player,Faute dehors,3,3.79,opponent,smash,3,6,0,0
2026-05-04T22:32:24,Club,singles,player,serve_drive,player,Point,5,5.01,player,lob,4,6,0,0
2026-05-04T22:32:42,Club,singles,player,serve_short,opponent,Faute dehors,15,16.54,player,drop,5,6,0,0
2026-05-04T22:32:48,Club,singles,opponent,serve_short,opponent,Point,5,4.84,opponent,smash,5,7,0,0
2026-05-04T22:32:52,Club,singles,opponent,serve_short,player,Point,4,3.01,player,smash,5,8,0,0
2026-05-04T22:32:59,Club,singles,player,serve_drive,opponent,Faute filet,7,6.41,player,drop,6,8,0,0
2026-05-04T22:33:04,Club,singles,opponent,serve_short,opponent,Point,3,3.32,opponent,smash,6,9,0,0
2026-05-04T22:33:06,Club,singles,opponent,serve_short,player,Faute service,1,0.60,opponent,serve_short,6,10,0,0
2026-05-04T22:33:14,Club,singles,player,serve_short,player,Faute filet,8,7.36,opponent,drop,7,10,0,0
2026-05-04T22:33:33,Club,singles,player,serve_short,opponent,Faute dehors,19,18.55,player,drop,8,10,0,0
2026-05-04T22:33:44,Club,singles,opponent,serve_lob,player,Faute dehors,9,9.29,opponent,drop,8,11,0,0
2026-05-04T22:33:48,Club,singles,player,serve_drive,player,Point,3,2.83,player,smash,9,11,0,0
2026-05-04T22:33:52,Club,singles,player,serve_lob,opponent,Point,2,2.88,opponent,smash,10,11,0,0
2026-05-04T22:33:56,Club,singles,opponent,serve_short,player,Faute dehors,3,3.32,opponent,smash,10,12,0,0
2026-05-04T22:34:03,Club,singles,player,serve_lob,opponent,Faute dehors,5,5.80,player,smash,11,12,0,0
2026-05-04T22:34:21,Club,singles,opponent,serve_short,opponent,Faute dehors,16,16.61,player,lob,11,13,0,0
2026-05-04T22:34:29,Club,singles,opponent,serve_lob,player,Faute dehors,7,7.37,opponent,lob,11,14,0,0
2026-05-04T22:34:41,Club,singles,player,serve_drive,opponent,Faute dehors,13,11.07,player,drop,12,14,0,0
2026-05-04T22:34:50,Club,singles,opponent,serve_lob,opponent,Faute dehors,6,7.05,player,smash,12,15,0,0
2026-05-04T22:35:10,Club,singles,opponent,serve_lob,player,Faute dehors,17,19.10,opponent,drop,12,16,0,0
2026-05-04T22:35:13,Club,singles,player,serve_short,opponent,Faute filet,3,1.99,player,drop,13,16,0,0
2026-05-04T22:35:16,Club,singles,opponent,serve_drive,player,Faute service,1,1.57,opponent,serve_drive,13,17,0,0
2026-05-04T22:35:20,Club,singles,player,serve_short,opponent,Point,4,3.25,opponent,smash,14,17,0,0
2026-05-04T22:35:28,Club,singles,opponent,serve_short,player,Faute filet,7,6.95,opponent,drop,14,18,0,0
2026-05-04T22:35:35,Club,singles,player,serve_drive,player,Faute filet,6,5.75,opponent,smash,15,18,0,0
2026-05-04T22:35:40,Club,singles,player,serve_lob,player,Point,3,4.17,player,smash,16,18,0,0
2026-05-04T22:35:47,Club,singles,player,serve_lob,opponent,Faute dehors,5,6.17,player,smash,17,18,0,0
2026-05-04T22:35:54,Club,singles,opponent,serve_lob,opponent,Faute dehors,4,4.98,player,smash,17,19,0,0
2026-05-04T22:35:58,Club,singles,opponent,serve_short,opponent,Point,3,3.34,opponent,smash,17,20,0,0
2026-05-04T22:45:48,Club,singles,player,serve_lob,player,Faute dehors,2,2.88,opponent,smash,0,0,0,0
2026-05-04T22:45:51,Club,singles,player,serve_short,opponent,Faute service,1,1.68,player,serve_short,1,0,0,0
2026-05-04T22:46:04,Club,singles,opponent,serve_lob,opponent,Faute dehors,10,11.38,player,smash,1,1,0,0
2026-05-04T22:46:37,Club,singles,opponent,serve_short,opponent,Faute filet,34,31.77,player,smash,1,2,0,0
2026-05-04T22:46:45,Club,singles,opponent,serve_short,opponent,Point,7,6.59,opponent,smash,1,3,0,0
2026-05-04T22:46:56,Club,singles,opponent,serve_short,opponent,Faute dehors,10,9.47,player,lob,1,4,0,0
2026-05-04T22:47:04,Club,singles,opponent,serve_drive,opponent,Point,5,5.70,opponent,smash,1,5,0,0
2026-05-04T22:47:11,Club,singles,opponent,serve_lob,player,Faute dehors,5,5.77,opponent,smash,1,6,0,0
2026-05-04T22:47:19,Club,singles,player,serve_lob,opponent,Faute filet,7,7.23,player,smash,2,6,0,0
2026-05-04T22:47:26,Club,singles,opponent,serve_short,player,Faute filet,7,5.83,opponent,drop,2,7,0,0
2026-05-04T22:47:31,Club,singles,player,serve_short,player,Point,5,4.40,player,smash,3,7,0,0
2026-05-04T22:47:39,Club,singles,player,serve_short,opponent,Point,6,6.55,opponent,smash,4,7,0,0
2026-05-04T22:47:42,Club,singles,opponent,serve_short,player,Point,2,2.24,player,drop,4,8,0,0
2026-05-04T22:47:46,Club,singles,player,serve_short,player,Faute filet,4,2.45,opponent,drop,5,8,0,0
2026-05-04T22:47:52,Club,singles,player,serve_lob,player,Faute dehors,4,5.61,opponent,lob,6,8,0,0
2026-05-04T22:47:58,Club,singles,player,serve_lob,opponent,Point,4,4.53,opponent,smash,7,8,0,0
2026-05-04T22:48:07,Club,singles,opponent,serve_lob,opponent,Faute dehors,8,8.39,player,smash,7,9,0,0
2026-05-04T22:48:10,Club,singles,opponent,serve_drive,player,Faute service,1,1.59,opponent,serve_drive,7,10,0,0
2026-05-04T22:48:15,Club,singles,player,serve_short,opponent,Faute dehors,3,3.29,player,smash,8,10,0,0
2026-05-04T22:48:20,Club,singles,opponent,serve_short,player,Faute filet,5,4.48,opponent,smash,8,11,0,0
2026-05-04T22:48:29,Club,singles,player,serve_short,opponent,Faute filet,9,8.05,player,drop,9,11,0,0
2026-05-04T22:48:42,Club,singles,opponent,serve_lob,opponent,Faute dehors,10,11.74,player,lob,9,12,0,0
2026-05-04T22:48:53,Club,singles,opponent,serve_short,opponent,Faute filet,10,9.09,player,smash,9,13,0,0
2026-05-04T22:48:56,Club,singles,opponent,serve_short,player,Faute filet,3,2.50,opponent,smash,9,14,0,0
2026-05-04T22:49:11,Club,singles,player,serve_short,opponent,Faute filet,17,14.21,player,smash,10,14,0,0
2026-05-04T22:49:16,Club,singles,opponent,serve_drive,player,Faute dehors,3,3.28,opponent,smash,10,15,0,0
2026-05-04T22:49:24,Club,singles,player,serve_short,opponent,Faute dehors,7,7.17,player,smash,11,15,0,0
2026-05-04T22:49:59,Club,singles,player,serve_short,opponent,Point,4,3.79,opponent,smash,0,0,0,0
2026-05-04T22:50:05,Club,singles,opponent,serve_short,opponent,Faute dehors,4,4.92,player,lob,0,1,0,0
2026-05-04T22:50:11,Club,singles,opponent,serve_lob,player,Point,4,5.04,player,drop,0,2,0,0
2026-05-04T22:50:20,Club,singles,player,serve_short,player,Faute dehors,8,8.45,opponent,smash,1,2,0,0
2026-05-04T22:50:25,Club,singles,player,serve_short,opponent,Faute dehors,3,3.33,player,lob,2,2,0,0
2026-05-04T22:50:29,Club,singles,opponent,serve_short,opponent,Faute filet,4,2.86,player,lob,2,3,0,0
2026-05-04T22:50:34,Club,singles,opponent,serve_lob,opponent,Faute filet,4,3.54,player,drop,2,4,0,0
2026-05-04T22:50:37,Club,singles,opponent,serve_short,player,Point,2,2.12,player,drive,2,5,0,0
2026-05-04T22:50:43,Club,singles,player,serve_drive,player,Faute filet,6,5.26,opponent,drop,3,5,0,0
2026-05-04T22:50:56,Club,singles,player,serve_short,opponent,Faute dehors,13,12.22,player,smash,4,5,0,0
2026-05-04T22:51:00,Club,singles,opponent,serve_short,player,Point,2,2.17,player,drive,4,6,0,0
2026-05-04T22:51:13,Club,singles,player,serve_short,player,Faute filet,12,12.24,opponent,drop,5,6,0,0
2026-05-04T22:51:22,Club,singles,player,serve_lob,player,Point,7,8.22,player,smash,6,6,0,0
2026-05-04T22:51:26,Club,singles,player,serve_lob,opponent,Point,2,2.86,opponent,smash,7,6,0,0
2026-05-04T22:51:30,Club,singles,opponent,serve_lob,opponent,Faute dehors,2,2.87,player,smash,7,7,0,0
2026-05-04T22:51:35,Club,singles,opponent,serve_short,opponent,Point,5,4.01,opponent,smash,7,8,0,0
2026-05-04T22:51:39,Club,singles,opponent,serve_lob,opponent,Faute dehors,2,2.91,player,smash,7,9,0,0
2026-05-04T22:51:44,Club,singles,opponent,serve_short,opponent,Faute filet,4,3.39,player,smash,7,10,0,0
2026-05-04T22:51:53,Club,singles,opponent,serve_short,player,Point,8,7.53,player,drop,7,11,0,0
2026-05-04T22:52:02,Club,singles,player,serve_short,player,Point,7,8.13,player,smash,8,11,0,0
2026-05-04T22:52:12,Club,singles,player,serve_lob,player,Point,7,9.10,player,smash,9,11,0,0
2026-05-04T22:52:15,Club,singles,player,serve_short,opponent,Faute filet,3,1.98,player,drop,10,11,0,0
2026-05-04T22:52:19,Club,singles,opponent,serve_short,player,Faute dehors,3,3.18,opponent,smash,10,12,0,0
2026-05-04T22:52:28,Club,singles,player,serve_drive,opponent,Point,8,7.63,opponent,smash,11,12,0,0
2026-05-04T22:52:43,Club,singles,opponent,serve_drive,player,Point,16,13.97,player,smash,11,13,0,0
2026-05-04T22:52:55,Club,singles,player,serve_lob,opponent,Faute filet,11,11.06,player,smash,12,13,0,0
2026-05-04T22:53:10,Club,singles,opponent,serve_short,opponent,Faute dehors,14,13.66,player,smash,12,14,0,0
2026-05-04T22:53:14,Club,singles,opponent,serve_lob,player,Point,2,2.87,player,smash,12,15,0,0
2026-05-04T22:57:39,Club,singles,player,serve_short,player,Faute dehors,14,14.55,opponent,smash,0,0,0,0
2026-05-04T22:57:52,Club,singles,player,serve_short,opponent,Point,12,11.75,opponent,smash,1,0,0,0
2026-05-04T22:57:59,Club,singles,opponent,serve_short,player,Point,8,6.41,player,smash,1,1,0,0
2026-05-04T22:58:09,Club,singles,player,serve_short,opponent,Faute dehors,9,8.15,player,smash,2,1,0,0
2026-05-04T22:58:14,Club,singles,opponent,serve_lob,opponent,Faute filet,4,3.97,player,drop,2,2,0,0
2026-05-04T22:58:24,Club,singles,opponent,serve_drive,player,Point,8,9.00,player,smash,2,3,0,0
2026-05-04T22:58:29,Club,singles,player,serve_short,opponent,Point,4,4.25,opponent,smash,3,3,0,0
2026-05-04T22:58:36,Club,singles,opponent,serve_drive,player,Point,6,6.01,player,drop,3,4,0,0
2026-05-04T22:58:42,Club,singles,player,serve_drive,opponent,Faute dehors,3,4.02,player,lob,4,4,0,0
2026-05-04T22:58:48,Club,singles,opponent,serve_short,opponent,Point,5,5.77,opponent,smash,4,5,0,0
2026-05-04T22:58:51,Club,singles,opponent,serve_short,opponent,Faute filet,2,1.27,player,drop,4,6,0,0
2026-05-04T22:58:57,Club,singles,opponent,serve_short,player,Faute dehors,5,4.61,opponent,smash,4,7,0,0
2026-05-04T22:58:59,Club,singles,player,serve_short,player,Faute filet,2,1.20,opponent,drive,5,7,0,0
2026-05-04T22:59:06,Club,singles,player,serve_short,opponent,Point,6,5.86,opponent,smash,6,7,0,0
2026-05-04T22:59:13,Club,singles,opponent,serve_short,player,Faute filet,7,6.11,opponent,drop,6,8,0,0
2026-05-04T22:59:15,Club,singles,player,serve_short,player,Faute filet,2,1.22,opponent,drive,7,8,0,0
2026-05-04T22:59:24,Club,singles,player,serve_lob,player,Faute dehors,6,8.10,opponent,lob,8,8,0,0
2026-05-04T22:59:27,Club,singles,player,serve_short,player,Faute filet,2,1.32,opponent,drive,9,8,0,0
2026-05-04T22:59:38,Club,singles,player,serve_short,opponent,Faute filet,11,9.95,player,drop,10,8,0,0
2026-05-04T22:59:48,Club,singles,opponent,serve_short,player,Faute dehors,9,8.76,opponent,smash,10,9,0,0
2026-05-04T22:59:54,Club,singles,player,serve_lob,player,Point,5,5.18,player,smash,11,9,0,0
2026-05-04T23:00:04,Club,singles,player,serve_lob,opponent,Faute dehors,7,8.86,player,drop,12,9,0,0
2026-05-04T23:00:07,Club,singles,opponent,serve_short,player,Faute filet,3,1.85,opponent,smash,12,10,0,0
2026-05-04T23:00:11,Club,singles,player,serve_short,player,Faute filet,4,3.29,opponent,drop,13,10,0,0
2026-05-04T23:00:23,Club,singles,player,serve_short,player,Point,11,11.35,player,smash,14,10,0,0
2026-05-04T23:00:29,Club,singles,player,serve_drive,opponent,Faute filet,5,4.61,player,drop,15,10,0,0
2026-05-04T23:00:33,Club,singles,opponent,serve_short,player,Faute dehors,3,3.12,opponent,drop,15,11,0,0
2026-05-04T23:00:50,Club,singles,player,serve_lob,player,Point,15,15.47,player,drop,16,11,0,0
2026-05-04T23:01:02,Club,singles,player,serve_short,player,Point,11,11.54,player,drop,17,11,0,0
2026-05-04T23:01:07,Club,singles,player,serve_lob,player,Faute dehors,2,3.86,opponent,lob,18,11,0,0
2026-05-04T23:01:11,Club,singles,player,serve_short,player,Faute filet,4,2.90,opponent,drop,19,11,0,0
2026-05-04T23:01:13,Club,singles,player,serve_short,opponent,Faute service,1,0.47,player,serve_short,20,11,0,0
2026-05-04T23:01:19,Club,singles,opponent,serve_lob,opponent,Faute filet,6,5.30,player,drop,20,12,0,0
2026-05-04T23:01:28,Club,singles,opponent,serve_short,player,Point,8,7.83,player,lob,20,13,0,0
2026-05-04T23:12:29,Club,singles,player,serve_drive,opponent,Faute service,1,0.52,player,serve_drive,0,0,0,0
2026-05-04T23:12:34,Club,singles,opponent,serve_drive,player,Faute dehors,3,3.05,opponent,smash,0,1,0,0
2026-05-04T23:12:41,Club,singles,player,serve_short,player,Faute filet,6,5.13,opponent,smash,1,1,0,0
2026-05-04T23:12:44,Club,singles,player,serve_short,player,Faute dehors,2,2.20,opponent,drive,2,1,0,0
2026-05-04T23:12:47,Club,singles,player,serve_short,player,Faute dehors,2,2.19,opponent,drive,3,1,0,0
2026-05-04T23:12:59,Club,singles,player,serve_lob,opponent,Faute dehors,9,10.67,player,lob,4,1,0,0
2026-05-04T23:13:08,Club,singles,opponent,serve_short,player,Point,8,8.44,player,smash,4,2,0,0
2026-05-04T23:13:17,Club,singles,player,serve_short,opponent,Point,8,7.65,opponent,smash,5,2,0,0
2026-05-04T23:13:28,Club,singles,opponent,serve_lob,opponent,Point,9,10.22,opponent,smash,5,3,0,0
2026-05-04T23:13:33,Club,singles,opponent,serve_lob,player,Faute filet,3,3.36,opponent,smash,5,4,0,0
2026-05-04T23:13:39,Club,singles,player,serve_short,opponent,Faute dehors,5,4.61,player,smash,6,4,0,0
2026-05-04T23:13:45,Club,singles,opponent,serve_short,player,Faute filet,5,4.94,opponent,smash,6,5,0,0
2026-05-04T23:14:04,Club,singles,player,serve_short,player,Point,19,18.46,player,drop,7,5,0,0
2026-05-04T23:14:07,Club,singles,player,serve_drive,opponent,Faute service,1,1.62,player,serve_drive,8,5,0,0
2026-05-04T23:14:20,Club,singles,opponent,serve_lob,opponent,Faute dehors,12,11.64,player,smash,8,6,0,0
2026-05-04T23:14:26,Club,singles,opponent,serve_drive,opponent,Point,7,5.18,opponent,smash,8,7,0,0
2026-05-04T23:14:29,Club,singles,opponent,serve_short,player,Point,2,2.20,player,drive,8,8,0,0
2026-05-04T23:14:39,Club,singles,player,serve_short,player,Faute dehors,8,8.27,opponent,lob,9,8,0,0
2026-05-04T23:14:51,Club,singles,player,serve_lob,opponent,Faute dehors,11,11.32,player,drop,10,8,0,0
2026-05-04T23:14:59,Club,singles,opponent,serve_short,player,Faute filet,7,6.61,opponent,drop,10,9,0,0
2026-05-04T23:15:03,Club,singles,player,serve_lob,opponent,Point,2,2.89,opponent,smash,11,9,0,0
2026-05-04T23:15:04,Club,singles,opponent,serve_short,player,Faute service,1,0.45,opponent,serve_short,11,10,0,0
2026-05-04T23:15:16,Club,singles,player,serve_short,opponent,Faute dehors,11,10.75,player,smash,12,10,0,0
2026-05-04T23:15:22,Club,singles,opponent,serve_short,opponent,Faute dehors,4,4.21,player,smash,12,11,0,0
2026-05-04T23:15:28,Club,singles,opponent,serve_lob,opponent,Faute dehors,4,4.83,player,drop,12,12,0,0
2026-05-04T23:15:33,Club,singles,opponent,serve_lob,opponent,Faute filet,4,4.33,player,smash,12,13,0,0
2026-05-04T23:15:38,Club,singles,opponent,serve_lob,opponent,Point,3,3.75,opponent,smash,12,14,0,0
2026-05-04T23:15:45,Club,singles,opponent,serve_lob,opponent,Faute dehors,4,5.71,player,lob,12,15,0,0
2026-05-04T23:15:55,Club,singles,opponent,serve_short,opponent,Faute filet,10,8.58,player,drop,12,16,0,0
2026-05-04T23:16:00,Club,singles,opponent,serve_lob,opponent,Faute dehors,2,3.61,player,lob,12,17,0,0
2026-05-04T23:16:10,Club,singles,opponent,serve_drive,opponent,Faute dehors,8,9.30,player,lob,12,18,0,0
2026-05-04T23:16:14,Club,singles,opponent,serve_short,opponent,Faute dehors,2,2.33,player,drop,12,19,0,0
2026-05-04T23:16:19,Club,singles,opponent,serve_lob,player,Point,4,4.13,player,smash,12,20,0,0
2026-05-04T23:16:24,Club,singles,player,serve_drive,player,Faute dehors,4,3.94,opponent,smash,13,20,0,0
2026-05-04T23:16:58,Club,singles,player,serve_lob,player,Point,19,20.21,player,drop,0,0,0,0
2026-05-04T23:17:01,Club,singles,player,serve_short,opponent,Faute filet,3,2.62,player,drop,1,0,0,0
2026-05-04T23:17:09,Club,singles,opponent,serve_lob,player,Faute dehors,5,6.65,opponent,smash,1,1,0,0
2026-05-04T23:17:19,Club,singles,player,serve_short,player,Point,11,9.12,player,smash,2,1,0,0
2026-05-04T23:17:24,Club,singles,player,serve_short,opponent,Faute dehors,3,4.02,player,lob,3,1,0,0
2026-05-04T23:17:30,Club,singles,opponent,serve_lob,opponent,Point,3,4.18,opponent,smash,3,2,0,0
2026-05-04T23:17:36,Club,singles,opponent,serve_drive,opponent,Faute filet,6,5.13,player,lob,3,3,0,0
2026-05-04T23:17:38,Club,singles,opponent,serve_short,player,Faute service,1,0.62,opponent,serve_short,3,4,0,0
2026-05-04T23:17:42,Club,singles,player,serve_short,opponent,Faute filet,3,2.77,player,drop,4,4,0,0
2026-05-04T23:17:48,Club,singles,opponent,serve_drive,opponent,Faute dehors,4,4.93,player,drop,4,5,0,0
2026-05-04T23:17:50,Club,singles,opponent,serve_drive,opponent,Faute filet,2,1.16,player,drop,4,6,0,0
2026-05-04T23:17:55,Club,singles,opponent,serve_short,player,Faute dehors,3,3.24,opponent,smash,4,7,0,0
2026-05-04T23:18:05,Club,singles,player,serve_drive,player,Point,9,9.42,player,smash,5,7,0,0
2026-05-04T23:18:16,Club,singles,player,serve_short,player,Faute filet,12,10.29,opponent,drop,6,7,0,0
2026-05-04T23:18:20,Club,singles,player,serve_lob,opponent,Point,2,2.88,opponent,smash,7,7,0,0
2026-05-04T23:18:25,Club,singles,opponent,serve_short,player,Faute filet,5,3.66,opponent,drop,7,8,0,0
2026-05-04T23:18:34,Club,singles,player,serve_drive,player,Faute dehors,2,2.88,opponent,lob,0,0,0,0
2026-05-04T23:18:38,Club,singles,player,serve_short,player,Point,3,3.83,player,smash,1,0,0,0
2026-05-04T23:18:43,Club,singles,player,serve_short,opponent,Point,4,3.20,opponent,smash,2,0,0,0
2026-05-04T23:18:46,Club,singles,opponent,serve_drive,player,Faute filet,3,1.93,opponent,smash,2,1,0,0
2026-05-04T23:18:53,Club,singles,player,serve_short,opponent,Point,6,5.88,opponent,smash,3,1,0,0
2026-05-04T23:19:08,Club,singles,opponent,serve_lob,opponent,Faute filet,14,14.45,player,smash,3,2,0,0
2026-05-04T23:19:12,Club,singles,opponent,serve_short,player,Point,2,2.19,player,drive,3,3,0,0
2026-05-04T23:19:15,Club,singles,player,serve_short,player,Faute dehors,2,2.17,opponent,drive,4,3,0,0
2026-05-04T23:19:19,Club,singles,player,serve_drive,player,Faute filet,4,3.04,opponent,smash,5,3,0,0
2026-05-04T23:19:25,Club,singles,player,serve_lob,opponent,Faute dehors,5,5.51,player,drop,6,3,0,0
2026-05-04T23:19:29,Club,singles,opponent,serve_short,opponent,Faute dehors,2,2.36,player,drop,6,4,0,0
2026-05-04T23:19:42,Club,singles,opponent,serve_short,opponent,Point,11,11.33,opponent,drop,6,5,0,0
2026-05-04T23:19:57,Club,singles,opponent,serve_short,opponent,Faute dehors,14,13.91,player,lob,6,6,0,0
2026-05-04T23:20:04,Club,singles,opponent,serve_lob,player,Point,6,6.15,player,smash,6,7,0,0
2026-05-04T23:20:08,Club,singles,player,serve_short,opponent,Faute dehors,3,3.31,player,smash,7,7,0,0
2026-05-04T23:20:13,Club,singles,opponent,serve_lob,opponent,Faute dehors,2,3.63,player,lob,7,8,0,0
2026-05-04T23:20:27,Club,singles,player,serve_drive,player,Faute filet,6,5.89,opponent,drop,0,0,0,0
2026-05-04T23:20:29,Club,singles,player,serve_short,opponent,Faute service,1,0.45,player,serve_short,1,0,0,0
2026-05-04T23:20:33,Club,singles,opponent,serve_short,player,Faute filet,5,3.15,opponent,drop,1,1,0,0
2026-05-04T23:20:37,Club,singles,player,serve_short,opponent,Point,4,3.26,opponent,smash,2,1,0,0
2026-05-04T23:20:41,Club,singles,opponent,serve_short,player,Point,2,2.21,player,drive,2,2,0,0
2026-05-04T23:20:45,Club,singles,player,serve_lob,opponent,Point,2,2.88,opponent,smash,3,2,0,0
2026-05-04T23:20:48,Club,singles,opponent,serve_short,player,Faute filet,3,1.96,opponent,smash,3,3,0,0
2026-05-04T23:20:59,Club,singles,player,serve_short,player,Faute filet,12,10.35,opponent,drop,4,3,0,0
2026-05-04T23:21:02,Club,singles,player,serve_drive,opponent,Faute service,1,1.62,player,serve_drive,5,3,0,0
2026-05-04T23:21:12,Club,singles,opponent,serve_short,opponent,Point,9,9.10,opponent,smash,5,4,0,0
2026-05-04T23:21:21,Club,singles,opponent,serve_lob,player,Faute filet,7,7.16,opponent,drop,5,5,0,0
2026-05-04T23:21:24,Club,singles,player,serve_short,player,Faute dehors,2,2.12,opponent,drive,6,5,0,0
2026-05-04T23:21:27,Club,singles,player,serve_lob,player,Faute filet,2,2.17,opponent,smash,7,5,0,0
2026-05-04T23:21:32,Club,singles,player,serve_short,player,Point,5,4.35,player,drop,8,5,0,0
2026-05-04T23:21:40,Club,singles,player,serve_short,opponent,Point,6,6.34,opponent,smash,9,5,0,0
2026-05-04T23:21:44,Club,singles,opponent,serve_short,opponent,Faute filet,4,2.84,player,smash,9,6,0,0
2026-05-04T23:21:46,Club,singles,opponent,serve_short,opponent,Faute filet,2,1.23,player,drop,9,7,0,0
2026-05-04T23:22:12,Club,singles,opponent,serve_short,player,Faute dehors,21,24.86,opponent,drop,9,8,0,0
2026-05-04T23:22:14,Club,singles,player,serve_short,opponent,Faute service,1,0.62,player,serve_short,10,8,0,0
2026-05-04T23:22:24,Club,singles,opponent,serve_short,player,Faute filet,11,8.68,opponent,smash,10,9,0,0
2026-05-04T23:22:37,Club,singles,player,serve_drive,opponent,Point,12,12.40,opponent,smash,11,9,0,0
2026-05-04T23:22:43,Club,singles,opponent,serve_lob,player,Faute dehors,3,4.35,opponent,lob,11,10,0,0
2026-05-04T23:22:51,Club,singles,player,serve_short,opponent,Point,8,7.96,opponent,smash,12,10,0,0
2026-05-04T23:23:04,Club,singles,opponent,serve_short,player,Faute dehors,11,11.60,opponent,lob,12,11,0,0
2026-05-04T23:23:07,Club,singles,player,serve_lob,player,Faute filet,2,2.20,opponent,smash,13,11,0,0
2026-05-04T23:23:13,Club,singles,player,serve_short,player,Faute dehors,4,4.56,opponent,smash,14,11,0,0
2026-05-04T23:23:17,Club,singles,player,serve_short,opponent,Faute filet,3,2.79,player,drop,15,11,0,0
2026-05-04T23:23:20,Club,singles,opponent,serve_short,opponent,Faute dehors,2,2.16,player,drive,15,12,0,0
2026-05-04T23:23:26,Club,singles,opponent,serve_short,opponent,Faute dehors,4,4.46,player,lob,15,13,0,0
2026-05-04T23:23:28,Club,singles,opponent,serve_short,player,Faute service,1,0.60,opponent,serve_short,15,14,0,0
2026-05-04T23:23:32,Club,singles,player,serve_drive,player,Faute dehors,4,3.78,opponent,drop,16,14,0,0
2026-05-04T23:23:42,Club,singles,player,serve_drive,opponent,Point,10,8.52,opponent,smash,17,14,0,0
2026-05-04T23:23:47,Club,singles,opponent,serve_lob,opponent,Point,3,4.18,opponent,smash,17,15,0,0
2026-05-04T23:23:51,Club,singles,opponent,serve_lob,opponent,Faute filet,2,2.15,player,smash,17,16,0,0
2026-05-04T23:23:55,Club,singles,opponent,serve_lob,opponent,Faute dehors,2,2.86,player,smash,17,17,0,0
2026-05-04T23:24:05,Club,singles,opponent,serve_lob,opponent,Faute dehors,8,9.18,player,drop,17,18,0,0
2026-05-04T23:24:08,Club,singles,opponent,serve_short,player,Faute filet,3,1.90,opponent,drop,17,19,0,0
2026-05-04T23:24:40,Club,singles,player,serve_drive,opponent,Faute dehors,17,17.98,player,drop,0,0,0,0
2026-05-04T23:24:45,Club,singles,opponent,serve_lob,opponent,Faute dehors,2,3.76,player,lob,0,1,0,0
2026-05-04T23:24:48,Club,singles,opponent,serve_drive,player,Faute service,1,1.59,opponent,serve_drive,0,2,0,0
2026-05-04T23:33:09,Club,singles,player,serve_short,opponent,Faute dehors,3,3.31,player,smash,0,0,0,0
2026-05-04T23:37:37,Club,singles,player,serve_drive,player,Faute dehors,2,2.43,opponent,drop,0,0,0,0
2026-05-04T23:41:13,Club,singles,player,serve_drive,player,Faute dehors,20,20.84,opponent,smash,0,0,0,0
2026-05-04T23:41:24,Club,singles,player,serve_short,opponent,Faute dehors,9,10.22,player,drop,1,0,0,0
2026-05-04T23:41:30,Club,singles,opponent,serve_lob,opponent,Point,3,4.16,opponent,smash,1,1,0,0
2026-05-04T23:41:40,Club,singles,opponent,serve_short,player,Faute dehors,9,9.60,opponent,drop,1,2,0,0
2026-05-04T23:41:45,Club,singles,player,serve_short,player,Faute filet,4,3.41,opponent,smash,2,2,0,0
2026-05-04T23:41:52,Club,singles,player,serve_short,opponent,Faute filet,7,6.32,player,smash,3,2,0,0
2026-05-04T23:41:57,Club,singles,opponent,serve_short,player,Faute filet,5,3.29,opponent,drop,3,3,0,0
2026-05-04T23:42:00,Club,singles,player,serve_drive,opponent,Faute filet,3,2.49,player,smash,4,3,0,0
2026-05-04T23:42:11,Club,singles,opponent,serve_lob,opponent,Faute dehors,10,9.53,player,drop,4,4,0,0
2026-05-04T23:42:16,Club,singles,opponent,serve_lob,opponent,Faute filet,4,3.67,player,drop,4,5,0,0
2026-05-04T23:42:24,Club,singles,opponent,serve_drive,opponent,Faute dehors,6,7.00,player,drop,4,6,0,0
2026-05-04T23:42:26,Club,singles,opponent,serve_short,opponent,Faute filet,2,1.27,player,drop,4,7,0,0
2026-05-04T23:42:37,Club,singles,opponent,serve_short,player,Faute dehors,11,9.82,opponent,drop,4,8,0,0
2026-05-04T23:42:50,Club,singles,player,serve_lob,player,Point,11,11.26,player,smash,5,8,0,0
2026-05-04T23:42:58,Club,singles,player,serve_drive,player,Faute dehors,8,7.41,opponent,drop,6,8,0,0
2026-05-04T23:43:04,Club,singles,player,serve_short,opponent,Faute filet,5,4.61,player,drop,7,8,0,0
2026-05-04T23:43:07,Club,singles,opponent,serve_short,player,Faute filet,3,1.92,opponent,smash,7,9,0,0
2026-05-04T23:43:16,Club,singles,player,serve_drive,opponent,Faute dehors,7,7.81,player,lob,8,9,0,0
2026-05-04T23:43:20,Club,singles,opponent,serve_short,opponent,Faute dehors,4,3.13,player,smash,8,10,0,0
2026-05-04T23:43:24,Club,singles,opponent,serve_lob,player,Point,2,2.88,player,smash,8,11,0,0
2026-05-04T23:43:29,Club,singles,player,serve_lob,player,Faute filet,4,3.49,opponent,smash,9,11,0,0
2026-05-04T23:43:37,Club,singles,player,serve_short,player,Faute dehors,8,7.56,opponent,smash,10,11,0,0
2026-05-04T23:43:42,Club,singles,player,serve_short,opponent,Point,4,4.07,opponent,smash,11,11,0,0
2026-05-04T23:43:47,Club,singles,opponent,serve_short,opponent,Point,3,3.34,opponent,smash,11,12,0,0
2026-05-04T23:43:51,Club,singles,opponent,serve_lob,opponent,Faute dehors,2,2.86,player,smash,11,13,0,0
2026-05-04T23:43:56,Club,singles,opponent,serve_short,player,Point,4,4.43,player,smash,11,14,0,0
2026-05-04T23:43:59,Club,singles,player,serve_short,player,Faute filet,2,1.25,opponent,drop,12,14,0,0
2026-05-04T23:44:02,Club,singles,player,serve_short,opponent,Faute filet,3,1.89,player,smash,13,14,0,0
2026-05-04T23:44:20,Club,singles,player,serve_short,opponent,Faute dehors,9,9.31,player,drop,0,0,0,0
2026-05-04T23:44:24,Club,singles,opponent,serve_drive,opponent,Faute filet,4,3.01,player,drop,0,1,0,0
2026-05-04T23:49:20,Club,singles,player,serve_short,opponent,Faute filet,5,4.08,player,lob,0,0,0,0
2026-05-04T23:49:24,Club,singles,opponent,serve_short,player,Faute filet,3,2.58,opponent,drop,0,1,0,0
2026-05-04T23:49:29,Club,singles,player,serve_short,opponent,Faute dehors,3,4.01,player,lob,1,1,0,0
2026-05-04T23:49:35,Club,singles,opponent,serve_short,player,Faute filet,5,4.09,opponent,drop,1,2,0,0
2026-05-04T23:49:42,Club,singles,player,serve_lob,player,Point,5,6.70,player,smash,2,2,0,0
2026-05-04T23:49:46,Club,singles,player,serve_lob,player,Faute dehors,2,2.86,opponent,smash,3,2,0,0
2026-05-04T23:49:56,Club,singles,player,serve_drive,opponent,Faute dehors,9,9.26,player,smash,4,2,0,0
2026-05-04T23:50:05,Club,singles,opponent,serve_short,player,Point,6,7.44,player,drop,4,3,0,0
2026-05-04T23:50:32,Club,singles,player,serve_drive,player,Faute dehors,24,25.65,opponent,drop,5,3,0,0
2026-05-04T23:50:42,Club,singles,player,serve_short,opponent,Point,10,9.03,opponent,smash,6,3,0,0
2026-05-04T23:50:52,Club,singles,opponent,serve_lob,opponent,Faute filet,8,9.22,player,smash,6,4,0,0
2026-05-04T23:50:56,Club,singles,opponent,serve_lob,player,Faute filet,3,2.74,opponent,smash,6,5,0,0
2026-05-04T23:51:00,Club,singles,player,serve_lob,player,Faute dehors,2,2.90,opponent,smash,7,5,0,0
2026-05-04T23:51:19,Club,singles,player,serve_drive,opponent,Faute filet,19,18.38,player,smash,8,5,0,0
2026-05-04T23:51:25,Club,singles,opponent,serve_lob,player,Faute dehors,3,4.44,opponent,lob,8,6,0,0
2026-05-04T23:51:33,Club,singles,player,serve_short,opponent,Faute dehors,7,6.62,player,smash,9,6,0,0
2026-05-04T23:51:39,Club,singles,opponent,serve_short,opponent,Faute filet,6,4.67,player,drop,9,7,0,0
2026-05-04T23:51:46,Club,singles,opponent,serve_short,opponent,Point,7,6.37,opponent,smash,9,8,0,0
2026-05-04T23:51:54,Club,singles,opponent,serve_drive,player,Faute dehors,5,6.23,opponent,smash,9,9,0,0
2026-05-04T23:51:57,Club,singles,player,serve_lob,player,Faute dehors,2,2.89,opponent,smash,10,9,0,0
2026-05-04T23:52:01,Club,singles,player,serve_lob,opponent,Point,2,2.89,opponent,smash,11,9,0,0
2026-05-04T23:52:06,Club,singles,opponent,serve_drive,opponent,Point,3,3.29,opponent,smash,11,10,0,0
2026-05-04T23:52:11,Club,singles,opponent,serve_lob,opponent,Point,3,3.58,opponent,smash,11,11,0,0
2026-05-04T23:52:15,Club,singles,opponent,serve_lob,opponent,Faute dehors,2,3.63,player,lob,11,12,0,0
2026-05-04T23:52:23,Club,singles,opponent,serve_short,opponent,Faute dehors,6,6.26,player,drop,11,13,0,0
2026-05-04T23:52:29,Club,singles,opponent,serve_short,opponent,Point,5,5.33,opponent,smash,11,14,0,0
2026-05-04T23:52:36,Club,singles,opponent,serve_short,player,Point,6,5.73,player,drop,11,15,0,0
2026-05-04T23:52:39,Club,singles,player,serve_short,player,Faute filet,2,1.20,opponent,drop,12,15,0,0
2026-05-04T23:52:40,Club,singles,player,serve_short,opponent,Faute service,1,0.62,player,serve_short,13,15,0,0
2026-05-04T23:53:13,Club,singles,player,serve_lob,opponent,Point,8,9.96,opponent,smash,0,0,0,0
2026-05-04T23:53:17,Club,singles,opponent,serve_short,player,Point,2,2.36,player,drop,0,1,0,0
2026-05-04T23:53:41,Club,singles,player,serve_short,player,Faute dehors,22,22.94,opponent,drop,1,1,0,0
2026-05-04T23:53:46,Club,singles,player,serve_short,opponent,Faute dehors,5,4.44,player,smash,2,1,0,0
2026-05-04T23:53:53,Club,singles,opponent,serve_lob,player,Faute dehors,5,5.49,opponent,smash,2,2,0,0
2026-05-04T23:54:04,Club,singles,player,serve_short,player,Faute filet,12,10.47,opponent,smash,3,2,0,0
2026-05-04T23:54:09,Club,singles,player,serve_short,opponent,Faute dehors,3,3.31,player,smash,4,2,0,0
2026-05-04T23:54:10,Club,singles,opponent,serve_drive,player,Faute service,1,0.53,opponent,serve_drive,4,3,0,0
2026-05-04T23:54:16,Club,singles,player,serve_short,player,Faute dehors,4,4.81,opponent,lob,5,3,0,0
2026-05-04T23:54:19,Club,singles,player,serve_drive,opponent,Faute filet,3,2.05,player,drop,6,3,0,0
2026-05-04T23:54:25,Club,singles,opponent,serve_lob,player,Faute dehors,3,4.46,opponent,lob,6,4,0,0
2026-05-04T23:54:36,Club,singles,player,serve_lob,player,Faute filet,10,10.42,opponent,smash,7,4,0,0
2026-05-04T23:54:55,Club,singles,player,serve_drive,player,Faute filet,14,12.33,opponent,smash,0,0,0,0
2026-05-04T23:55:00,Club,singles,player,serve_short,player,Faute dehors,4,4.31,opponent,drop,1,0,0,0
2026-05-04T23:55:10,Club,singles,player,serve_lob,opponent,Faute dehors,7,8.39,player,smash,2,0,0,0
2026-05-04T23:55:20,Club,singles,opponent,serve_short,player,Faute dehors,9,9.05,opponent,smash,2,1,0,0
2026-05-04T23:55:26,Club,singles,player,serve_short,opponent,Faute dehors,5,5.44,player,drop,3,1,0,0
2026-05-04T23:55:42,Club,singles,opponent,serve_short,opponent,Faute filet,16,14.57,player,smash,3,2,0,0
2026-05-04T23:55:58,Club,singles,opponent,serve_drive,player,Point,14,14.46,player,smash,3,3,0,0
2026-05-04T23:56:20,Club,singles,player,serve_short,opponent,Faute dehors,7,7.31,player,smash,0,0,0,0
2026-05-04T23:56:26,Club,singles,opponent,serve_lob,opponent,Faute dehors,4,4.66,player,smash,0,1,0,0
2026-05-04T23:56:34,Club,singles,opponent,serve_lob,player,Faute filet,7,6.62,opponent,smash,0,2,0,0
2026-05-04T23:56:42,Club,singles,player,serve_short,opponent,Faute dehors,7,7.08,player,smash,1,2,0,0
2026-05-04T23:56:44,Club,singles,opponent,serve_short,player,Faute service,1,0.62,opponent,serve_short,1,3,0,0
2026-05-04T23:56:58,Club,singles,player,serve_drive,opponent,Faute dehors,13,13.53,player,smash,2,3,0,0
2026-05-04T23:57:17,Club,singles,opponent,serve_lob,opponent,Faute dehors,16,17.38,player,smash,2,4,0,0
2026-05-04T23:57:24,Club,singles,opponent,serve_short,opponent,Faute filet,8,6.28,player,lob,2,5,0,0
2026-05-04T23:57:27,Club,singles,opponent,serve_short,opponent,Faute filet,2,1.19,player,drive,2,6,0,0
2026-05-04T23:57:34,Club,singles,opponent,serve_short,player,Faute filet,7,5.80,opponent,smash,2,7,0,0
2026-05-04T23:57:56,Club,singles,player,serve_lob,player,Faute dehors,20,21.57,opponent,drop,3,7,0,0
2026-05-04T23:58:05,Club,singles,player,serve_drive,opponent,Faute dehors,9,7.58,player,drop,4,7,0,0
2026-05-04T23:58:08,Club,singles,opponent,serve_short,opponent,Faute dehors,2,2.17,player,drive,4,8,0,0
2026-05-04T23:58:18,Club,singles,opponent,serve_short,opponent,Faute filet,8,8.33,player,drop,4,9,0,0
2026-05-04T23:58:24,Club,singles,opponent,serve_short,player,Point,6,5.21,player,smash,4,10,0,0
2026-05-04T23:58:29,Club,singles,player,serve_short,player,Faute dehors,4,4.24,opponent,drop,5,10,0,0
2026-05-04T23:58:43,Club,singles,player,serve_lob,opponent,Point,12,12.89,opponent,smash,6,10,0,0
2026-05-04T23:58:46,Club,singles,opponent,serve_short,opponent,Faute dehors,2,2.12,player,drive,6,11,0,0
2026-05-04T23:58:55,Club,singles,opponent,serve_lob,player,Faute filet,7,7.29,opponent,smash,6,12,0,0
2026-05-04T23:59:04,Club,singles,player,serve_short,player,Point,9,7.64,player,smash,7,12,0,0
2026-05-04T23:59:10,Club,singles,player,serve_short,opponent,Faute dehors,5,4.98,player,smash,8,12,0,0
2026-05-04T23:59:11,Club,singles,opponent,serve_short,player,Faute service,1,0.46,opponent,serve_short,8,13,0,0
2026-05-04T23:59:16,Club,singles,player,serve_drive,player,Faute filet,4,3.64,opponent,drop,9,13,0,0
2026-05-04T23:59:23,Club,singles,player,serve_short,player,Faute filet,6,5.68,opponent,drop,10,13,0,0
2026-05-04T23:59:38,Club,singles,player,serve_lob,opponent,Faute filet,15,14.64,player,smash,11,13,0,0
2026-05-04T23:59:43,Club,singles,opponent,serve_lob,player,Faute dehors,3,3.63,opponent,smash,11,14,0,0
2026-05-04T23:59:48,Club,singles,player,serve_short,opponent,Point,4,4.26,opponent,smash,12,14,0,0
2026-05-04T23:59:56,Club,singles,opponent,serve_short,player,Faute filet,7,5.90,opponent,drop,12,15,0,0
2026-05-05T00:00:12,Club,singles,player,serve_short,player,Faute dehors,16,15.07,opponent,smash,13,15,0,0
2026-05-05T00:00:29,Club,singles,player,serve_short,player,Faute dehors,14,13.52,opponent,lob,0,0,0,0
2026-05-05T00:00:36,Club,singles,player,serve_short,player,Faute dehors,6,5.99,opponent,drop,1,0,0,0
2026-05-05T00:00:44,Club,singles,player,serve_short,opponent,Faute dehors,7,6.49,player,smash,2,0,0,0
2026-05-05T00:00:51,Club,singles,opponent,serve_lob,player,Point,4,5.78,player,drop,2,1,0,0
2026-05-05T00:00:57,Club,singles,player,serve_short,player,Faute dehors,6,5.17,opponent,smash,3,1,0,0
2026-05-05T00:01:35,Club,singles,player,serve_drive,opponent,Faute dehors,7,37.02,player,drop,4,1,0,0
2026-05-05T00:01:41,Club,singles,opponent,serve_short,player,Faute dehors,5,4.76,opponent,smash,4,2,0,0
2026-05-05T00:01:51,Club,singles,player,serve_lob,player,Point,7,8.80,player,smash,5,2,0,0
2026-05-05T00:01:59,Club,singles,player,serve_drive,opponent,Point,6,6.39,opponent,smash,6,2,0,0
2026-05-05T00:02:05,Club,singles,opponent,serve_short,opponent,Point,5,5.62,opponent,smash,6,3,0,0
2026-05-05T00:02:11,Club,singles,opponent,serve_short,opponent,Faute dehors,4,4.48,player,drop,6,4,0,0
2026-05-05T00:02:18,Club,singles,opponent,serve_lob,player,Faute filet,7,5.81,opponent,drop,6,5,0,0
2026-05-05T00:02:30,Club,singles,player,serve_short,opponent,Faute filet,11,11.42,player,smash,7,5,0,0
2026-05-05T00:02:49,Club,singles,opponent,serve_lob,opponent,Point,15,16.84,opponent,smash,7,6,0,0
2026-05-05T00:02:55,Club,singles,opponent,serve_short,player,Faute filet,7,5.69,opponent,smash,7,7,0,0
2026-05-05T00:03:16,Club,singles,player,serve_drive,player,Faute dehors,18,19.18,opponent,smash,8,7,0,0
2026-05-05T00:03:23,Club,singles,player,serve_drive,opponent,Faute filet,7,6.33,player,drop,9,7,0,0
2026-05-05T00:03:29,Club,singles,opponent,serve_short,opponent,Faute dehors,4,4.51,player,drop,9,8,0,0
2026-05-05T00:03:38,Club,singles,opponent,serve_drive,player,Faute dehors,7,8.05,opponent,lob,9,9,0,0
2026-05-05T00:03:46,Club,singles,player,serve_short,opponent,Point,6,6.71,opponent,smash,10,9,0,0
2026-05-05T00:03:49,Club,singles,opponent,serve_drive,player,Faute filet,3,2.61,opponent,drop,10,10,0,0
2026-05-05T00:03:56,Club,singles,player,serve_short,opponent,Faute dehors,5,5.11,player,smash,11,10,0,0
2026-05-05T00:04:07,Club,singles,opponent,serve_short,opponent,Point,9,9.87,opponent,smash,11,11,0,0
2026-05-05T00:04:13,Club,singles,opponent,serve_lob,opponent,Faute filet,6,5.21,player,lob,11,12,0,0
2026-05-05T00:04:20,Club,singles,opponent,serve_drive,opponent,Point,5,5.29,opponent,smash,11,13,0,0
2026-05-05T00:04:38,Club,singles,opponent,serve_lob,player,Faute filet,17,16.86,opponent,smash,11,14,0,0
2026-05-05T00:04:42,Club,singles,player,serve_lob,opponent,Point,2,2.99,opponent,smash,12,14,0,0
2026-05-05T00:04:46,Club,singles,opponent,serve_short,opponent,Faute dehors,2,2.77,player,lob,12,15,0,0
2026-05-05T00:04:49,Club,singles,opponent,serve_short,player,Faute filet,3,2.39,opponent,drop,12,16,0,0
2026-05-05T00:04:58,Club,singles,player,serve_lob,player,Point,7,8.20,player,smash,13,16,0,0
2026-05-05T00:05:02,Club,singles,player,serve_short,player,Faute dehors,2,2.12,opponent,drive,14,16,0,0
2026-05-05T00:05:07,Club,singles,player,serve_drive,player,Point,5,4.74,player,drop,15,16,0,0
2026-05-05T00:05:16,Club,singles,player,serve_drive,opponent,Faute dehors,7,7.52,player,smash,16,16,0,0
2026-05-05T00:05:21,Club,singles,opponent,serve_short,player,Faute filet,5,4.14,opponent,drop,16,17,0,0
2026-05-05T00:05:31,Club,singles,player,serve_short,player,Faute filet,10,9.00,opponent,drop,17,17,0,0
2026-05-05T00:05:35,Club,singles,player,serve_lob,opponent,Point,2,2.88,opponent,smash,18,17,0,0
2026-05-05T00:05:45,Club,singles,opponent,serve_lob,opponent,Faute filet,8,8.30,player,drop,18,18,0,0
2026-05-05T00:05:47,Club,singles,opponent,serve_short,opponent,Faute filet,2,1.19,player,drive,18,19,0,0
2026-05-05T00:05:52,Club,singles,opponent,serve_lob,player,Faute dehors,3,3.77,opponent,drop,18,20,0,0
2026-05-05T00:05:57,Club,singles,player,serve_short,player,Faute dehors,4,4.17,opponent,lob,19,20,0,0
2026-05-05T00:06:15,Club,singles,player,serve_short,opponent,Faute dehors,17,17.22,player,drop,20,20,0,0
2026-05-05T00:06:20,Club,singles,opponent,serve_lob,player,Faute dehors,3,3.52,opponent,smash,20,21,0,0
2026-05-05T00:06:27,Club,singles,player,serve_short,opponent,Point,8,6.41,opponent,smash,21,21,0,0
2026-05-05T00:06:32,Club,singles,opponent,serve_short,player,Faute dehors,3,3.16,opponent,drop,21,22,0,0
2026-05-05T00:06:34,Club,singles,player,serve_short,player,Faute filet,2,1.29,opponent,drop,22,22,0,0
2026-05-05T00:06:38,Club,singles,player,serve_lob,opponent,Point,2,2.86,opponent,smash,23,22,0,0
2026-05-05T00:06:42,Club,singles,opponent,serve_drive,player,Faute filet,3,2.37,opponent,smash,23,23,0,0
2026-05-05T00:06:44,Club,singles,player,serve_short,player,Faute filet,2,1.30,opponent,drop,24,23,0,0
2026-05-05T00:07:14,Club,singles,player,serve_lob,opponent,Faute dehors,7,7.77,player,smash,0,0,0,0
2026-05-05T00:07:19,Club,singles,opponent,serve_drive,player,Faute filet,5,3.26,opponent,smash,0,1,0,0
2026-05-05T00:07:25,Club,singles,player,serve_lob,player,Faute dehors,4,5.10,opponent,smash,1,1,0,0
2026-05-05T00:07:29,Club,singles,player,serve_short,player,Point,3,3.45,player,smash,2,1,0,0
2026-05-05T00:07:33,Club,singles,player,serve_short,opponent,Point,4,3.12,opponent,smash,3,1,0,0
2026-05-05T00:07:39,Club,singles,opponent,serve_short,player,Point,6,5.06,player,smash,3,2,0,0
2026-05-05T00:07:41,Club,singles,player,serve_short,opponent,Faute service,1,0.47,player,serve_short,4,2,0,0
2026-05-05T00:07:51,Club,singles,opponent,serve_short,opponent,Faute dehors,8,8.40,player,lob,4,3,0,0
2026-05-05T00:07:58,Club,singles,opponent,serve_short,player,Faute dehors,5,6.28,opponent,smash,4,4,0,0
2026-05-05T00:08:06,Club,singles,player,serve_lob,player,Faute dehors,6,7.39,opponent,smash,5,4,0,0
2026-05-05T00:08:10,Club,singles,player,serve_lob,player,Faute dehors,2,2.82,opponent,smash,6,4,0,0
2026-05-05T00:08:14,Club,singles,player,serve_lob,player,Faute dehors,2,2.89,opponent,smash,7,4,0,0
2026-05-05T00:08:19,Club,singles,player,serve_drive,opponent,Faute dehors,3,3.51,player,lob,8,4,0,0
2026-05-05T00:08:32,Club,singles,opponent,serve_short,player,Faute dehors,13,12.06,opponent,smash,8,5,0,0
2026-05-05T00:08:41,Club,singles,player,serve_lob,player,Faute filet,8,7.72,opponent,smash,9,5,0,0
2026-05-05T00:08:45,Club,singles,player,serve_lob,player,Faute filet,4,3.56,opponent,drop,10,5,0,0
2026-05-05T00:08:50,Club,singles,player,serve_short,opponent,Faute filet,5,4.22,player,smash,11,5,0,0
2026-05-05T00:09:00,Club,singles,opponent,serve_lob,opponent,Faute dehors,8,8.67,player,smash,11,6,0,0
2026-05-05T00:09:11,Club,singles,opponent,serve_short,opponent,Faute dehors,10,9.73,player,smash,11,7,0,0
2026-05-05T00:09:21,Club,singles,opponent,serve_lob,player,Faute filet,9,8.79,opponent,smash,11,8,0,0
2026-05-05T00:09:47,Club,singles,player,serve_lob,player,Point,3,3.75,player,smash,0,0,0,0
2026-05-05T00:09:57,Club,singles,player,serve_drive,player,Point,9,8.51,player,lob,1,0,0,0
2026-05-05T00:10:22,Club,singles,player,serve_short,player,Faute dehors,26,24.76,opponent,smash,2,0,0,0
2026-05-05T00:10:39,Club,singles,player,serve_drive,opponent,Faute dehors,15,15.10,player,smash,3,0,0,0
2026-05-05T00:10:44,Club,singles,opponent,serve_drive,player,Point,4,4.21,player,drop,3,1,0,0
2026-05-05T00:10:49,Club,singles,player,serve_lob,player,Point,3,3.81,player,smash,4,1,0,0
2026-05-05T07:44:14,Club,singles,player,serve_short,opponent,Point,12,11.97,opponent,smash,0,0,0,0
2026-05-05T07:44:17,Club,singles,opponent,serve_short,player,Point,2,2.24,player,drop,0,1,0,0
2026-05-05T07:44:22,Club,singles,player,serve_lob,opponent,Faute filet,5,4.26,player,smash,1,1,0,0
2026-05-05T07:44:28,Club,singles,opponent,serve_lob,player,Faute filet,5,4.69,opponent,lob,1,2,0,0
2026-05-05T07:44:32,Club,singles,player,serve_lob,player,Faute filet,2,2.26,opponent,drop,2,2,0,0
2026-05-05T07:44:37,Club,singles,player,serve_drive,player,Faute dehors,4,4.28,opponent,lob,3,2,0,0
2026-05-05T07:45:46,Club,singles,player,serve_short,opponent,Faute filet,9,68.27,player,smash,4,2,0,0
2026-05-05T07:45:48,Club,singles,opponent,serve_short,player,Faute service,1,0.62,opponent,serve_short,4,3,0,0
2026-05-05T07:46:02,Club,singles,player,serve_lob,player,Faute dehors,10,12.70,opponent,drop,5,3,0,0
2026-05-05T07:46:27,Club,singles,player,serve_lob,opponent,Faute filet,23,24.19,player,smash,6,3,0,0
2026-05-05T07:46:30,Club,singles,opponent,serve_lob,opponent,Faute filet,2,2.19,player,smash,6,4,0,0
2026-05-05T07:46:45,Club,singles,opponent,serve_lob,player,Faute filet,15,13.98,opponent,drop,6,5,0,0
2026-05-05T07:46:50,Club,singles,player,serve_drive,opponent,Faute dehors,3,3.44,player,drop,7,5,0,0
2026-05-05T07:47:06,Club,singles,opponent,serve_drive,opponent,Faute dehors,8,15.19,player,smash,7,6,0,0
2026-05-05T07:47:13,Club,singles,opponent,serve_short,player,Faute dehors,5,5.78,opponent,smash,7,7,0,0
